key,engine,markets,ev,w_shift,cote_max_but,max_per_game,val_n,val_per_game,val_profit,val_profit_season,val_roi,val_profit_ci_lo,val_profit_ci_hi,val_max_dd,val_night_std,val_worst_night,val_sharpe_night,val_ev_pin,ctl_n,ctl_per_game,ctl_profit,ctl_profit_season,ctl_roi,ctl_profit_ci_lo,ctl_profit_ci_hi,ctl_max_dd,ctl_night_std,ctl_worst_night,ctl_sharpe_night,ctl_ev_pin
p1b_ens|but+ast|ev0.04|w-0.15|cmax8|g0,p1b_ens,but+ast,0.04,-0.15,8.0,0,646,0.5948434622467772,95.07472500000002,106.95906562500002,0.20079139387539602,37.93946150000002,154.9690755,9.720100000000002,2.56861832118125,-4.75445,0.27017485983334694,0.0009295222367264412,323,0.5578583765112263,-5.0550899999999945,-10.580420930232547,-0.026466439790575887,-41.110585625,30.372187250000003,26.279525,2.1291129800435105,-5.5,-0.031656939125241944,0.03744458471919464
p1b_ens|but+ast|ev0.04|w-0.15|cmax8|g1,p1b_ens,but+ast,0.04,-0.15,8.0,1,418,0.3848987108655617,82.97061500000001,93.341941875,0.26423762738853507,32.108749500000016,131.94296475000002,8.562809999999999,2.196798405651542,-4.7213,0.2756852542542149,0.00662427874756557,235,0.4058721934369603,5.096060000000007,10.66617209302327,0.03563678321678326,-26.048064374999996,36.553000374999954,16.346474999999995,1.854012670187867,-4.0,0.03664886856451829,0.04415135189920424
p1b_ens|but+ast|ev0.04|w-0.15|cmax15|g0,p1b_ens,but+ast,0.04,-0.15,15.0,0,685,0.6307550644567219,101.04247500000002,113.67278437500003,0.20495431034482764,40.89781662500001,164.36393725000002,10.720100000000002,2.7282697788119967,-4.75445,0.2683722311892903,0.0009295222367264412,363,0.6269430051813472,12.48341000000001,26.128067441860487,0.05888400943396231,-35.04837624999999,66.184167625,23.70603,3.0422747738184794,-6.0,0.05471085915679947,0.043197865429444565
p1b_ens|but+ast|ev0.04|w-0.15|cmax15|g1,p1b_ens,but+ast,0.04,-0.15,15.0,1,437,0.40239410681399634,88.04294000000002,99.04830750000002,0.27513418750000007,37.858203375000016,142.56682000000004,17.11801,2.3730667054964605,-4.7213,0.2688471914265502,0.007213637056346001,251,0.43350604490500866,19.518460000000008,40.85259069767444,0.12926132450331132,-20.74800599999999,74.14623949999998,15.796329999999998,2.8553833913505184,-4.0,0.09114227326588327,0.05206967546383882
p1b_ens|but+ast|ev0.04|w+0.00|cmax8|g0,p1b_ens,but+ast,0.04,0.0,8.0,0,1049,0.9659300184162063,118.03917500000001,132.79407187500001,0.14170369147659065,37.53204387500003,198.66562399999992,14.883579999999995,3.373207758044441,-7.929279999999999,0.23644022261635503,-0.03366873087352854,494,0.853195164075993,2.3189600000000112,4.853637209302349,0.007516888168557573,-39.945472874999986,46.44220862500002,26.159659999999995,2.446182186247954,-7.0,0.012153737598693754,-0.00520219149446781
p1b_ens|but+ast|ev0.04|w+0.00|cmax8|g1,p1b_ens,but+ast,0.04,0.0,8.0,1,586,0.5395948434622467,86.22838500000003,97.00693312500003,0.17384755040322586,20.92124225000003,149.59346187499995,17.34335,2.627688468143537,-6.3589,0.22172499900058454,-0.028901964336626323,320,0.5526770293609672,18.040165000000016,37.75848488372097,0.08652357314148688,-15.882820874999988,55.91682349999998,17.975779999999993,2.0788944926655937,-5.0,0.11125344142410537,0.00022795313177025953
p1b_ens|but+ast|ev0.04|w+0.00|cmax15|g0,p1b_ens,but+ast,0.04,0.0,15.0,0,1088,1.0018416206261511,124.00692500000002,139.50779062500004,0.1454626686217009,42.86909500000003,208.52398675,14.883579999999995,3.4615741265990776,-7.929279999999999,0.24205306537854854,-0.03366873087352854,534,0.9222797927461139,19.857460000000025,41.5621255813954,0.06026543247344469,-32.185559499999975,81.95228624999999,25.838219999999993,3.1886865846927845,-7.5,0.07983939899736138,-0.0016791577634573962
p1b_ens|but+ast|ev0.04|w+0.00|cmax15|g1,p1b_ens,but+ast,0.04,0.0,15.0,1,600,0.5524861878453039,96.25461000000003,108.28643625000004,0.19406171370967748,27.319719250000023,162.40866912499996,17.34335,2.7632208597578054,-6.3589,0.23536626983320155,-0.02861085114729948,334,0.5768566493955095,29.65341500000001,62.06528720930235,0.13856735981308416,-14.82799774999999,86.54117987499988,17.169480000000004,2.9300847576605866,-5.0,0.12974777817793265,0.0036444358422068534
p1b_ens|but+ast|ev0.04|w+0.15|cmax8|g0,p1b_ens,but+ast,0.04,0.15,8.0,0,1551,1.4281767955801106,128.93949000000003,145.05692625000003,0.09782965857359638,29.253195750000042,226.21685562500002,22.727665000000002,4.097544813296397,-8.1756,0.20433441334613456,-0.05763557111334708,778,1.3436960276338514,-10.06300999999998,-21.062113953488332,-0.019673528836754606,-68.57670762499998,51.789093875,41.42701499999999,3.2770658438602593,-6.94768,-0.03838422265322161,-0.03765130994707665
p1b_ens|but+ast|ev0.04|w+0.15|cmax8|g1,p1b_ens,but+ast,0.04,0.15,8.0,1,733,0.6749539594843462,103.68514000000002,116.64578250000002,0.1487591678622669,27.10584300000004,176.15488062499986,13.98362499999999,3.0965214419068494,-7.200849999999999,0.21743112150243074,-0.05252297415189569,414,0.7150259067357513,16.319140000000015,34.156339534883756,0.055983327615780495,-25.156857624999983,57.70977437500002,19.176825,2.390388796788392,-6.5,0.08533726826115906,-0.030044855701595083
p1b_ens|but+ast|ev0.04|w+0.15|cmax15|g0,p1b_ens,but+ast,0.04,0.15,15.0,0,1588,1.4622467771639043,134.25224000000003,151.03377000000003,0.10048820359281439,32.81710387500004,233.48659199999992,22.727665000000002,4.116492536663013,-8.1756,0.21177441339769343,-0.05761852195904568,818,1.4127806563039724,7.475490000000029,15.646374418604712,0.014038478873239491,-57.57140162499998,77.93484712499995,37.440834999999986,3.7552247609647336,-7.44768,0.024883630394467855,-0.03549951199673811
p1b_ens|but+ast|ev0.04|w+0.15|cmax15|g1,p1b_ens,but+ast,0.04,0.15,15.0,1,742,0.6832412523020258,110.95024000000004,124.81902000000005,0.16010135642135648,34.02736050000002,187.3590306249999,13.895199999999999,3.1676893134041184,-7.200849999999999,0.22743900446533213,-0.05248914366762758,424,0.7322970639032815,31.842030000000012,66.64610930232561,0.10849073253833054,-19.815636749999985,93.542555875,17.634325000000004,3.1869296299713143,-6.5,0.12489305419761744,-0.028006057486793492
p1b_ens|but+ast|ev0.06|w-0.15|cmax8|g0,p1b_ens,but+ast,0.06,-0.15,8.0,0,379,0.34898710865561694,84.03904500000002,94.54392562500001,0.2680671291866029,34.106278625000016,139.44166524999997,12.056099999999997,2.65304604825195,-3.5,0.28032244797329336,0.014384275235035658,198,0.34196891191709844,-1.2416599999999924,-2.598823255813938,-0.009854444444444384,-33.336311374999994,31.27535187500001,20.220519999999997,1.9746159210837488,-4.0,-0.00911320134291819,0.051407957253737244
p1b_ens|but+ast|ev0.06|w-0.15|cmax8|g1,p1b_ens,but+ast,0.06,-0.15,8.0,1,273,0.2513812154696133,74.73986500000001,84.08234812500001,0.32925050660792954,30.062167875000014,120.71075375,9.520600000000002,2.230100552074074,-3.0,0.29658516244845323,0.020418793043805568,163,0.2815198618307427,4.22024,8.83306046511628,0.04000227488151659,-24.131435374999995,32.6649105,16.120619999999995,1.756163369246757,-3.0,0.03482756765218167,0.05317427697836236
p1b_ens|but+ast|ev0.06|w-0.15|cmax15|g0,p1b_ens,but+ast,0.06,-0.15,15.0,0,418,0.3848987108655617,90.00679500000003,101.25764437500003,0.2702906756756758,35.07590012500002,148.59141824999992,12.325699999999998,2.73306558972504,-3.55,0.2699388618874386,0.014384275235035658,238,0.4110535405872193,16.29684000000001,34.10966511627909,0.11086285714285721,-26.851857374999994,69.128783625,16.85475,3.0481086448166654,-4.5,0.07637916725701327,0.061203231813587854
p1b_ens|but+ast|ev0.06|w-0.15|cmax15|g1,p1b_ens,but+ast,0.06,-0.15,15.0,1,296,0.27255985267034993,82.27369000000002,92.55790125000001,0.34861733050847465,33.20974737500001,132.64042325,11.591099999999994,2.3620171995573433,-3.0,0.285507873661167,0.021297645501618903,187,0.3229706390328152,18.846840000000007,39.446874418604665,0.1603986382978724,-20.295167874999997,69.55399524999999,13.777649999999998,2.8584275524497755,-3.0,0.09419184726155563,0.06548319055998207
p1b_ens|but+ast|ev0.06|w+0.00|cmax8|g0,p1b_ens,but+ast,0.06,0.0,8.0,0,642,0.5911602209944752,115.72225500000003,130.18753687500003,0.19287042500000007,50.74840437500003,185.977134125,14.862400000000001,3.1754630081148467,-4.3589,0.2740048114664337,-0.025527061058760597,287,0.49568221070811747,7.259810000000012,15.194951162790723,0.036390025062656706,-31.969141875000002,45.59237799999999,16.091009999999994,2.261683769849485,-6.0,0.04223570822008904,0.00915972015681925
p1b_ens|but+ast|ev0.06|w+0.00|cmax8|g1,p1b_ens,but+ast,0.06,0.0,8.0,1,417,0.3839779005524862,84.29685500000002,94.83396187500003,0.21047903870162302,26.789140750000016,144.242364875,16.05325,2.6942592610173413,-7.0,0.2352449703041198,-0.02392987415845148,212,0.36614853195164077,14.224500000000006,29.772209302325596,0.09327540983606561,-19.97185137499999,49.18634262499997,14.723749999999999,1.9728362987186039,-4.0,0.09487075729789526,0.013459900759565982
p1b_ens|but+ast|ev0.06|w+0.00|cmax15|g0,p1b_ens,but+ast,0.06,0.0,15.0,0,681,0.6270718232044199,121.69000500000004,136.90125562500003,0.1964326150121066,50.770593750000025,195.04941525000004,14.862400000000001,3.2581531942541315,-4.449999999999999,0.27462780145125987,-0.025527061058760597,327,0.5647668393782384,24.798310000000015,51.90343953488376,0.11246399092970528,-25.843645249999987,83.36979649999999,17.19705,3.1474701051140337,-6.5,0.1036685152629138,0.015425074722075027
p1b_ens|but+ast|ev0.06|w+0.00|cmax15|g1,p1b_ens,but+ast,0.06,0.0,15.0,1,435,0.4005524861878453,95.50373000000002,107.44169625000002,0.237276347826087,33.24687125000002,157.58676275000005,16.05325,2.87366040577449,-7.0,0.24436892661792034,-0.023094587246954245,232,0.4006908462867012,28.793700000000015,60.26588372093026,0.17884285714285725,-17.70341887499999,84.55558400000001,14.417450000000006,2.9483062031967413,-4.0,0.12850241717546898,0.021095989881597717
p1b_ens|but+ast|ev0.06|w+0.15|cmax8|g0,p1b_ens,but+ast,0.06,0.15,8.0,0,1095,1.0082872928176796,134.71777500000005,151.55749687500006,0.12751327496450549,45.48344312500002,225.62523487499996,19.398239999999994,3.947317722058453,-9.068919999999999,0.22905329760688792,-0.053343311650960554,517,0.8929188255613126,-5.894929999999988,-12.338225581395324,-0.01580410187667557,-60.56234974999998,47.98853825000001,33.480154999999996,3.0035818467464344,-6.1963,-0.02484346054010054,-0.030161784570740695
p1b_ens|but+ast|ev0.06|w+0.15|cmax8|g1,p1b_ens,but+ast,0.06,0.15,8.0,1,601,0.5534069981583793,104.69919000000002,117.78658875,0.16846209171359616,29.83339962500001,175.42710937499987,19.45539499999999,3.1320147708646644,-8.03835,0.22435370805189023,-0.05081216398354276,324,0.5595854922279793,12.465080000000011,26.08970232558142,0.05087787755102045,-30.73465524999999,54.67934774999992,16.889849999999996,2.3923080387901328,-5.0,0.06595547907141909,-0.023638377362989026
p1b_ens|but+ast|ev0.06|w+0.15|cmax15|g0,p1b_ens,but+ast,0.06,0.15,15.0,0,1134,1.0441988950276244,140.68552500000004,158.27121562500002,0.13074862918215618,47.021092500000016,233.83750974999992,19.398239999999994,3.9962824555724286,-9.068919999999999,0.2362691238317811,-0.053343311650960554,557,0.9620034542314335,11.643570000000011,24.370262790697694,0.02955220812182744,-47.34170937499997,74.70026075000003,28.627779999999994,3.4910141159847456,-6.6963,0.04221895332661574,-0.026910860210390866
p1b_ens|but+ast|ev0.06|w+0.15|cmax15|g1,p1b_ens,but+ast,0.06,0.15,15.0,1,614,0.565377532228361,112.73929000000001,126.83170125000001,0.1816910394842869,36.859121000000016,185.08068749999998,14.732700000000001,3.217312721252614,-8.03835,0.2351774899602411,-0.050717794985060266,341,0.5889464594127807,31.651280000000018,66.24686511627911,0.12635241516966075,-16.954251249999984,90.22873562499996,16.583549999999992,3.132885560038426,-5.5,0.12788501406962874,-0.02020844890891758
p1b_ens|but+ast|ev0.08|w-0.15|cmax8|g0,p1b_ens,but+ast,0.08,-0.15,8.0,0,215,0.19797421731123388,75.815515,85.292454375,0.3698317804878049,29.45075350000001,125.462886,11.607500000000002,2.7017106249034843,-4.0,0.3188868323796135,0.02153621407190224,122,0.21070811744386875,5.611690000000001,11.745397674418607,0.06680583333333334,-21.426025874999997,34.053113374999995,12.893999999999998,1.9693001302657684,-3.0,0.05088546355119385,0.06994061965428978
p1b_ens|but+ast|ev0.08|w-0.15|cmax8|g1,p1b_ens,but+ast,0.08,-0.15,8.0,1,176,0.16206261510128914,71.72101500000001,80.686141875,0.4359940121580548,30.22715937500001,114.96825975,7.020600000000002,2.3515076127054533,-3.0,0.3465910676568992,0.0242044486990991,104,0.17962003454231434,9.673490000000005,20.246839534883733,0.13342744827586214,-15.249605875,36.33907437499999,9.9426,1.7919393476404037,-2.5,0.09639885026499657,0.06884486426713199
p1b_ens|but+ast|ev0.08|w-0.15|cmax15|g0,p1b_ens,but+ast,0.08,-0.15,15.0,0,239,0.22007366482504603,81.19826500000002,91.34804812500002,0.3741855529953918,31.43968425000001,134.70399899999998,12.607500000000002,2.7075855470880787,-4.0,0.30292099019053237,0.02153621407190224,146,0.25215889464594127,26.838190000000004,56.1729558139535,0.27668237113402067,-14.376595249999994,79.59503724999999,13.333500000000004,3.209016407671313,-3.5,0.14175202569353101,0.08736750142389024
p1b_ens|but+ast|ev0.08|w-0.15|cmax15|g1,p1b_ens,but+ast,0.08,-0.15,15.0,1,193,0.17771639042357273,80.19316500000001,90.21731062500001,0.47034114369501473,36.174307375000005,128.666086375,9.267000000000003,2.377275908643922,-3.0,0.3407395695012277,0.025093408189663442,120,0.20725388601036268,27.356840000000012,57.25850232558142,0.3398365217391306,-11.463046499999997,78.01128599999996,10.24825,3.030354477086289,-2.5,0.15301023617643433,0.09060231198699142
p1b_ens|but+ast|ev0.08|w+0.00|cmax8|g0,p1b_ens,but+ast,0.08,0.0,8.0,0,396,0.36464088397790057,97.19058500000003,109.33940812500002,0.23223556750298693,35.25203337500001,167.337469875,17.118600000000015,3.109130107286475,-3.5,0.26049779639924237,-0.023303044645358567,181,0.3126079447322971,4.405345000000004,9.220489534883729,0.031693129496402905,-30.295301999999992,37.151665625,15.950369999999996,2.1730821241721765,-4.5,0.031188208539222564,0.02559140450718479
p1b_ens|but+ast|ev0.08|w+0.00|cmax8|g1,p1b_ens,but+ast,0.08,0.0,8.0,1,279,0.2569060773480663,71.61658500000001,80.56865812500001,0.23872195000000004,20.260343250000012,129.554442875,14.725000000000009,2.6288165237705226,-5.5,0.22702416452556393,-0.024139160451143556,141,0.24352331606217617,9.728945000000003,20.362908139534888,0.08571757709251104,-20.149337874999993,40.989906875,13.46157,1.978588863864395,-3.0,0.07564789211981295,0.028072391552386177
p1b_ens|but+ast|ev0.08|w+0.00|cmax15|g0,p1b_ens,but+ast,0.08,0.0,15.0,0,420,0.3867403314917127,102.57333500000001,115.39500187500002,0.23826558652729388,36.51684737500001,171.9813302499998,14.03710000000001,3.173798141189323,-4.0,0.2606354524507187,-0.023303044645358567,205,0.3540587219343696,25.631845000000006,53.64804767441862,0.16863055921052636,-21.469422249999997,79.24229874999999,15.219599999999996,3.1971250673210414,-5.0,0.12334083547551113,0.035990880496361524
p1b_ens|but+ast|ev0.08|w+0.00|cmax15|g1,p1b_ens,but+ast,0.08,0.0,15.0,1,293,0.26979742173112337,82.63343500000002,92.96261437500002,0.2736206456953643,24.14026562500001,144.2574034999999,13.858899999999998,2.757255586607984,-5.5,0.2416891174657668,-0.023729080865718153,155,0.26770293609671847,27.106645000000007,56.73483837209304,0.22588870833333338,-16.910730624999992,78.01163174999999,11.996099999999991,3.0754661577807343,-3.0,0.13559743020981072,0.04058390816360714
p1b_ens|but+ast|ev0.08|w+0.15|cmax8|g0,p1b_ens,but+ast,0.08,0.15,8.0,0,697,0.641804788213628,127.85707500000004,143.83920937500005,0.16391932692307698,41.31141650000002,214.98645049999982,18.468474999999984,3.840804676368444,-4.6735,0.24298640514318012,-0.05011505186632651,308,0.531951640759931,25.51578000000001,53.40512093023258,0.1037226829268293,-19.182744874999987,69.41103549999998,13.764034999999996,2.58967943286839,-5.5,0.12964305276833218,-0.019221870862174507
p1b_ens|but+ast|ev0.08|w+0.15|cmax8|g1,p1b_ens,but+ast,0.08,0.15,8.0,1,436,0.4014732965009208,102.80821500000002,115.65924187500002,0.20277754437869827,34.89368175000002,170.81658824999997,16.476524999999995,2.9545538929512363,-7.0,0.25398924988222743,-0.04738392909360062,224,0.38687392055267705,28.698665000000013,60.066973255813984,0.15811936639118465,-7.522757249999992,66.81604349999994,10.261199999999999,2.1315301242092137,-3.0,0.17715631079714983,-0.016414652307157798
p1b_ens|but+ast|ev0.08|w+0.15|cmax15|g0,p1b_ens,but+ast,0.08,0.15,15.0,0,721,0.6639042357274402,133.23982500000002,149.894803125,0.1682321022727273,45.81915850000003,221.91035700000003,15.116499999999988,3.8855081731902286,-4.6735,0.24670129346280528,-0.05011505186632651,332,0.5734024179620034,46.742280000000015,97.83267906976748,0.1804721235521236,-8.399262874999982,109.45068487500001,14.511180000000003,3.3225901331096095,-6.0,0.1851055879180602,-0.013601122121147906
p1b_ens|but+ast|ev0.08|w+0.15|cmax15|g1,p1b_ens,but+ast,0.08,0.15,15.0,1,448,0.4125230202578269,109.98646500000001,123.73477312500002,0.2173645553359684,42.32735962500001,179.39984562499998,10.153120000000001,3.055861664360409,-7.0,0.2589349974844864,-0.04732666672247896,236,0.4075993091537133,46.68986500000001,97.72297325581397,0.251697385444744,1.8713568750000151,101.908040375,9.659350000000003,2.989703432853426,-3.0,0.20548537430049751,-0.010532844070491924
p1b_ens|but+ast|ev0.10|w-0.15|cmax8|g0,p1b_ens,but+ast,0.1,-0.15,8.0,0,125,0.1151012891344383,56.87754500000001,63.98723812500001,0.4426268093385215,15.987654500000001,101.472540625,10.630200000000002,2.7464516128594845,-4.0,0.3045509636425959,0.023591589460073836,67,0.1157167530224525,2.2603250000000035,4.730912790697682,0.046604639175257805,-19.5359025,26.043067500000003,12.127749999999999,1.8303347879029026,-2.0,0.02940296073726643,0.0794824820105729
p1b_ens|but+ast|ev0.10|w-0.15|cmax8|g1,p1b_ens,but+ast,0.1,-0.15,8.0,1,109,0.1003683241252302,52.474745000000006,59.034088125000004,0.46644217777777786,15.752363374999998,93.12347812499999,8.130200000000002,2.439497673923615,-3.5,0.31633046209444804,0.024608355040914874,64,0.11053540587219343,4.260325000000002,8.916959302325585,0.09161989247311832,-17.976663749999997,27.750731874999996,11.627749999999999,1.8491631972014313,-2.0,0.05485525002732356,0.07852884623551454
p1b_ens|but+ast|ev0.10|w-0.15|cmax15|g0,p1b_ens,but+ast,0.1,-0.15,15.0,0,144,0.13259668508287292,60.17879500000001,67.70114437500001,0.4360782246376812,17.015860125000003,105.45813124999997,11.130200000000002,2.649668330308157,-4.5,0.28749141544277157,0.023591589460073836,87,0.15025906735751296,25.486825000000007,53.34451744186048,0.4283500000000001,-11.429373749999995,72.37029187499992,12.127750000000006,3.397730547960549,-2.0,0.15959855105812293,0.11367847130280105
p1b_ens|but+ast|ev0.10|w-0.15|cmax15|g1,p1b_ens,but+ast,0.1,-0.15,15.0,1,123,0.1132596685082873,56.86539500000001,63.97356937500001,0.4819101271186441,19.007900500000005,98.44337500000002,11.524350000000002,2.3509034515355265,-3.5,0.30618659652403885,0.025608894840834145,79,0.13644214162348878,24.249325000000006,50.75440116279071,0.4490615740740742,-11.505334374999999,70.57695187499996,11.127750000000006,3.318755497230779,-2.0,0.15546281898045639,0.11710442614362018
p1b_ens|but+ast|ev0.10|w+0.00|cmax8|g0,p1b_ens,but+ast,0.1,0.0,8.0,0,229,0.21086556169429096,66.17240500000001,74.44395562500002,0.24372893186003688,12.956722125000017,121.02216675000001,16.8679,3.0494996574959137,-5.0,0.24110478013569994,-0.01844475339198891,97,0.16753022452504318,0.8749650000000044,1.831322093023265,0.010416250000000052,-27.946905875,30.505618,19.579749999999994,2.177154504495703,-3.0,0.00803769322014815,0.03165244512406763
p1b_ens|but+ast|ev0.10|w+0.00|cmax8|g1,p1b_ens,but+ast,0.1,0.0,8.0,1,176,0.16206261510128914,57.918005000000015,65.15775562500002,0.2791229156626507,10.024042375000011,107.40015924999996,9.39135,2.6327930472112167,-3.5,0.24442991809422743,-0.019841928066652945,84,0.14507772020725387,5.494165000000006,11.499415116279081,0.07277039735099346,-22.594950999999995,34.890066375,16.62775,2.1299524477777667,-2.5,0.05158955549202244,0.03332873294900042
p1b_ens|but+ast|ev0.10|w+0.00|cmax15|g0,p1b_ens,but+ast,0.1,0.0,15.0,0,248,0.2283609576427256,69.47365500000002,78.15786187500002,0.24723720640569402,16.512313375000016,129.94382524999997,18.268,2.995305858992134,-5.0,0.2366752780222961,-0.01844475339198891,117,0.20207253886010362,24.101465000000005,50.44492674418605,0.2536996315789474,-17.13258062499999,74.43503037500001,19.085250000000006,3.4048480881587824,-3.0,0.13108468112810323,0.052073087347558604
p1b_ens|but+ast|ev0.10|w+0.00|cmax15|g1,p1b_ens,but+ast,0.1,0.0,15.0,1,186,0.1712707182320442,66.35335500000001,74.64752437500002,0.3197752048192771,16.853127500000006,116.83370287499996,12.257249999999999,2.627870199108809,-3.5,0.25765163410659514,-0.018931118058067388,99,0.17098445595854922,21.871865000000007,45.77832209302327,0.2635164457831326,-17.847862625,71.07018312499999,16.085250000000006,3.325736114108874,-2.5,0.12178793600573014,0.0564225554986547
p1b_ens|but+ast|ev0.10|w+0.15|cmax8|g0,p1b_ens,but+ast,0.1,0.15,8.0,0,440,0.40515653775322286,97.19526500000002,109.34467312500003,0.17866776654411767,23.57479512500002,171.64840387499999,13.833750000000002,3.452674163328415,-4.4,0.22702193869995582,-0.0465048581428872,177,0.30569948186528495,0.9834300000000056,2.058341860465128,0.006014862385321135,-37.28552812499999,40.389901625000014,22.33082999999999,2.437908765581128,-4.5,0.005932217844462958,-0.0158298321493307
p1b_ens|but+ast|ev0.10|w+0.15|cmax8|g1,p1b_ens,but+ast,0.1,0.15,8.0,1,305,0.28084714548802947,83.92069500000001,94.41078187500001,0.21629045103092787,22.167748250000013,145.33826987499998,11.644999999999996,2.857723400007881,-5.0,0.23682480900188957,-0.04451515195915734,141,0.24352331606217617,13.591330000000003,28.446969767441868,0.104148122605364,-22.601016374999997,50.82898837499998,16.59095,2.2828814254045455,-4.5,0.08755272953547337,-0.010699269316757538
p1b_ens|but+ast|ev0.10|w+0.15|cmax15|g0,p1b_ens,but+ast,0.1,0.15,15.0,0,459,0.42265193370165743,100.49651500000003,113.05857937500005,0.18156551942186094,27.110207625000008,179.65217799999996,14.833750000000002,3.4702693899973327,-4.574999999999999,0.2280258541348837,-0.0465048581428872,197,0.34024179620034545,24.20993000000001,50.67194651162793,0.1387388538681949,-23.43387025,77.714972875,21.819750000000003,3.2816159348168994,-5.0,0.10691944386362653,-0.005913621055679986
p1b_ens|but+ast|ev0.10|w+0.15|cmax15|g1,p1b_ens,but+ast,0.1,0.15,15.0,1,314,0.289134438305709,90.36744500000002,101.66337562500001,0.23411255181347154,30.428204875000013,158.473695375,11.625,2.9159081405195733,-5.0,0.24402506894904485,-0.04469938568244117,154,0.2659758203799655,30.58253000000001,64.00994651162792,0.2257013284132842,-14.633750624999992,85.35344350000001,16.590950000000007,3.1888567100107386,-4.5,0.13899184340028742,-0.00045422921805168137
p1b_ens|but|ev0.04|w-0.15|cmax8|g0,p1b_ens,but,0.04,-0.15,8.0,0,399,0.3674033149171271,24.534725000000016,27.601565625000017,0.0993308704453442,-17.49732374999999,70.61184362500002,22.611399999999996,2.1625976187271667,-4.5,0.10039845521737964,0.03898464661162623,295,0.5094991364421416,1.5824100000000065,3.312020930232572,0.009253859649122845,-33.21208762499999,37.478962,23.777374999999992,2.1255937700552225,-5.5,0.010198020722701616,0.05130383662879746
p1b_ens|but|ev0.04|w-0.15|cmax8|g1,p1b_ens,but,0.04,-0.15,8.0,1,285,0.26243093922651933,15.719295000000008,17.684206875000008,0.08831064606741577,-20.46089474999999,52.396167625,24.32638,1.8432318849880853,-4.0,0.07547005151260926,0.04476760404230089,224,0.38687392055267705,6.583560000000006,13.779544186046525,0.04968724528301891,-23.859915874999995,40.034737875000005,15.258974999999992,1.8754610651940498,-4.0,0.04808724377081447,0.05525323145749541
p1b_ens|but|ev0.04|w-0.15|cmax15|g0,p1b_ens,but,0.04,-0.15,15.0,0,438,0.40331491712707185,30.50247500000001,34.31528437500001,0.11445581613508447,-14.580726624999985,78.8800126249999,26.012679999999996,2.2609214746795048,-5.0,0.10968430544947151,0.03898464661162623,335,0.5785837651122625,19.12091000000001,40.0205093023256,0.09958807291666671,-27.785853999999993,72.659911875,23.20603,3.066719833018852,-6.0,0.08541056511013627,0.05771735324925992
p1b_ens|but|ev0.04|w-0.15|cmax15|g1,p1b_ens,but,0.04,-0.15,15.0,1,311,0.2863720073664825,16.98012000000001,19.102635000000014,0.08960485488126654,-22.801478749999987,60.870532999999995,33.38158,1.9788161196575957,-4.5,0.06976381217343658,0.045551543574358755,240,0.41450777202072536,21.00596000000001,43.965962790697695,0.1495086120996442,-21.157322249999996,72.48728537499989,14.59253,2.882853545423416,-4.0,0.09981529487307532,0.06507609913827127
p1b_ens|but|ev0.04|w+0.00|cmax8|g0,p1b_ens,but,0.04,0.0,8.0,0,553,0.509208103130755,28.235875000000025,31.765359375000024,0.07600504710632577,-27.857428999999982,83.955564375,25.843979999999995,2.507525719262714,-7.0,0.0866188676722333,0.0104256748039301,414,0.7150259067357513,11.908960000000011,24.925730232558166,0.04860800000000005,-27.62887362499999,49.64488412499996,18.780719999999995,2.3632429276532747,-7.0,0.06809790479377385,0.014857299463851241
p1b_ens|but|ev0.04|w+0.00|cmax8|g1,p1b_ens,but,0.04,0.0,8.0,1,375,0.3453038674033149,22.776655000000016,25.62373687500002,0.09002630434782614,-27.416186999999987,74.38608925000001,28.581319999999995,2.3115505347618823,-4.0,0.0757954610235622,0.012929287401631158,290,0.5008635578583766,26.07506500000001,54.57571744186048,0.14773407932011337,-8.768306249999991,62.41352262499999,14.97578,2.144554603990066,-5.0,0.16430719114712533,0.018340497360522186
p1b_ens|but|ev0.04|w+0.00|cmax15|g0,p1b_ens,but,0.04,0.0,15.0,0,592,0.5451197053406999,34.20362500000002,38.479078125000015,0.08747730179028138,-19.741108249999975,98.27517825,27.34398,2.605204180013649,-7.5,0.09797732354109912,0.0104256748039301,454,0.7841105354058722,29.447460000000014,61.634218604651196,0.11070473684210531,-22.722614249999985,86.66810912500003,21.47856999999999,3.1931778048393578,-7.5,0.12462151279066293,0.019145781170073685
p1b_ens|but|ev0.04|w+0.00|cmax15|g1,p1b_ens,but,0.04,0.0,15.0,1,397,0.36556169429097607,27.591380000000015,31.040302500000017,0.10571409961685829,-21.64387487499998,85.18828987500004,31.947219999999994,2.3971271229985094,-4.0,0.08589691340105476,0.012823579801330452,305,0.5267702936096719,37.18831500000001,77.83600813953491,0.20377158904109594,-8.83067862499999,92.90318799999999,14.475780000000007,3.003569566630455,-5.0,0.1673158507399167,0.02327504529678114
p1b_ens|but|ev0.04|w+0.15|cmax8|g0,p1b_ens,but,0.04,0.15,8.0,0,795,0.7320441988950276,37.49637000000004,42.18341625000004,0.06805148820326687,-28.215155374999966,104.34336775000001,32.94851999999998,2.93405042786673,-8.05133,0.09063637748074144,-0.021530273343016514,631,1.0898100172711571,2.829490000000016,5.922188372093056,0.0075352596537949824,-46.35617074999997,54.08290137500001,26.564514999999993,2.8813310888544352,-8.5,0.012589845353362553,-0.020806729703484503
p1b_ens|but|ev0.04|w+0.15|cmax8|g1,p1b_ens,but,0.04,0.15,8.0,1,482,0.4438305709023941,33.13340500000003,37.27508062500004,0.09480230329041497,-26.699713124999985,96.43266562499996,35.4681,2.728808030779756,-8.5,0.08611404147623922,-0.016962105467564926,376,0.6493955094991365,22.02896500000002,46.10713604651167,0.09394014925373143,-18.724712249999985,64.3275516249999,16.126825,2.3766302554165866,-5.5,0.1188332209275961,-0.014728115089506614
p1b_ens|but|ev0.04|w+0.15|cmax15|g0,p1b_ens,but,0.04,0.15,15.0,0,834,0.7679558011049724,43.464120000000044,48.89713500000005,0.07618601226993872,-25.15443062499996,111.591655,33.52024499999999,2.9804796478602387,-8.05133,0.10127033307654401,-0.021530273343016514,671,1.1588946459412781,20.367990000000017,42.63067674418608,0.051369457755359435,-34.452192249999975,79.51796775000003,26.913334999999996,3.3383025222669946,-9.0,0.07822181338608844,-0.018119207748752104
p1b_ens|but|ev0.04|w+0.15|cmax15|g1,p1b_ens,but,0.04,0.15,15.0,1,502,0.4622467771639042,36.90278000000003,41.515627500000036,0.10380528832630107,-27.245683249999978,100.95473612500005,38.833999999999996,2.75226174224619,-8.5,0.09311225804650683,-0.017526062941854426,387,0.6683937823834197,36.55185500000002,76.50388255813958,0.15390254736842113,-12.155770249999982,91.36782562500001,14.584325000000007,3.0236650253869266,-5.5,0.1549819578910065,-0.011708415199875874
p1b_ens|but|ev0.06|w-0.15|cmax8|g0,p1b_ens,but,0.06,-0.15,8.0,0,250,0.2302025782688766,23.50654500000001,26.444863125000012,0.13909198224852076,-14.057456749999991,62.629572,21.1004,2.0734888341019406,-4.5,0.12190012515624203,0.05252238891512398,183,0.3160621761658031,6.420840000000004,13.438967441860472,0.05682159292035401,-25.07211274999999,38.597879625,16.588350000000002,1.9522885558081593,-3.5,0.048365861371333786,0.0648378834930816
p1b_ens|but|ev0.06|w-0.15|cmax8|g1,p1b_ens,but,0.06,-0.15,8.0,1,194,0.17863720073664824,19.53334500000001,21.97501312500001,0.14968080459770122,-15.024778749999992,55.04248999999999,17.7967,1.8900597086872304,-3.5,0.11112663096120877,0.05717512112350924,155,0.26770293609671847,7.382740000000004,15.452246511627914,0.07611072164948457,-20.083285999999994,35.503554249999986,13.033119999999998,1.7515491552809999,-3.0,0.0619849608873439,0.06494707736902294
p1b_ens|but|ev0.06|w-0.15|cmax15|g0,p1b_ens,but,0.06,-0.15,15.0,0,289,0.26611418047882135,29.474295000000012,33.15858187500002,0.15636230769230774,-11.706270124999989,75.41303999999992,23.6004,2.130514224851614,-5.0,0.1280959008419184,0.05252238891512398,223,0.385146804835924,23.959340000000008,50.147455813953506,0.17880104477611947,-20.812337624999998,76.900373625,16.35475,3.051841664365765,-4.0,0.11377943215358977,0.07565223585566819
p1b_ens|but|ev0.06|w-0.15|cmax15|g1,p1b_ens,but,0.06,-0.15,15.0,1,221,0.20349907918968693,21.680670000000013,24.390753750000016,0.15161307692307702,-16.42454862499999,65.85496987499998,24.45775,1.9797127183905747,-4.0,0.10140205827825541,0.05896087186616431,179,0.30915371329879104,22.00934000000001,46.0660604651163,0.20192055045871568,-18.885501999999995,75.945742,12.24125,2.8715599202016127,-3.0,0.11108106774473657,0.07955598363744651
p1b_ens|but|ev0.06|w+0.00|cmax8|g0,p1b_ens,but,0.06,0.0,8.0,0,347,0.31952117863720075,33.70475500000001,37.91784937500002,0.12839906666666673,-15.852173499999981,82.06012362499996,23.958529999999996,2.440231268187108,-5.74348,0.1267166517415951,0.022081477655764396,249,0.43005181347150256,17.334810000000015,36.28216046511631,0.10733628482972146,-20.047064999999996,57.39888787499999,12.506599999999999,2.260656892808007,-4.5,0.10504165910377225,0.028101109579939332
p1b_ens|but|ev0.06|w+0.00|cmax8|g1,p1b_ens,but,0.06,0.0,8.0,1,252,0.23204419889502761,32.14361500000001,36.16156687500001,0.1700720370370371,-13.08665387499999,80.026513625,24.1013,2.367585460954732,-4.0,0.12455539845214231,0.02420662777681678,195,0.33678756476683935,21.288100000000007,44.556488372093035,0.16566614785992223,-11.601756999999992,57.76046025,11.223749999999999,2.0039105729256796,-4.0,0.14552436229398227,0.031982715507780604
p1b_ens|but|ev0.06|w+0.00|cmax15|g0,p1b_ens,but,0.06,0.0,15.0,0,386,0.35543278084714547,39.672505000000015,44.631568125000015,0.1406826418439717,-10.31556462499998,95.8611945,26.674100000000003,2.456450484484708,-5.74348,0.13347386573417477,0.022081477655764396,289,0.4991364421416235,34.87331000000002,72.99064883720933,0.1910866301369864,-15.013710374999993,92.31310987499992,15.006600000000006,3.196036974474738,-5.0,0.14947154214978306,0.03547886051096465
p1b_ens|but|ev0.06|w+0.00|cmax15|g1,p1b_ens,but,0.06,0.0,15.0,1,278,0.2559852670349908,36.763990000000014,41.35948875000001,0.1847436683417086,-12.574733374999989,92.88696525,27.813769999999998,2.4090476413343964,-4.0,0.12612229948714362,0.02360137810630036,216,0.37305699481865284,35.35730000000001,74.00365116279072,0.2571440000000001,-9.816701749999986,89.82306987499996,11.72375000000001,2.987130003525295,-4.0,0.16214445798169444,0.041406417900732705
p1b_ens|but|ev0.06|w+0.15|cmax8|g0,p1b_ens,but,0.06,0.15,8.0,0,558,0.5138121546961326,38.18190500000004,42.95464312500005,0.08848645422943231,-21.028882499999977,97.37245750000002,27.662519999999994,2.7735470023421755,-6.551329999999999,0.10755041560882087,-0.013272242345819777,424,0.7322970639032815,16.087570000000014,33.67165813953491,0.05936372693726942,-30.199792249999987,62.27466862500001,21.604335,2.7461207545089024,-6.0,0.07708275474922961,-0.011869693725549928
p1b_ens|but|ev0.06|w+0.15|cmax8|g1,p1b_ens,but,0.06,0.15,8.0,1,377,0.34714548802946593,44.51182500000003,50.075803125000036,0.1501241989881957,-9.910813499999987,102.36759512500001,29.468099999999996,2.633678291822749,-7.0,0.13203914612206716,-0.012333248708656779,291,0.5025906735751295,28.91993000000001,60.530086046511656,0.15062463541666674,-8.431131124999986,67.05175999999999,15.923180000000002,2.267721041736948,-4.5,0.16780079548293164,-0.006888204253579394
p1b_ens|but|ev0.06|w+0.15|cmax15|g0,p1b_ens,but,0.06,0.15,15.0,0,597,0.5497237569060773,44.14965500000004,49.668361875000045,0.09789280487804887,-17.853289124999975,111.61820212499997,30.162519999999994,2.8146770432837465,-6.551329999999999,0.11705607153034174,-0.013272242345819777,464,0.8013816925734024,33.62607000000001,70.38014651162793,0.11515777397260278,-20.22801024999998,88.42401037499998,19.99443,3.30187718579513,-6.5,0.13399901467478048,-0.007855210562330905
p1b_ens|but|ev0.06|w+0.15|cmax15|g1,p1b_ens,but,0.06,0.15,15.0,1,398,0.3664825046040516,47.78120000000002,53.75385000000002,0.15769372937293735,-10.242672874999968,109.464782,32.833999999999996,2.6576058112026013,-7.0,0.13417193697421587,-0.01282114159581727,309,0.533678756476684,47.10613000000002,98.59422558139539,0.23731047858942075,2.1319480000000124,100.07413925,10.889849999999996,3.0128821780657695,-4.5,0.20572244892693245,-0.0024235453741842626
p1b_ens|but|ev0.08|w-0.15|cmax8|g0,p1b_ens,but,0.08,-0.15,8.0,0,140,0.1289134438305709,26.68801500000001,30.02401687500001,0.2471112500000001,-8.384234249999995,66.07379549999996,14.982499999999998,2.1840991824379423,-4.0,0.17709032135400582,0.06510609491565486,115,0.19861830742659758,11.161690000000005,23.361676744186056,0.14686434210526322,-15.464417500000001,39.316807749999995,10.627749999999999,1.9792147183076936,-3.0,0.10640478902075437,0.08076267318585
p1b_ens|but|ev0.08|w-0.15|cmax8|g1,p1b_ens,but,0.08,-0.15,8.0,1,119,0.10957642725598526,25.647995000000005,28.853994375000006,0.28817971910112367,-7.752584124999996,64.56504037500001,11.515769999999998,2.076623631180745,-3.0,0.17899732377234773,0.06687170370573725,99,0.17098445595854922,13.223490000000004,27.677072093023263,0.19884947368421058,-10.448354624999999,40.002706124999996,8.4426,1.8090109040410416,-2.5,0.13792056795424065,0.07922070684691017
p1b_ens|but|ev0.08|w-0.15|cmax15|g0,p1b_ens,but,0.08,-0.15,15.0,0,164,0.15101289134438306,32.07076500000001,36.07961062500001,0.26725637500000005,-3.326906999999989,69.9127365,15.982499999999998,2.1421039816599086,-4.0,0.1803809536532063,0.06510609491565486,139,0.24006908462867013,32.38819000000001,67.78923488372095,0.36391224719101134,-10.286850374999995,86.00994824999997,13.127750000000006,3.2725369181600716,-3.5,0.17673155419724312,0.09969179980485103
p1b_ens|but|ev0.08|w-0.15|cmax15|g1,p1b_ens,but,0.08,-0.15,15.0,1,138,0.1270718232044199,31.620145000000008,35.572663125000005,0.3243091794871796,-1.728497124999997,67.95506449999999,14.368319999999999,2.0279998975429927,-3.0,0.1878528706392907,0.06736128701275726,115,0.19861830742659758,30.90684000000001,64.68873488372095,0.41485691275167796,-8.162511624999997,82.24746724999989,8.74825,3.093917818738427,-2.5,0.17838478249170261,0.10371071109255887
p1b_ens|but|ev0.08|w+0.00|cmax8|g0,p1b_ens,but,0.08,0.0,8.0,0,216,0.19889502762430938,32.60808500000001,36.68409562500001,0.17818625683060116,-14.070693499999994,82.71727399999999,23.3787,2.6964145838805034,-8.0,0.14227208668322716,0.02551070172913923,157,0.2711571675302245,11.005345000000005,23.034443023255825,0.09914725225225231,-19.684435249999996,42.89677612500001,9.970169999999998,2.1602696080616313,-3.5,0.08351526639545799,0.04736693756922435
p1b_ens|but|ev0.08|w+0.00|cmax8|g1,p1b_ens,but,0.08,0.0,8.0,1,159,0.1464088397790055,34.30671500000001,38.59505437500001,0.2550685130111525,-10.01143074999999,84.06821087499986,23.05632,2.5782318943437645,-5.0,0.15654465087107156,0.028164681867204205,127,0.21934369602763384,14.628945000000005,30.61872209302327,0.1581507567567568,-12.433797124999995,43.96362200000001,8.615049999999997,1.9458507407559673,-3.0,0.12324623131095515,0.05211815675508668
p1b_ens|but|ev0.08|w+0.00|cmax15|g0,p1b_ens,but,0.08,0.0,15.0,0,240,0.22099447513812154,37.990835000000004,42.739689375000005,0.19482479487179488,-9.394546124999994,89.681646,24.594269999999995,2.6377983405160825,-8.0,0.148479164145231,0.02551070172913923,181,0.3126079447322971,32.231845,67.4620011627907,0.25993423387096776,-10.825857749999997,83.99043937499994,12.242800000000003,3.2203967029302345,-4.0,0.16142994658667612,0.059730309167695936
p1b_ens|but|ev0.08|w+0.00|cmax15|g1,p1b_ens,but,0.08,0.0,15.0,1,176,0.16206261510128914,38.93706500000001,43.80419812500001,0.27614939716312065,-6.395236374999992,88.74565174999998,25.92222,2.5445174982879406,-5.0,0.15775605453969221,0.027328768850029835,141,0.24352331606217617,32.006645000000006,66.99065232558141,0.32329944444444453,-9.768444624999992,80.74185424999995,8.496099999999998,3.089893053436635,-3.0,0.16707251699318595,0.06852523219281124
p1b_ens|but|ev0.08|w+0.15|cmax8|g0,p1b_ens,but,0.08,0.15,8.0,0,341,0.3139963167587477,38.01055500000002,42.76187437500002,0.12565472727272733,-20.148753999999986,99.35761762500005,29.904259999999994,2.963845622955988,-10.65408,0.11985740047465902,-0.0067701737701800725,255,0.44041450777202074,39.65328000000001,82.99523720930235,0.22029600000000005,0.5669680000000114,80.74915075,12.262934999999995,2.4882361766865766,-5.496499999999999,0.22133751014479064,0.0008414605332552586
p1b_ens|but|ev0.08|w+0.15|cmax8|g1,p1b_ens,but,0.08,0.15,8.0,1,244,0.22467771639042358,41.82510500000002,47.05324312500002,0.19274241935483882,-8.250615124999978,94.81110875000002,25.50471,2.601954028094693,-7.0,0.15022895391504418,-0.0031593495272439795,196,0.3385146804835924,39.54914000000001,82.77726976744188,0.28452618705035976,6.235286375000012,75.18554875000001,8.753300000000003,2.156727348615735,-3.0,0.25468848042552417,0.0032960812606075544
p1b_ens|but|ev0.08|w+0.15|cmax15|g0,p1b_ens,but,0.08,0.15,15.0,0,365,0.3360957642725598,43.39330500000002,48.81746812500002,0.137975532591415,-16.778748249999975,106.66452774999996,30.904259999999994,2.9497327416385635,-10.65408,0.12792111015010635,-0.0067701737701800725,279,0.48186528497409326,60.879780000000025,127.42279534883727,0.3154392746113991,10.705703375000011,121.22457049999993,10.402830000000009,3.304588313597123,-5.496499999999999,0.255872266000843,0.007760509983996719
p1b_ens|but|ev0.08|w+0.15|cmax15|g1,p1b_ens,but,0.08,0.15,15.0,1,260,0.23941068139963168,42.58035500000002,47.90289937500002,0.19223636568848768,-11.696754999999978,97.93166774999997,29.070229999999995,2.637221880113409,-7.0,0.14039924335293952,-0.004211910420553277,209,0.3609671848013817,56.540340000000015,118.34024651162794,0.3926412500000001,12.51513250000001,113.512334,9.432904999999998,3.028846851667651,-3.0,0.2592678132826795,0.010593381386675782
p1b_ens|but|ev0.10|w-0.15|cmax8|g0,p1b_ens,but,0.1,-0.15,8.0,0,82,0.07550644567219153,21.210045000000004,23.861300625000005,0.3165678358208956,-6.073019374999996,50.99867075,14.6122,2.1294472004930083,-3.5,0.19154524266898823,0.06521843277796723,65,0.11226252158894647,4.760325000000002,9.963470930232562,0.10348532608695656,-16.60334125,27.919549999999973,11.127749999999999,1.8212227178079448,-2.0,0.06375139441738609,0.08382854154393665
p1b_ens|but|ev0.10|w-0.15|cmax8|g1,p1b_ens,but,0.1,-0.15,8.0,1,73,0.06721915285451197,20.169745000000002,22.690963125000003,0.34478196581196585,-6.214298749999997,48.97512149999999,14.3839,2.066166400980711,-2.0,0.18772917387213037,0.06565145016057847,62,0.1070811744386874,6.760325,14.149517441860466,0.15364375,-14.712182499999997,30.57676375,10.627749999999999,1.8389062957880764,-2.0,0.08966524068541137,0.08319293168459187
p1b_ens|but|ev0.10|w-0.15|cmax15|g0,p1b_ens,but,0.1,-0.15,15.0,0,101,0.09300184162062615,24.51129500000001,27.575206875000013,0.3204090849673204,-6.711135624999997,59.053790625000005,16.481849999999998,2.075594897895728,-3.5,0.18452010301397476,0.06521843277796723,85,0.14680483592400692,27.986825000000007,58.57707558139537,0.4909969298245615,-9.240056874999997,75.54453624999992,12.127750000000006,3.430836383989247,-2.0,0.17733554475803934,0.11966673388875694
p1b_ens|but|ev0.10|w-0.15|cmax15|g1,p1b_ens,but,0.1,-0.15,15.0,1,88,0.08103130755064457,23.560395000000003,26.505444375000003,0.3624676153846154,-6.501616124999996,56.617915874999994,17.7945,1.9947116817452757,-2.0,0.18455357495721045,0.06597490506479216,77,0.13298791018998274,26.749325000000006,55.98695930232559,0.519404368932039,-8.976598749999996,72.71596124999996,11.127750000000006,3.3514232478931123,-2.0,0.17351048262345214,0.12461674334780512
p1b_ens|but|ev0.10|w+0.00|cmax8|g0,p1b_ens,but,0.1,0.0,8.0,0,124,0.1141804788213628,21.427405000000004,24.105830625000003,0.1839262231759657,-15.481653124999996,62.35822837499996,20.80525,2.670648375985565,-5.0,0.1383327062309517,0.027347634150711148,83,0.14335060449050085,10.424965000000004,21.81969418604652,0.160384076923077,-15.902864249999997,38.50159912499998,15.627749999999999,2.183446969451663,-3.0,0.10851237792451363,0.05681906037609764
p1b_ens|but|ev0.10|w+0.00|cmax8|g1,p1b_ens,but,0.1,0.0,8.0,1,96,0.08839779005524862,26.659735000000012,29.992201875000013,0.29458270718232055,-7.354220374999996,64.32358825,17.689519999999998,2.4603893894081783,-4.0,0.18682026732314927,0.0314034542297897,73,0.12607944732297063,13.044165000000007,27.30174069767443,0.2229771794871796,-12.150613125,40.410363374999996,13.627749999999999,2.1020816931403927,-2.5,0.14103081551110094,0.06165023090362591
p1b_ens|but|ev0.10|w+0.00|cmax15|g0,p1b_ens,but,0.1,0.0,15.0,0,143,0.13167587476979742,24.728655000000003,27.819736875,0.1962591666666667,-14.898246374999998,69.28811712499999,22.205350000000003,2.549294420688914,-5.0,0.14058254764115358,0.027347634150711148,103,0.17789291882556132,33.651465,70.4332988372093,0.4427824342105263,-7.470704124999995,85.96535199999995,16.127750000000006,3.5277486308950383,-3.0,0.19873076595089728,0.08181377936935781
p1b_ens|but|ev0.10|w+0.00|cmax15|g1,p1b_ens,but,0.1,0.0,15.0,1,109,0.1003683241252302,28.708585000000003,32.297158125,0.3021956315789474,-7.412738749999996,69.25200399999999,20.555419999999998,2.3504869137821434,-4.0,0.17701287628352474,0.03027950220678212,88,0.15198618307426598,29.421865000000004,61.580647674418614,0.4457858333333334,-10.087802499999997,81.80614625,13.627750000000006,3.4304284927623216,-2.5,0.1786819116406524,0.0926276939628168
p1b_ens|but|ev0.10|w+0.15|cmax8|g0,p1b_ens,but,0.1,0.15,8.0,0,214,0.19705340699815838,26.232765000000015,29.511860625000015,0.12432590047393371,-22.654736624999988,76.65025000000001,29.321579999999997,2.828670163637444,-8.15408,0.10910454271876678,0.00046439815203692486,142,0.2452504317789292,10.208430000000003,21.366481395348845,0.08915659388646291,-22.614813499999997,44.858437999999985,14.812249999999999,2.217443836836479,-3.5,0.07547037209932769,0.007883953317732402
p1b_ens|but|ev0.10|w+0.15|cmax8|g1,p1b_ens,but,0.1,0.15,8.0,1,157,0.1445672191528545,35.93932500000002,40.43174062500002,0.2311210610932477,-9.776462499999994,82.23097074999998,24.384149999999998,2.517634869686184,-6.0,0.1679415841138223,0.002445922990384372,120,0.20725388601036268,20.716330000000003,43.35976046511629,0.21467699481865288,-11.080456624999993,53.87432087500001,12.590950000000003,2.176931030278306,-3.0,0.15600492734475735,0.011336003609608276
p1b_ens|but|ev0.10|w+0.15|cmax15|g0,p1b_ens,but,0.1,0.15,15.0,0,233,0.214548802946593,29.53401500000001,33.22576687500001,0.13394111111111115,-21.431951374999986,83.500583875,30.821579999999997,2.785104782603803,-8.15408,0.11162393973931782,0.00046439815203692486,162,0.27979274611398963,33.43493000000001,69.98008604651164,0.26641378486055783,-11.911551249999993,87.44479899999999,16.312250000000006,3.2288936805221486,-3.5,0.16701480998560556,0.020587695470096153
p1b_ens|but|ev0.10|w+0.15|cmax15|g1,p1b_ens,but,0.1,0.15,15.0,1,169,0.15561694290976058,34.11307500000001,38.377209375000014,0.2159055379746836,-12.178641749999995,84.08144849999998,28.471969999999995,2.50833502579623,-6.0,0.14315671403823518,0.0013127560376881555,133,0.229706390328152,37.707530000000006,78.92273720930234,0.3715027586206897,-5.989976374999995,89.77679925,13.590950000000007,3.2090360412482433,-3.5,0.18952294705464412,0.025277886966321546
p1b_lgbm|but+ast|ev0.04|w-0.15|cmax8|g0,p1b_lgbm,but+ast,0.04,-0.15,8.0,0,721,0.6639042357274402,62.89231000000002,70.75384875000003,0.11956712927756659,-2.2842532499999817,131.37483775,21.51551,2.8144738237391174,-5.843999999999999,0.15961448350493757,-0.0021802487292511856,356,0.614853195164076,-11.973074999999994,-25.059924418604638,-0.05770156626506021,-53.65745012499998,30.044655374999984,34.12039499999999,2.4499665038410914,-6.74825,-0.06604102976801562,0.025063695745937704
p1b_lgbm|but+ast|ev0.04|w-0.15|cmax8|g1,p1b_lgbm,but+ast,0.04,-0.15,8.0,1,468,0.430939226519337,65.83548500000002,74.06492062500003,0.1939189543446245,12.973669125000013,118.74164699999997,11.430259999999997,2.2828172136357185,-3.5,0.2059969854252007,0.0009758291493257869,255,0.44041450777202074,11.455465000000004,23.9765546511628,0.07611604651162793,-25.086034499999997,47.75896662500001,20.686329999999998,2.196974294551069,-4.5,0.07046217220885319,0.028426920277801363
p1b_lgbm|but+ast|ev0.04|w-0.15|cmax15|g0,p1b_lgbm,but+ast,0.04,-0.15,15.0,0,750,0.6906077348066298,65.50556000000003,73.69375500000004,0.12119437557816842,1.0215738750000114,132.79317262500004,23.295709999999993,2.8598114060637427,-5.843999999999999,0.16361108853218842,-0.0021802487292511856,408,0.7046632124352331,19.643175000000014,41.11362209302329,0.08376620469083161,-37.991785874999984,83.35233624999994,31.18657999999999,3.4716383747419446,-7.24825,0.07444981332958699,0.030438066030978265
p1b_lgbm|but+ast|ev0.04|w-0.15|cmax15|g1,p1b_lgbm,but+ast,0.04,-0.15,15.0,1,476,0.43830570902394106,67.12546000000002,75.51614250000003,0.19713791483113074,13.181775875000017,121.307096625,10.430259999999997,2.363672392237037,-3.5,0.2028485728408377,-0.00014667008201752125,285,0.49222797927461137,40.92581500000001,85.65868255813955,0.24878914893617027,-8.036816124999987,99.64416200000001,15.601330000000004,3.180135755685124,-5.0,0.16933162832020693,0.03501565001415792
p1b_lgbm|but+ast|ev0.04|w+0.00|cmax8|g0,p1b_lgbm,but+ast,0.04,0.0,8.0,0,1137,1.0469613259668509,93.54412500000004,105.23714062500005,0.10617948354143024,6.124327250000033,179.15479049999988,23.981610000000003,3.623830323117146,-6.08655,0.16982634950485948,-0.03819393860326451,528,0.9119170984455959,-3.128589999999985,-6.548211627906945,-0.009451933534743157,-52.14817849999999,46.79702637500001,28.552739999999993,2.807834984472234,-6.74825,-0.014104249459921413,-0.01430572380733003
p1b_lgbm|but+ast|ev0.04|w+0.00|cmax8|g1,p1b_lgbm,but+ast,0.04,0.0,8.0,1,627,0.5773480662983426,115.98100000000002,130.47862500000002,0.22652539062500004,48.95313675000002,182.628683625,18.778860000000005,2.8619320772309775,-4.5,0.2666146065475824,-0.030503113063723372,334,0.5768566493955095,12.548210000000012,26.263695348837235,0.05729776255707768,-27.91067774999998,55.88678362499996,21.923429999999996,2.3545801732960894,-4.4426,0.06745920273484313,-0.010372077252366139
p1b_lgbm|but+ast|ev0.04|w+0.00|cmax15|g0,p1b_lgbm,but+ast,0.04,0.0,15.0,0,1166,1.0736648250460405,96.15737500000003,108.17704687500004,0.10737841987716364,9.558673625000038,183.74668200000002,24.481610000000003,3.6601431775150024,-6.08655,0.17283867830548372,-0.03819393860326451,580,1.001727115716753,28.487660000000016,59.62533488372096,0.07957446927374306,-33.92662387499999,99.47847024999992,28.510240000000003,3.706803845460372,-7.24825,0.0972814603019424,-0.010929146455638706
p1b_lgbm|but+ast|ev0.04|w+0.00|cmax15|g1,p1b_lgbm,but+ast,0.04,0.0,15.0,1,632,0.58195211786372,112.935775,127.052746875,0.22231451771653546,43.45058975000002,183.1387765,18.778860000000005,2.9967680577899825,-5.3291,0.24793327525146514,-0.030906462614089397,358,0.6183074265975821,35.84493500000001,75.02428255813955,0.15652810043668125,-19.856881749999985,101.94202699999998,18.782899999999998,3.3100224842941044,-4.9426,0.13707863211906343,-0.006996662665043545
p1b_lgbm|but+ast|ev0.04|w+0.15|cmax8|g0,p1b_lgbm,but+ast,0.04,0.15,8.0,0,1684,1.550644567219153,97.52488500000004,109.71549562500005,0.06996046269727406,-12.23174412499996,210.52501937499997,31.284689999999998,4.57182837525703,-8.083,0.13851755185153275,-0.06102873700105083,808,1.395509499136442,-11.098294999999979,-23.228989534883677,-0.020959952785646798,-69.76423899999998,51.07238500000001,38.96768,3.452359618870424,-8.74825,-0.03968763477170754,-0.03973950460836368
p1b_lgbm|but+ast|ev0.04|w+0.15|cmax8|g1,p1b_lgbm,but+ast,0.04,0.15,8.0,1,781,0.7191528545119705,95.34704500000004,107.26542562500003,0.13400849613492627,10.168518875000021,178.85514887499997,26.6289,3.4106184586760486,-7.52,0.1815320779341867,-0.0536486356484975,427,0.7374784110535406,5.850550000000018,12.245337209302361,0.019245230263157952,-40.72089262499999,56.904379000000006,20.771149999999995,2.7314579110918977,-5.002199999999999,0.0264433920260575,-0.03726346923284314
p1b_lgbm|but+ast|ev0.04|w+0.15|cmax15|g0,p1b_lgbm,but+ast,0.04,0.15,15.0,0,1712,1.576427255985267,100.56563500000006,113.13633937500006,0.07147522032693679,-6.55695812499996,212.75462149999996,32.357189999999996,4.587180639599396,-8.5,0.1423583798420316,-0.061052301856921794,860,1.4853195164075994,20.51795500000003,42.944556976744245,0.036869640610961416,-46.61803949999999,97.79319650000001,38.925180000000005,4.022300060328479,-9.24825,0.06297592984623508,-0.037635413947782366
p1b_lgbm|but+ast|ev0.04|w+0.15|cmax15|g1,p1b_lgbm,but+ast,0.04,0.15,15.0,1,782,0.7200736648250461,100.07642000000003,112.58597250000003,0.1428642683797288,14.04924375000003,185.369168375,26.1289,3.4258568369177236,-7.02,0.1896888615175049,-0.05356823403955071,443,0.7651122625215889,33.889775000000014,70.93208720930235,0.11003173701298706,-24.918749124999984,101.58091249999998,17.14685,3.582786405613745,-5.502199999999999,0.11677846139391758,-0.034818723695832186
p1b_lgbm|but+ast|ev0.06|w-0.15|cmax8|g0,p1b_lgbm,but+ast,0.06,-0.15,8.0,0,438,0.40331491712707185,75.99329000000003,85.49245125000003,0.20848639231824426,20.496864000000013,134.1907305,16.06001,2.557460738119271,-5.343999999999999,0.2396318753866417,0.007720400771807438,222,0.38341968911917096,2.085850000000004,4.365732558139544,0.01506028880866429,-31.91598574999999,37.714079125000005,25.636724999999995,2.308932714134733,-4.5,0.01368761752359314,0.044629467669154384
p1b_lgbm|but+ast|ev0.06|w-0.15|cmax8|g1,p1b_lgbm,but+ast,0.06,-0.15,8.0,1,316,0.29097605893186,72.98056000000001,82.10313000000001,0.28508031250000004,26.24549625000001,120.50981212499997,10.799999999999997,2.2055618798746353,-3.0,0.2668494176455661,0.012634591221630607,174,0.3005181347150259,15.294550000000008,32.01184883720932,0.13967625570776263,-16.146898749999995,48.97539949999998,15.674975,2.1552010285706378,-4.0,0.10752389358977654,0.04663303431802801
p1b_lgbm|but+ast|ev0.06|w-0.15|cmax15|g0,p1b_lgbm,but+ast,0.06,-0.15,15.0,0,467,0.4300184162062615,78.60654000000002,88.43235750000002,0.2074051187335093,23.543739750000015,135.55186249999994,17.560009999999995,2.58532374749668,-5.343999999999999,0.23940875275585288,0.007720400771807438,274,0.47322970639032813,33.702100000000016,70.53927906976747,0.2036380664652569,-17.89732412499999,92.36972437500002,19.4711,3.4251831298220385,-5.0,0.14056432990010279,0.05453904405069074
p1b_lgbm|but+ast|ev0.06|w-0.15|cmax15|g1,p1b_lgbm,but+ast,0.06,-0.15,15.0,1,327,0.3011049723756906,73.87053500000002,83.10435187500002,0.28576609284332694,26.271046875000017,126.213164875,11.877599999999987,2.3006978722880325,-3.0,0.25281796576229976,0.011217745514755106,208,0.3592400690846287,44.435800000000015,93.0051627906977,0.3540701195219125,-2.06351699999999,99.65153237500002,12.357599999999998,3.1888588434124574,-4.0,0.1990671817187853,0.05971949357552325
p1b_lgbm|but+ast|ev0.06|w+0.00|cmax8|g0,p1b_lgbm,but+ast,0.06,0.0,8.0,0,721,0.6639042357274402,79.90196000000002,89.88970500000002,0.12330549382716052,9.548224875000026,161.216978125,20.26291,3.280488878473534,-6.184099999999999,0.17778630167856102,-0.030417811034048822,357,0.616580310880829,4.327495000000013,9.05754767441863,0.01810667364016742,-37.11274324999998,50.109030499999974,25.231894999999994,2.508413502394785,-4.74825,0.022699895224551028,-0.002050510926098519
p1b_lgbm|but+ast|ev0.06|w+0.00|cmax8|g1,p1b_lgbm,but+ast,0.06,0.0,8.0,1,462,0.425414364640884,110.78568000000001,124.63389000000002,0.2644049642004774,54.19551675000002,175.91936899999993,16.77886,2.699387155182789,-4.408899999999999,0.2995696993621458,-0.025597967453106846,257,0.4438687392055268,9.57141500000001,20.033194186046533,0.053771994382022535,-26.968316874999992,50.123453875,21.159175,2.289092346813956,-3.9425999999999997,0.05501729592863269,-0.0023571752931126036
p1b_lgbm|but+ast|ev0.06|w+0.00|cmax15|g0,p1b_lgbm,but+ast,0.06,0.0,15.0,0,750,0.6906077348066298,82.51521000000002,92.82961125000003,0.12455126037735853,8.123453500000025,159.10248975,20.76291,3.3266911321137735,-6.684099999999999,0.17973905018585198,-0.030417811034048822,409,0.7063903281519862,35.94374500000001,75.23109418604652,0.13512686090225567,-20.653384374999984,97.03922537499997,21.192839999999997,3.4420927201111438,-5.24825,0.1356157201662512,0.0032479481950372885
p1b_lgbm|but+ast|ev0.06|w+0.00|cmax15|g1,p1b_lgbm,but+ast,0.06,0.0,15.0,1,468,0.430939226519337,107.24045500000001,120.64551187500001,0.2580997713598075,45.16613487500002,175.0585485,16.778860000000005,2.852351612784336,-4.408899999999999,0.27244353146849154,-0.02608822992269859,287,0.49568221070811747,31.916340000000012,66.80164186046514,0.16710125654450267,-18.616965749999995,91.49319212499995,17.0509,3.2394571053382615,-4.4426,0.1279528972292537,0.003263538067336174
p1b_lgbm|but+ast|ev0.06|w+0.15|cmax8|g0,p1b_lgbm,but+ast,0.06,0.15,8.0,0,1198,1.1031307550644567,82.62946000000004,92.95814250000004,0.07374338241856318,-24.34482874999996,187.86640024999994,31.14196000000001,4.471485300710799,-8.187999999999999,0.12319465001463836,-0.057792558038759864,580,1.001727115716753,14.193800000000024,29.707953488372144,0.03461902439024396,-38.86463199999999,68.81897775000003,27.632830000000002,3.1237226438562864,-6.74825,0.056798416578038205,-0.03838084816914232
p1b_lgbm|but+ast|ev0.06|w+0.15|cmax8|g1,p1b_lgbm,but+ast,0.06,0.15,8.0,1,640,0.5893186003683242,106.07930000000003,119.33921250000003,0.16731750788643537,27.323354250000012,182.06851274999983,24.6289,3.3145238090945917,-7.52,0.21336257455532165,-0.05171949810493496,357,0.616580310880829,14.00333500000001,29.30930581395351,0.05244694756554311,-30.393271499999983,61.08594412499994,21.189299999999996,2.6171371033692985,-4.002199999999999,0.06688288789863235,-0.03734228181486431
p1b_lgbm|but+ast|ev0.06|w+0.15|cmax15|g0,p1b_lgbm,but+ast,0.06,0.15,15.0,0,1227,1.1298342541436464,85.17021000000003,95.81648625000003,0.07510600529100532,-22.349146249999965,192.14319050000003,32.21446,4.498934724875767,-8.187999999999999,0.12620796582366048,-0.057792558038759864,632,1.0915371329879102,45.81005000000002,95.88150000000003,0.10482848970251721,-19.211651624999984,117.39883162499991,28.053330000000003,3.8918480935593287,-7.24825,0.14713462890487586,-0.03535918039347418
p1b_lgbm|but+ast|ev0.06|w+0.15|cmax15|g1,p1b_lgbm,but+ast,0.06,0.15,15.0,1,642,0.5911602209944752,110.30867500000004,124.09725937500005,0.17691848436246999,28.823223375000023,186.92876762499992,24.1289,3.349300510254454,-7.02,0.21956559717921442,-0.05167832068519835,379,0.6545768566493955,40.30006000000001,84.3489627906977,0.14708051094890515,-17.62713949999998,106.48565187499997,17.695,3.524213848638876,-4.502199999999999,0.14293989287697714,-0.03485001203846078
p1b_lgbm|but+ast|ev0.08|w-0.15|cmax8|g0,p1b_lgbm,but+ast,0.08,-0.15,8.0,0,273,0.2513812154696133,88.19676000000001,99.22135500000002,0.3563505454545455,42.84459425000001,136.73992362500002,12.020600000000002,2.477043950204495,-4.0,0.35253118841620135,0.01455872140830873,137,0.23661485319516407,3.0689750000000053,6.42343604651164,0.03372500000000006,-26.879696249999995,35.28954062499997,18.25485,2.1440091867386997,-3.5,0.025112610057686606,0.059984433989461405
p1b_lgbm|but+ast|ev0.08|w-0.15|cmax8|g1,p1b_lgbm,but+ast,0.08,-0.15,8.0,1,216,0.19889502762430938,73.20263,82.35295875,0.38629356200527704,33.70777575000001,115.839837625,11.0,2.1409480056657784,-3.0,0.33853158177285964,0.018007416057512025,117,0.20207253886010362,7.364125000000007,15.413284883720944,0.09441185897435907,-18.69522875,36.87259124999999,13.627349999999996,1.9217251634531605,-2.5,0.06722874732328783,0.057764188274601475
p1b_lgbm|but+ast|ev0.08|w-0.15|cmax15|g0,p1b_lgbm,but+ast,0.08,-0.15,15.0,0,302,0.27808471454880296,90.81001,102.16126125000001,0.34660309160305347,40.54353200000001,141.98186099999995,12.520600000000002,2.5187651465069516,-4.0,0.340126275264388,0.01455872140830873,174,0.3005181347150259,17.79547500000001,37.24634302325583,0.1610450226244345,-25.667587499999993,69.69601187499995,16.2809,3.242083195005503,-4.0,0.08998199022470203,0.07775360410199222
p1b_lgbm|but+ast|ev0.08|w-0.15|cmax15|g1,p1b_lgbm,but+ast,0.08,-0.15,15.0,1,230,0.21178637200736647,72.59260500000002,81.66668062500003,0.37515558139534894,29.43863912500001,118.116106875,12.0,2.2007689803379002,-3.0,0.3111802748697718,0.016193064422284076,145,0.2504317789291883,13.480875000000008,28.215784883720946,0.14573918918918927,-27.34155125,62.554672499999995,13.280899999999999,3.0512775330564925,-3.0,0.07242800709717696,0.07907387017240244
p1b_lgbm|but+ast|ev0.08|w+0.00|cmax8|g0,p1b_lgbm,but+ast,0.08,0.0,8.0,0,451,0.4152854511970534,88.72425500000003,99.81478687500002,0.19414497811816198,25.07938475000001,156.6252285,19.713560000000005,3.0873918045890165,-5.0,0.229900862904728,-0.022489854866000577,213,0.36787564766839376,4.612395000000014,9.653850000000029,0.028917836990595698,-31.34231387499999,42.36303887499998,19.864199999999993,2.2309084945143733,-4.5,0.029119665830711853,0.00599803944886345
p1b_lgbm|but+ast|ev0.08|w+0.00|cmax8|g1,p1b_lgbm,but+ast,0.08,0.0,8.0,1,324,0.2983425414364641,112.38912500000002,126.43776562500003,0.34528149001536107,58.690292625000026,170.8436435,11.778860000000002,2.552065263109026,-3.0,0.3523079965849562,-0.020489943759744573,167,0.28842832469775476,4.6908750000000055,9.818110465116291,0.036222972972973014,-28.833987624999992,42.821997875,20.60425,2.156343646651161,-3.4425999999999997,0.030639208214533333,0.0031449306883399902
p1b_lgbm|but+ast|ev0.08|w+0.00|cmax15|g0,p1b_lgbm,but+ast,0.08,0.0,15.0,0,480,0.4419889502762431,91.33750500000002,102.75469312500002,0.1937168716861082,28.517877000000016,163.84564474999996,20.213560000000005,3.10388568267236,-5.0,0.22989708087384597,-0.022489854866000577,250,0.4317789291882556,19.33889500000001,40.47675697674421,0.10803851955307268,-25.857949874999992,79.548556125,20.821700000000003,3.1359100522141055,-5.0,0.08685797688125299,0.015456501010036936
p1b_lgbm|but+ast|ev0.08|w+0.00|cmax15|g1,p1b_lgbm,but+ast,0.08,0.0,15.0,1,334,0.30755064456721914,107.11890000000002,120.50876250000003,0.3295966153846155,51.206088375000014,167.45666949999998,11.778860000000005,2.7144623464244764,-3.0,0.30829913973657835,-0.021781741170251067,192,0.3316062176165803,12.55587500000001,26.279738372093043,0.08936565836298939,-32.07123974999999,71.59324512499992,19.76625,3.079878379470869,-3.9425999999999997,0.05741892635693531,0.011836628206377773
p1b_lgbm|but+ast|ev0.08|w+0.15|cmax8|g0,p1b_lgbm,but+ast,0.08,0.15,8.0,0,799,0.7357274401473296,103.79721000000002,116.77186125000003,0.12189924838520261,14.824228000000033,196.87556374999983,22.08126000000001,3.976920129201081,-8.0089,0.1825167697120514,-0.05263145715013442,372,0.6424870466321243,20.130550000000014,42.13370930232561,0.06847125850340141,-28.198043499999983,70.85545862499998,18.79803,2.8615945267484904,-5.24825,0.09136015317403226,-0.03628940310883198
p1b_lgbm|but+ast|ev0.08|w+0.15|cmax8|g1,p1b_lgbm,but+ast,0.08,0.15,8.0,1,493,0.4539594843462247,106.33179000000003,119.62326375000002,0.19782658604651168,35.364583250000024,181.6245145,21.1289,3.17969418668776,-6.52,0.23385234786478828,-0.047688321382798125,261,0.45077720207253885,7.530360000000007,15.761218604651178,0.03502493023255817,-33.381623375,54.44642524999986,19.166499999999996,2.628263190197298,-4.0,0.03720969934884713,-0.03715783617573213
p1b_lgbm|but+ast|ev0.08|w+0.15|cmax15|g0,p1b_lgbm,but+ast,0.08,0.15,15.0,0,828,0.7624309392265194,106.41046000000004,119.71176750000004,0.12287581986143192,16.547045625000024,206.10009224999996,22.581260000000007,4.024745516437927,-8.0089,0.18488848248166437,-0.05263145715013442,409,0.7063903281519862,34.85705,72.95661627906976,0.11118676236044657,-20.65392912499999,98.21400525000003,18.64332,3.52603246333258,-5.74825,0.12838479672166964,-0.03147096677200418
p1b_lgbm|but+ast|ev0.08|w+0.15|cmax15|g1,p1b_lgbm,but+ast,0.08,0.15,15.0,1,498,0.4585635359116022,110.98666500000002,124.85999812500002,0.20980465973534976,35.867158625000016,188.77356912499994,20.6289,3.2519533432399372,-6.02,0.2386659470649914,-0.047746988716931,281,0.4853195164075993,13.602535000000007,28.47042209302327,0.061410993227991,-34.65983499999999,75.24525149999992,21.07802,3.296620674849973,-4.5,0.053587086936939865,-0.03263209199929869
p1b_lgbm|but+ast|ev0.10|w-0.15|cmax8|g0,p1b_lgbm,but+ast,0.1,-0.15,8.0,0,157,0.1445672191528545,89.246235,100.402014375,0.5871462828947368,48.606354375,135.07465525,10.0,2.4699285104063606,-4.5,0.4353388524579561,0.023349063508902344,92,0.15889464594127806,12.761375000000006,26.709854651162804,0.19335416666666677,-10.696518124999997,39.033799375,8.995199999999999,1.8680623506318557,-2.5,0.136626863612808,0.05784447118392495
p1b_lgbm|but+ast|ev0.10|w-0.15|cmax8|g1,p1b_lgbm,but+ast,0.1,-0.15,8.0,1,139,0.1279926335174954,76.22325500000001,85.75116187500001,0.5863327307692309,36.70507750000001,119.80914525000001,9.0,2.354597341920328,-4.0,0.39002527248694746,0.026083640607540058,82,0.14162348877374784,13.952225000000002,29.20233139534884,0.23449117647058826,-7.738398124999996,37.82064124999999,8.8278,1.7230153451728965,-2.0,0.16195125643062647,0.05599898367023535
p1b_lgbm|but+ast|ev0.10|w-0.15|cmax15|g0,p1b_lgbm,but+ast,0.1,-0.15,15.0,0,180,0.16574585635359115,86.37023500000001,97.166514375,0.5282583180428135,39.42627575000001,130.356314125,10.5,2.4358040447379996,-4.5,0.38541971559739874,0.023349063508902344,125,0.2158894645941278,29.48787500000001,61.71880813953491,0.3531482035928145,-10.464864374999996,78.91480437499999,10.885200000000001,3.046924446194249,-2.5,0.16686059891181895,0.08879389665801195
p1b_lgbm|but+ast|ev0.10|w-0.15|cmax15|g1,p1b_lgbm,but+ast,0.1,-0.15,15.0,1,157,0.1445672191528545,73.94725500000001,83.19066187500002,0.5397609854014599,30.746454875000005,116.08434024999998,9.766000000000005,2.3195789511474008,-4.0,0.34651741880653425,0.02445212487861933,108,0.18652849740932642,22.820725000000003,47.76430813953489,0.3126126712328767,-14.856455624999995,71.58910374999999,10.327799999999996,2.9167424667548003,-2.5,0.1348973316454085,0.09333595539192324
p1b_lgbm|but+ast|ev0.10|w+0.00|cmax8|g0,p1b_lgbm,but+ast,0.1,0.0,8.0,0,289,0.26611418047882135,108.55136000000002,122.12028000000002,0.3355528902627512,51.71894812500001,167.92892075,15.014100000000006,2.994469733548908,-6.2589,0.351947687839909,-0.019432783858279585,121,0.20898100172711573,3.2278750000000063,6.756017441860479,0.03344948186528504,-25.215363125,33.95343749999996,15.407999999999998,2.1142972030037543,-3.5,0.028272024802398085,0.023273974983184016
p1b_lgbm|but+ast|ev0.10|w+0.00|cmax8|g1,p1b_lgbm,but+ast,0.1,0.0,8.0,1,224,0.20626151012891344,108.78513000000001,122.38327125,0.4413189858012171,57.87329100000002,161.20114387499999,12.600000000000001,2.660454486917101,-3.7588999999999997,0.39698717488810836,-0.01632603789358326,105,0.18134715025906736,3.9627250000000025,8.294075581395354,0.04634766081871348,-23.440277499999993,32.017212499999964,14.783749999999998,1.9596525616571356,-3.0,0.03744735048045509,0.026179356737583592
p1b_lgbm|but+ast|ev0.10|w+0.00|cmax15|g0,p1b_lgbm,but+ast,0.1,0.0,15.0,0,312,0.287292817679558,105.67536000000003,118.88478000000002,0.3154488358208956,48.593862375000015,168.19635325000002,15.514100000000003,2.969585060379436,-6.2589,0.3325785141139199,-0.019432783858279585,154,0.2659758203799655,19.95437500000001,41.76497093023258,0.17503837719298254,-22.496424374999993,72.18390437499998,15.907999999999998,3.2126244199608545,-4.0,0.10527522098796506,0.042717229223300596
p1b_lgbm|but+ast|ev0.10|w+0.00|cmax15|g1,p1b_lgbm,but+ast,0.1,0.0,15.0,1,235,0.21639042357274402,102.76813000000001,115.61414625000002,0.41606530364372474,53.22347387500001,160.10964262500002,12.600000000000001,2.7220032769119333,-3.7588999999999997,0.3528466777504127,-0.01772345145954214,130,0.22452504317789293,13.331225000000009,27.90256395348839,0.13534238578680213,-26.536133749999994,64.78871249999997,15.240599999999997,3.064115544833834,-3.5,0.07374165980217577,0.048101921877126086
p1b_lgbm|but+ast|ev0.10|w+0.15|cmax8|g0,p1b_lgbm,but+ast,0.1,0.15,8.0,0,528,0.4861878453038674,105.92181000000002,119.16203625000003,0.16906913008778934,21.693553125000022,189.3691038749999,25.255900000000008,3.729704057061122,-6.279999999999999,0.21845785654322805,-0.04760430504724078,234,0.40414507772020725,4.230685000000008,8.854922093023273,0.020388843373494017,-33.12571425,44.593415624999956,21.87678,2.397243393187227,-4.0,0.023848816970940722,-0.02257045476011569
p1b_lgbm|but+ast|ev0.10|w+0.15|cmax8|g1,p1b_lgbm,but+ast,0.1,0.15,8.0,1,359,0.3305709023941068,122.52818,137.8442025,0.2859467444574096,55.94539112500001,192.78619200000003,18.6289,3.041649945249795,-6.52,0.30987275935891995,-0.04405999684290571,184,0.3177892918825561,0.2050150000000066,0.42910116279071153,0.0012203273809524202,-36.85189562499999,40.55853525000001,22.431449999999998,2.354745494569056,-4.4426,0.0011765487944930123,-0.026309787987071242
p1b_lgbm|but+ast|ev0.10|w+0.15|cmax15|g0,p1b_lgbm,but+ast,0.1,0.15,15.0,0,551,0.507366482504604,103.04581000000002,115.92653625000003,0.1615138087774295,22.184878250000022,193.88889400000002,25.755900000000008,3.739394731608332,-6.279999999999999,0.2087637523685055,-0.04760430504724078,267,0.46113989637305697,20.957185000000006,43.86387558139536,0.09314304444444448,-25.026030249999987,81.46734787499996,22.33428,3.181572409729237,-3.2773999999999996,0.089014225116066,-0.014569984027392055
p1b_lgbm|but+ast|ev0.10|w+0.15|cmax15|g1,p1b_lgbm,but+ast,0.1,0.15,15.0,1,368,0.3388581952117864,121.42105500000001,136.59868687500003,0.28637041273584907,54.08765712500002,195.49106174999994,18.1289,3.1171427255815676,-6.02,0.29509604091070585,-0.04412595220008958,206,0.35578583765112265,11.29624000000001,23.643293023255836,0.06382056497175147,-33.64734437499999,70.9195659999999,21.0592,3.1151785817985416,-4.9426,0.04900261345651613,-0.019193443404814724
p1b_lgbm|but|ev0.04|w-0.15|cmax8|g0,p1b_lgbm,but,0.04,-0.15,8.0,0,461,0.4244935543278085,4.439810000000012,4.994786250000013,0.015884830053667306,-46.15273299999999,55.90231887500003,35.36476,2.3339184392112466,-5.5,0.015097608686572464,0.03834816631756937,313,0.540587219343696,0.4494250000000086,0.9406569767442041,0.002524859550561846,-37.175619125,42.638596249999935,25.319779999999994,2.4297681147662984,-6.24825,0.0025689751425063178,0.04334566513079088
p1b_lgbm|but|ev0.04|w-0.15|cmax8|g1,p1b_lgbm,but,0.04,-0.15,8.0,1,329,0.3029465930018416,3.511965000000014,3.950960625000016,0.01778210126582286,-38.468084874999995,47.592884375000004,25.784564999999994,1.9462436338548788,-3.5,0.014321299559002949,0.041162418387389654,233,0.40241796200345425,17.10056500000001,35.791880232558164,0.127616156716418,-17.880465874999995,56.57507149999998,17.186329999999995,2.224423071595025,-4.5,0.10677278538201684,0.048179315964186994
p1b_lgbm|but|ev0.04|w-0.15|cmax15|g0,p1b_lgbm,but,0.04,-0.15,15.0,0,490,0.45119705340699817,7.053060000000016,7.934692500000018,0.023990000000000056,-42.330264124999985,58.37115074999997,33.71070999999999,2.37072968549441,-6.0,0.02324264617225169,0.03834816631756937,365,0.6303972366148531,32.06567500000001,67.11420348837213,0.15641792682926836,-23.093118874999984,91.71556062500002,24.277279999999998,3.45012981258493,-6.74825,0.1255952546631217,0.04954468400088198
p1b_lgbm|but|ev0.04|w-0.15|cmax15|g1,p1b_lgbm,but,0.04,-0.15,15.0,1,342,0.3149171270718232,2.391340000000014,2.6902575000000155,0.011780000000000068,-38.47487049999999,46.21091212499997,26.890195,2.004678864447023,-3.5,0.00931936984089144,0.04061090201410977,264,0.45595854922279794,45.570915000000014,95.38098488372097,0.30584506711409404,-3.8877302499999895,102.60027999999996,15.098230000000001,3.217072790481521,-5.0,0.1914234510010889,0.05723209068848507
p1b_lgbm|but|ev0.04|w+0.00|cmax8|g0,p1b_lgbm,but,0.04,0.0,8.0,0,624,0.574585635359116,22.509895000000025,25.32363187500003,0.05620448189762803,-37.32718624999998,82.253416875,26.545329999999996,2.695046218410655,-5.6525,0.0609658572076749,0.006782215851677808,432,0.7461139896373057,22.336410000000015,46.75062558139538,0.08916730538922162,-22.049845874999978,68.486681625,18.827739999999995,2.689755689283567,-5.74825,0.10926647827157479,0.007619582326574263
p1b_lgbm|but|ev0.04|w+0.00|cmax8|g1,p1b_lgbm,but,0.04,0.0,8.0,1,438,0.40331491712707185,29.395200000000017,33.06960000000002,0.10442344582593256,-21.966196749999984,83.192356625,21.0128,2.353304920898352,-4.5,0.09117539412093167,0.008951101915877757,296,0.5112262521588946,30.500410000000013,63.83806744186049,0.17379150997151005,-6.37954512499999,72.2913778749999,17.16093,2.41643475410626,-4.0,0.16607987595301685,0.012379561204923938
p1b_lgbm|but|ev0.04|w+0.00|cmax15|g0,p1b_lgbm,but,0.04,0.0,15.0,0,653,0.6012891344383057,25.123145000000026,28.263538125000032,0.06053769879518078,-37.68806262499998,88.89641525000003,28.26988,2.72649099902249,-6.1525,0.06629108639071708,0.006782215851677808,484,0.8359240069084629,53.95266000000002,112.9241720930233,0.19442400000000007,-4.5454521249999775,115.622816125,20.02559,3.580002208336998,-6.24825,0.19572163795658157,0.01181872324015077
p1b_lgbm|but|ev0.04|w+0.00|cmax15|g1,p1b_lgbm,but,0.04,0.0,15.0,1,449,0.4134438305709024,26.824975000000016,30.178096875000016,0.09412271929824567,-29.054854124999984,84.60253787500001,20.796299999999995,2.397775651803802,-4.5,0.08048519114350713,0.007710040694035699,322,0.5561312607944733,52.297135000000004,109.45911976744186,0.27966382352941177,-1.634355374999991,110.32358024999998,15.1004,3.3086405684718017,-4.0,0.20527571894648977,0.017960495007940763
p1b_lgbm|but|ev0.04|w+0.15|cmax8|g0,p1b_lgbm,but,0.04,0.15,8.0,0,927,0.8535911602209945,23.52365500000004,26.464111875000043,0.03824984552845535,-48.41355649999996,100.36521475000005,30.099314999999986,3.0993373876388883,-6.188,0.05307621060300346,-0.031226091959124787,651,1.1243523316062176,20.22670500000002,42.33496395348841,0.05233300129366111,-36.47758562499998,76.075921375,25.717679999999998,3.268558252405695,-7.5,0.07933673220551325,-0.022605106933523283
p1b_lgbm|but|ev0.04|w+0.15|cmax8|g1,p1b_lgbm,but,0.04,0.15,8.0,1,563,0.5184162062615101,21.758580000000023,24.478402500000026,0.05607881443298975,-44.643927124999976,91.26981212500002,28.78161999999999,2.80523500673881,-7.5,0.05424069702979769,-0.026594675693820503,386,0.6666666666666666,27.442445000000003,57.437675581395354,0.1145822338204593,-15.499346999999986,73.77951524999997,15.891149999999996,2.6548061436440125,-5.0,0.13252425936674916,-0.021341878146173547
p1b_lgbm|but|ev0.04|w+0.15|cmax15|g0,p1b_lgbm,but,0.04,0.15,15.0,0,956,0.8802946593001841,26.13690500000004,29.404018125000043,0.041520103256552886,-43.30465149999997,96.25069137499982,33.825414999999985,3.1211692553192725,-6.227,0.058153297650516474,-0.031226091959124787,703,1.2141623488773747,51.84295500000004,108.50851046511634,0.1253759492140267,-11.644442249999978,117.40925112499991,25.675179999999997,3.724854225956409,-8.0,0.17617868966143557,-0.019966294389794425
p1b_lgbm|but|ev0.04|w+0.15|cmax15|g1,p1b_lgbm,but,0.04,0.15,15.0,1,568,0.5230202578268877,23.86495500000002,26.84807437500002,0.06174632600258737,-40.61718074999998,88.33141062499996,27.582559999999987,2.8184112130079586,-7.0,0.05880222637554448,-0.026815473332343947,405,0.6994818652849741,54.23917000000001,113.52384418604653,0.22048443089430897,-0.031818874999986466,117.58969425000004,12.89685,3.3288067838449953,-5.0,0.20625161408703407,-0.0176557713682466
p1b_lgbm|but|ev0.06|w-0.15|cmax8|g0,p1b_lgbm,but,0.06,-0.15,8.0,0,291,0.26795580110497236,15.76579000000001,17.73651375000001,0.08254340314136131,-22.44363387499999,58.43277674999999,27.957409999999996,2.1307330058544496,-4.343999999999999,0.06915171040710207,0.04883628105341801,201,0.3471502590673575,10.63585000000001,22.261081395348857,0.08753786008230462,-22.98728574999999,46.939877499999994,20.811725,2.325016307206674,-4.0,0.07147698523012026,0.061198386052826216
p1b_lgbm|but|ev0.06|w-0.15|cmax8|g1,p1b_lgbm,but,0.06,-0.15,8.0,1,227,0.20902394106813996,15.100440000000006,16.987995000000005,0.1037830927835052,-18.689728999999993,54.09877337499997,18.908279999999998,1.88120652751598,-3.0,0.07501866776051613,0.05118124786088278,161,0.27806563039723664,19.744550000000004,41.32580232558141,0.20147500000000004,-13.312926874999997,54.03743887500001,13.449975000000006,2.1973474015305525,-3.5,0.1404004635475983,0.06381424113503828
p1b_lgbm|but|ev0.06|w-0.15|cmax15|g0,p1b_lgbm,but,0.06,-0.15,15.0,0,320,0.2946593001841621,18.37904000000001,20.676420000000014,0.08943571776155723,-24.807701499999993,64.837027875,25.755409999999994,2.145066078784415,-4.343999999999999,0.07650047383228602,0.04883628105341801,253,0.4369602763385147,42.252100000000006,88.43462790697676,0.28452592592592596,-9.629401249999988,105.0485795,16.9711,3.4202865580778243,-4.5,0.17903449461452575,0.0723820053988034
p1b_lgbm|but|ev0.06|w-0.15|cmax15|g1,p1b_lgbm,but,0.06,-0.15,15.0,1,240,0.22099447513812154,13.979815000000007,15.72729187500001,0.09258155629139078,-23.774789374999994,55.879220124999975,17.006879999999995,1.9316431876588915,-3.0,0.06461844381155774,0.051200634946610264,196,0.3385146804835924,47.88580000000001,100.22609302325583,0.41639826086956533,0.9431127500000077,107.2710028749999,11.357599999999998,3.2284876516163523,-3.5,0.2149604323565629,0.08013340216495564
p1b_lgbm|but|ev0.06|w+0.00|cmax8|g0,p1b_lgbm,but,0.06,0.0,8.0,0,408,0.3756906077348066,7.935410000000019,8.927336250000021,0.027649512195122017,-46.176687749999985,64.15148675,28.071099999999998,2.542903138711024,-5.5,0.02622361686999238,0.016360054061746714,303,0.5233160621761658,25.089995000000012,52.51394302325584,0.13525603773584913,-16.69781112499999,68.88023712500001,15.37089,2.4615324415522584,-5.0,0.13962788214446498,0.01871679804865041
p1b_lgbm|but|ev0.06|w+0.00|cmax8|g1,p1b_lgbm,but,0.06,0.0,8.0,1,299,0.27532228360957645,27.115610000000018,30.505061250000022,0.12943011933174234,-20.38630524999999,78.08066087499999,24.200329999999997,2.3439755285821233,-3.5,0.09721188046933137,0.017987304518969006,226,0.3903281519861831,24.96491500000002,52.252147674418644,0.17768622775800724,-12.443281374999993,65.45941712499996,16.3252,2.3419435330056078,-4.0,0.14602620949934006,0.02188976918043866
p1b_lgbm|but|ev0.06|w+0.00|cmax15|g0,p1b_lgbm,but,0.06,0.0,15.0,0,437,0.40239410681399634,10.548660000000016,11.867242500000017,0.03498726368159209,-41.89815787499999,65.39424762499999,26.259099999999997,2.572279541413905,-6.0,0.03361393069354408,0.016360054061746714,355,0.613126079447323,56.70624500000001,118.68748953488374,0.2668529176470589,2.7815446250000138,119.28976637499999,15.328389999999985,3.3885604154037963,-5.5,0.22312816475977412,0.025104576410848126
p1b_lgbm|but|ev0.06|w+0.00|cmax15|g1,p1b_lgbm,but,0.06,0.0,15.0,1,312,0.287292817679558,23.54538500000001,26.488558125000008,0.11002516355140192,-24.576325999999987,75.9976165,19.888329999999996,2.3736926821728694,-3.5,0.08130579011589938,0.016577914785410576,258,0.44559585492227977,45.809840000000015,95.8810604651163,0.29554735483870975,-6.159823874999991,105.86368624999993,14.2853,3.263573102284807,-4.0,0.18715617745441374,0.030072623645549797
p1b_lgbm|but|ev0.06|w+0.15|cmax8|g0,p1b_lgbm,but,0.06,0.15,8.0,0,647,0.5957642725598526,18.919930000000036,21.284921250000043,0.040127104984093394,-45.76021699999997,91.95625937499999,28.17313999999999,3.119070042410788,-7.305,0.04395571121032531,-0.02394924845563753,476,0.8221070811744386,37.096300000000014,77.64341860465119,0.12448422818791952,-11.275975249999984,89.69377424999989,17.182829999999996,2.9409151853406734,-5.5,0.16597187601987023,-0.020785750408339458
p1b_lgbm|but|ev0.06|w+0.15|cmax8|g1,p1b_lgbm,but,0.06,0.15,8.0,1,443,0.40791896869244937,32.25174000000003,36.28320750000003,0.09893171779141112,-27.414443124999977,104.36685649999995,24.25376999999999,2.823343018286056,-6.5,0.08277714020432442,-0.02184017857761222,320,0.5526770293609672,35.79001000000002,74.90932325581399,0.1737379126213593,-8.25114162499999,82.43616399999998,16.2393,2.620733108893498,-4.5,0.1796906303096825,-0.01967972911344695
p1b_lgbm|but|ev0.06|w+0.15|cmax15|g0,p1b_lgbm,but,0.06,0.15,15.0,0,676,0.6224677716390423,21.533180000000026,24.22482750000003,0.04430695473251034,-47.36744524999997,100.22145524999999,30.000939999999982,3.1451852166152534,-7.805,0.04890282065389855,-0.02394924845563753,528,0.9119170984455959,68.71255000000002,143.8169651162791,0.21142323076923084,7.4719323750000175,131.157160375,17.880679999999998,3.5920948914206194,-6.0,0.24524132987387026,-0.017048676295403475
p1b_lgbm|but|ev0.06|w+0.15|cmax15|g1,p1b_lgbm,but,0.06,0.15,15.0,1,452,0.4162062615101289,32.35811500000001,36.40287937500001,0.09910601837672285,-31.70578662499998,102.98535050000004,24.413609999999988,2.844100656291383,-6.0,0.08126624926085718,-0.02276802077055317,344,0.5941278065630398,60.08673500000001,125.76293372093026,0.27947318604651167,4.981114750000017,117.53068962500002,13.787500000000009,3.3418268484248284,-4.5,0.23051546095913317,-0.015525941393478973
p1b_lgbm|but|ev0.08|w-0.15|cmax8|g0,p1b_lgbm,but,0.08,-0.15,8.0,0,185,0.1703499079189687,21.75926000000001,24.47916750000001,0.16546965779467687,-13.077212749999994,61.73338137500002,17.2989,2.1433199926850013,-4.0,0.12231480130399439,0.057243431552196536,128,0.22107081174438686,12.568975000000005,26.307156976744196,0.15422055214723934,-17.522829374999993,46.059193749999984,14.254849999999998,2.206298853854041,-3.5,0.10172963728408191,0.07533289145469313
p1b_lgbm|but|ev0.08|w-0.15|cmax8|g1,p1b_lgbm,but,0.08,-0.15,8.0,1,152,0.13996316758747698,17.832710000000006,20.061798750000005,0.1698353333333334,-13.060418874999998,54.80719950000002,14.973019999999998,1.909907054505346,-3.0,0.11249339448431364,0.05805358154940761,110,0.18998272884283246,15.364125000000008,32.15747093023258,0.2194875000000001,-12.339786874999994,45.1419225,10.780899999999999,1.9860722476305435,-2.5,0.1381416891189738,0.07509703506122993
p1b_lgbm|but|ev0.08|w-0.15|cmax15|g0,p1b_lgbm,but,0.08,-0.15,15.0,0,214,0.19705340699815838,24.37251000000001,27.419073750000013,0.16693500000000006,-14.128402624999998,66.16903025,16.7967,2.1644789277733687,-4.0,0.12373868684196469,0.057243431552196536,165,0.2849740932642487,27.295475000000007,57.13006395348839,0.27025222772277235,-16.488088124999994,82.07942625,16.2809,3.3039028843547604,-4.0,0.13769308580090983,0.09486324078159915
p1b_lgbm|but|ev0.08|w-0.15|cmax15|g1,p1b_lgbm,but,0.08,-0.15,15.0,1,168,0.15469613259668508,15.212085000000005,17.113595625000006,0.13582218750000005,-17.245525875,52.22832249999999,11.454,1.895034943360606,-3.0,0.08821249962511074,0.057501663779009934,138,0.23834196891191708,21.480875000000005,44.959970930232565,0.2542115384615385,-19.595167500000002,73.25213687499995,13.280899999999999,3.121643564984162,-3.0,0.11468784820574156,0.10019882231544089
p1b_lgbm|but|ev0.08|w+0.00|cmax8|g0,p1b_lgbm,but,0.08,0.0,8.0,0,263,0.2421731123388582,18.990155000000012,21.363924375000014,0.09447838308457718,-24.625793749999993,67.3071485,27.444059999999997,2.3853681638601247,-5.0,0.07961100214094068,0.024427407680974175,178,0.307426597582038,19.18739500000001,40.15966395348839,0.16056397489539756,-14.180045749999994,53.30863037500001,12.364199999999993,2.1788062365704484,-4.5,0.13342999537132372,0.032811767826897036
p1b_lgbm|but|ev0.08|w+0.00|cmax8|g1,p1b_lgbm,but,0.08,0.0,8.0,1,207,0.19060773480662985,30.614005000000013,34.440755625000016,0.19687463022508048,-11.719563499999989,75.01543525000001,22.505979999999997,2.2673030133359036,-3.5,0.13502388000162954,0.02825467143167031,141,0.24352331606217617,20.221875000000004,42.3248546511628,0.21064453125000004,-10.927896749999995,52.33859087499999,14.30875,2.1016345058887596,-3.0,0.1457875023445028,0.03531014676092878
p1b_lgbm|but|ev0.08|w+0.00|cmax15|g0,p1b_lgbm,but,0.08,0.0,15.0,0,292,0.26887661141804786,21.603405000000013,24.303830625000014,0.1002478190255221,-24.83297337499998,73.14934237500002,25.547059999999995,2.4004327742690723,-5.0,0.08411024189997983,0.024427407680974175,215,0.37132987910189985,33.91389500000001,70.98257093023258,0.24398485611510798,-12.656551874999991,88.17066337500002,14.183850000000007,3.125904783473311,-5.0,0.1595486057786566,0.044686409426610396
p1b_lgbm|but|ev0.08|w+0.00|cmax15|g1,p1b_lgbm,but,0.08,0.0,15.0,1,220,0.20257826887661143,27.043780000000012,30.424252500000012,0.16902362500000007,-16.584840374999988,75.45278999999998,20.793479999999995,2.267175729491983,-3.5,0.11148037807076798,0.026876394561180288,166,0.2867012089810017,28.086875000000006,58.78648255813955,0.26249415887850475,-17.298257999999993,81.43271062499998,14.30875,3.077651641292,-3.5,0.13420696282519146,0.04993452136061224
p1b_lgbm|but|ev0.08|w+0.15|cmax8|g0,p1b_lgbm,but,0.08,0.15,8.0,0,421,0.3876611418047882,27.023500000000023,30.401437500000025,0.07878571428571435,-37.017277249999964,88.52512474999979,22.128749999999997,2.936598677255495,-6.4128,0.0773303608194605,-0.010978076124887487,296,0.5112262521588946,47.95555000000002,100.37208139534887,0.23507622549019616,5.16555500000001,94.07266599999998,8.348029999999994,2.715112413292333,-4.0,0.2419514342204229,-0.014372636291131226
p1b_lgbm|but|ev0.08|w+0.15|cmax8|g1,p1b_lgbm,but,0.08,0.15,8.0,1,310,0.285451197053407,30.01146000000002,33.76289250000002,0.11885726732673275,-25.15146599999998,87.39114237499997,25.98061,2.671668467888319,-5.5,0.09439687067777507,-0.008738322283272761,224,0.38687392055267705,32.632560000000005,68.3007069767442,0.209855691318328,-6.9115333749999905,78.53538174999984,14.216500000000003,2.618695546798786,-3.5,0.17070383397927774,-0.013381528085373327
p1b_lgbm|but|ev0.08|w+0.15|cmax15|g0,p1b_lgbm,but,0.08,0.15,15.0,0,450,0.4143646408839779,29.636750000000024,33.34134375000003,0.08290000000000007,-35.28480399999999,96.149775375,20.316749999999995,3.00665867527809,-6.4128,0.08146312722349981,-0.010978076124887487,333,0.5751295336787565,62.682050000000004,131.19498837209304,0.28045659955257274,11.09552775000001,127.34198162500002,11.343319999999999,3.40901977474473,-4.5,0.2484745720764139,-0.00813975846078515
p1b_lgbm|but|ev0.08|w+0.15|cmax15|g1,p1b_lgbm,but,0.08,0.15,15.0,1,322,0.2965009208103131,31.04333500000002,34.92375187500002,0.12197774066797651,-26.17613737499999,91.567994875,21.687350000000002,2.7123507962162363,-5.0,0.09458823982547002,-0.009723962625119762,246,0.42487046632124353,36.704735000000014,76.8238639534884,0.22380935975609764,-13.358450374999993,97.11369924999998,12.174,3.3004247567054623,-4.0,0.15028669610621812,-0.007436793608010592
p1b_lgbm|but|ev0.10|w-0.15|cmax8|g0,p1b_lgbm,but,0.1,-0.15,8.0,0,109,0.1003683241252302,27.113735000000013,30.502951875000015,0.32865133333333346,-4.103077124999994,62.82960224999999,9.5596,2.1183472606948857,-3.5,0.19393145509669957,0.062240398788883655,85,0.14680483592400692,20.761375000000008,43.454040697674436,0.3579547413793105,-4.116818124999996,47.90457000000001,8.885199999999998,1.9697059655823728,-2.5,0.21959046344536504,0.07929348634123119
p1b_lgbm|but|ev0.10|w-0.15|cmax8|g1,p1b_lgbm,but,0.1,-0.15,8.0,1,100,0.09208103130755065,26.088335000000004,29.349376875000008,0.3549433333333334,-3.3200247499999973,61.37917625000001,7.74822,2.073973488703068,-3.0,0.19058961225077417,0.06448842452192871,76,0.13126079447322972,20.952225000000006,43.853494186046525,0.3990900000000001,-2.141191874999999,46.46164874999998,8.327799999999996,1.815907014023924,-2.0,0.24037832561301473,0.07652873034976652
p1b_lgbm|but|ev0.10|w-0.15|cmax15|g0,p1b_lgbm,but,0.1,-0.15,15.0,0,132,0.12154696132596685,24.237735000000008,27.267451875000006,0.25784824468085116,-8.653651,61.02153175000001,10.1398,2.042004933000103,-3.5,0.15415035200640398,0.062240398788883655,118,0.20379965457685664,37.487875,78.46299418604652,0.4965281456953643,-3.0137199999999957,88.35885125,10.885200000000005,3.1266894400701046,-2.5,0.21410068128502877,0.1143491002574986
p1b_lgbm|but|ev0.10|w-0.15|cmax15|g1,p1b_lgbm,but,0.1,-0.15,15.0,1,119,0.10957642725598526,22.801735000000004,25.651951875,0.2763846666666667,-7.971349499999996,59.15277724999998,9.32842,1.9922967805715004,-3.0,0.1486357009955531,0.06399379137131378,102,0.17616580310880828,29.820725000000003,62.415470930232566,0.4518291666666667,-7.912923124999995,79.51144249999997,10.3278,2.99796347609503,-2.5,0.1776248945908412,0.12214150535968882
p1b_lgbm|but|ev0.10|w+0.00|cmax8|g0,p1b_lgbm,but,0.1,0.0,8.0,0,164,0.15101289134438306,34.20226000000001,38.47754250000001,0.24605942446043172,-1.4860546249999922,79.187535,17.6179,2.3925393304322964,-4.5,0.1856542917206453,0.03588264124009643,107,0.1848013816925734,12.927875000000007,27.05834302325583,0.16468630573248416,-15.923241249999995,45.38268562500001,12.907999999999998,2.207460287113749,-3.5,0.11483230143608796,0.048311192419313496
p1b_lgbm|but|ev0.10|w+0.00|cmax8|g1,p1b_lgbm,but,0.1,0.0,8.0,1,137,0.1261510128913444,36.630210000000005,41.20898625,0.3199144978165939,0.752037875000005,82.89834962499998,17.99712,2.358736781718082,-3.0,0.2016829587235695,0.039354317251794044,94,0.16234887737478412,16.118725000000005,33.73686627906978,0.23026750000000007,-10.167788749999993,45.6544925,12.240599999999997,2.062475624419714,-3.0,0.15323983839153105,0.05309175871709657
p1b_lgbm|but|ev0.10|w+0.00|cmax15|g0,p1b_lgbm,but,0.1,0.0,15.0,0,187,0.1721915285451197,31.32626000000001,35.24204250000001,0.20814790697674423,-9.558154999999994,76.859649875,18.6179,2.3194416328624636,-4.5,0.15704591658974587,0.03588264124009643,140,0.24179620034542315,29.65437500000001,62.06729651162792,0.30889973958333344,-13.114603749999995,81.198695,14.908000000000001,3.2945265863208655,-4.0,0.1579140976256147,0.07142743194467824
p1b_lgbm|but|ev0.10|w+0.00|cmax15|g1,p1b_lgbm,but,0.1,0.0,15.0,1,151,0.13904235727440148,30.013210000000008,33.76486125000001,0.251156569037657,-8.546217749999993,75.16175175000001,18.60582,2.2781969188546323,-3.0,0.1531872908198577,0.03909107612628475,119,0.20552677029360966,25.48722500000001,53.34535465116281,0.3070750000000001,-14.973386249999997,76.34531687499998,14.2406,3.1572058727248447,-3.5,0.1416265889115757,0.08196911660798967
p1b_lgbm|but|ev0.10|w+0.15|cmax8|g0,p1b_lgbm,but,0.1,0.15,8.0,0,274,0.2523020257826888,27.947710000000022,31.441173750000026,0.11246563380281699,-22.005404874999982,84.808785625,28.176359999999992,2.7082083390852763,-6.5,0.099227218560296,0.0009140687283067968,189,0.32642487046632124,23.43068500000001,49.040968604651184,0.1610356357388317,-12.444511374999992,61.18986000000001,14.15653,2.2249446953752523,-3.5,0.15044152428791854,6.743165071169207e-05
p1b_lgbm|but|ev0.10|w+0.15|cmax8|g1,p1b_lgbm,but,0.1,0.15,8.0,1,216,0.19889502762430938,36.35751000000001,40.90219875000001,0.18549750000000007,-13.411328124999986,89.20059900000001,29.493,2.6038504610463145,-5.5,0.1342594160216155,0.0003011671025678161,153,0.26424870466321243,24.126215000000006,50.496729069767454,0.2044594491525424,-10.993510499999996,61.19874612499999,15.931449999999998,2.2808265473981706,-2.5,0.15111197941767296,0.0014915412979695816
p1b_lgbm|but|ev0.10|w+0.15|cmax15|g0,p1b_lgbm,but,0.1,0.15,15.0,0,297,0.27348066298342544,25.07171000000002,28.205673750000024,0.09642965384615393,-26.102177999999988,81.19494300000001,30.676359999999992,2.7187206278726257,-6.5,0.08460438550222787,0.0009140687283067968,222,0.38341968911917096,40.157185000000005,84.04992209302327,0.24636309815950924,-5.287774999999991,94.07094349999997,15.090580000000003,3.1061238542161687,-4.0,0.18209002006209618,0.010355283118359022
p1b_lgbm|but|ev0.10|w+0.15|cmax15|g1,p1b_lgbm,but,0.1,0.15,15.0,1,228,0.20994475138121546,33.577385000000014,37.77455812500001,0.17001207594936715,-17.222588749999993,87.00367024999997,29.34041,2.598889000242034,-5.0,0.11853118915083957,-0.0006413494765907212,175,0.3022452504317789,35.21744000000001,73.71092093023258,0.2773026771653544,-9.07499287499999,89.5448678749999,14.931449999999998,3.0939394438904824,-3.0,0.16031997092561676,0.01253192090390861
p1b_ens_monthly|but+ast|ev0.04|w-0.15|cmax8|g0,p1b_ens_monthly,but+ast,0.04,-0.15,8.0,0,555,0.511049723756906,77.63997500000002,87.34497187500003,0.19434286608260332,29.96390337500001,129.632674125,10.306384999999999,2.2093853863250654,-4.4589,0.26421791967099933,0.0021736161421420943,317,0.5474956822107081,12.623905000000011,26.42212674418607,0.06249457920792085,-28.384863749999997,51.658661,18.810329999999997,2.4416475905721287,-5.5,0.06802947886470921,0.03471124085028295
p1b_ens_monthly|but+ast|ev0.04|w-0.15|cmax8|g1,p1b_ens_monthly,but+ast,0.04,-0.15,8.0,1,376,0.3462246777163904,53.54801000000001,60.241511250000016,0.19436664246823962,12.856150125000005,97.89850837499999,8.45026,1.85277168772022,-3.0,0.21730503505089777,0.006539409740768571,237,0.40932642487046633,16.532645000000002,34.603210465116284,0.10597849358974361,-20.24689274999999,53.1568915,12.943129999999996,2.2051856682815383,-4.0,0.09864693289118827,0.037967350549044994
p1b_ens_monthly|but+ast|ev0.04|w-0.15|cmax15|g0,p1b_ens_monthly,but+ast,0.04,-0.15,15.0,0,591,0.5441988950276243,81.06522500000003,91.19837812500003,0.19416820359281445,32.87687050000001,135.110156125,10.306384999999999,2.2917270600343227,-4.9589,0.26202210490945416,0.0021736161421420943,349,0.6027633851468048,33.08440500000001,69.24642906976746,0.1510703424657535,-18.108367749999992,87.35544974999999,21.31033,3.1251601326680425,-6.0,0.13929562004536583,0.04049846805884953
p1b_ens_monthly|but+ast|ev0.04|w-0.15|cmax15|g1,p1b_ens_monthly,but+ast,0.04,-0.15,15.0,1,394,0.36279926335174956,55.751435000000015,62.72036437500002,0.19735021238938058,13.59093725000001,100.42439549999996,10.795960000000004,1.9954903611370605,-3.0,0.20695343893180929,0.006540744741127052,253,0.4369602763385147,34.28479500000001,71.75887325581398,0.20969293577981657,-12.394598999999992,88.92668375,13.400630000000007,2.953092825477125,-4.0,0.1527604279121584,0.04560138530057733
p1b_ens_monthly|but+ast|ev0.04|w+0.00|cmax8|g0,p1b_ens_monthly,but+ast,0.04,0.0,8.0,0,898,0.8268876611418048,90.65872000000002,101.99106000000002,0.12877659090909094,22.45132100000002,158.30497587500003,16.62044499999999,2.8588293745851048,-7.533899999999999,0.21426914259540877,-0.03320962535957858,465,0.8031088082901554,6.7649600000000145,14.159218604651192,0.022739361344537863,-38.51267224999999,51.363259625,22.178024999999987,2.5864622963890693,-7.0,0.03310792706425364,-0.00390334429221055
p1b_ens_monthly|but+ast|ev0.04|w+0.00|cmax8|g1,p1b_ens_monthly,but+ast,0.04,0.0,8.0,1,561,0.5165745856353591,67.31479500000002,75.72914437500002,0.14745847754654987,5.043715000000018,129.76692699999995,12.684595000000002,2.5493592597976584,-5.0,0.178409415698455,-0.03070738611683939,299,0.5164075993091537,17.37031500000001,36.35647325581397,0.08620503722084372,-25.287932499999997,59.172914624999976,16.080079999999995,2.389738794133059,-5.0,0.09200897001927681,0.004547952449579627
p1b_ens_monthly|but+ast|ev0.04|w+0.00|cmax15|g0,p1b_ens_monthly,but+ast,0.04,0.0,15.0,0,934,0.860036832412523,94.08397000000002,105.84446625000002,0.13031020775623273,25.22691962500002,163.38294437499994,14.095169999999996,2.888058919734321,-8.0339,0.2201141035095225,-0.03320962535957858,497,0.8583765112262521,27.22546000000001,56.98352093023258,0.08656744038155806,-26.964113374999982,85.0902115,22.71501999999998,3.138708931772568,-7.5,0.1097986730979676,-0.00017112975129563002
p1b_ens_monthly|but+ast|ev0.04|w+0.00|cmax15|g1,p1b_ens_monthly,but+ast,0.04,0.0,15.0,1,571,0.5257826887661142,64.58927000000001,72.66292875000002,0.141487995618839,4.698883625000018,129.435088375,12.604309999999998,2.5335906785255484,-5.0,0.17225118097626668,-0.031024091781795635,315,0.5440414507772021,32.04731500000001,67.07577558139538,0.15260626190476195,-15.153859374999993,84.46786237500001,15.27378000000001,2.891935072472519,-5.0,0.14027362476123795,0.009518609548806657
p1b_ens_monthly|but+ast|ev0.04|w+0.15|cmax8|g0,p1b_ens_monthly,but+ast,0.04,0.15,8.0,0,1377,1.2679558011049723,82.67830000000004,93.01308750000004,0.07136668105308591,-10.429210249999983,171.79810712499992,24.369559999999993,3.846684662958091,-8.0,0.14140389240854515,-0.05789502077397628,719,1.241796200345423,9.303640000000009,19.472734883720946,0.019669429175475706,-45.81947024999998,66.60150212499983,33.56466,3.179582171434234,-6.94768,0.036124165658725345,-0.03630062916185143
p1b_ens_monthly|but+ast|ev0.04|w+0.15|cmax8|g1,p1b_ens_monthly,but+ast,0.04,0.15,8.0,1,722,0.6648250460405156,62.38920500000003,70.18785562500003,0.09374786626596548,-9.22239262499998,137.72283850000002,21.27764499999998,3.079224010063585,-5.5,0.13329829031963022,-0.05240864886759722,374,0.6459412780656304,27.29294500000001,57.12476860465118,0.10164970204841717,-18.66431412499999,74.15288524999995,18.70585,2.6651891843569815,-6.5,0.12642627407063395,-0.02720656952713631
p1b_ens_monthly|but+ast|ev0.04|w+0.15|cmax15|g0,p1b_ens_monthly,but+ast,0.04,0.15,15.0,0,1412,1.3001841620626151,85.22855000000003,95.88211875000003,0.07247325680272111,-6.254759124999959,174.08835200000004,19.401685000000008,3.7897436947817904,-8.5,0.14795569038320616,-0.05785061649091865,750,1.2953367875647668,28.674090000000014,60.01553720930235,0.0585783248212462,-33.118665874999984,95.99088812500001,34.522159999999985,3.5610656430094774,-7.44768,0.09940875754594147,-0.03403107981377228
p1b_ens_monthly|but+ast|ev0.04|w+0.15|cmax15|g1,p1b_ens_monthly,but+ast,0.04,0.15,15.0,1,730,0.6721915285451197,66.83700500000002,75.19163062500002,0.10103855631141348,-2.7364359999999808,143.00096312500003,15.46986,3.0486133360609178,-5.108899999999999,0.14423512911809566,-0.052252607919158076,388,0.6701208981001727,40.46644500000002,84.69721046511633,0.14715070909090916,-11.814619499999987,101.64964825000001,17.16335,3.2123119695567506,-6.5,0.15552217389697554,-0.024173968720035844
p1b_ens_monthly|but+ast|ev0.06|w-0.15|cmax8|g0,p1b_ens_monthly,but+ast,0.06,-0.15,8.0,0,334,0.30755064456721914,62.98414000000001,70.85715750000001,0.23071113553113556,22.836827250000002,105.16910387499999,10.059909999999999,1.9908015911238737,-3.5,0.27752261129570954,0.014276197791299199,198,0.34196891191709844,7.488575000000004,15.673761627906986,0.053681541218638024,-27.88811425,43.94306524999988,13.35475,2.207542530870234,-3.5,0.04846096569426936,0.04532220915302132
p1b_ens_monthly|but+ast|ev0.06|w-0.15|cmax8|g1,p1b_ens_monthly,but+ast,0.06,-0.15,8.0,1,256,0.23572744014732966,47.708560000000006,53.67213,0.2288180335731415,11.746041250000014,84.17861949999997,8.97496,1.7837329495359422,-2.5,0.23461815876628483,0.015833817237357307,162,0.27979274611398963,6.543475000000008,13.695645348837227,0.05592713675213682,-25.400597874999995,41.082327125000006,13.32015,2.063715753048481,-3.0,0.045296070521160754,0.04598694608747785
p1b_ens_monthly|but+ast|ev0.06|w-0.15|cmax15|g0,p1b_ens_monthly,but+ast,0.06,-0.15,15.0,0,368,0.3388581952117864,63.36689000000001,71.28775125000001,0.21850651724137934,20.76325125000001,105.523375625,10.059909999999999,2.063606747077356,-3.9588999999999994,0.25589052633916015,0.014276197791299199,230,0.39723661485319517,27.949075000000004,58.498063953488376,0.178588338658147,-19.658017624999996,83.02787437499994,15.854750000000003,3.1170046129953395,-4.0,0.12629077994327645,0.05489684804528068
p1b_ens_monthly|but+ast|ev0.06|w-0.15|cmax15|g1,p1b_ens_monthly,but+ast,0.06,-0.15,15.0,1,275,0.2532228360957643,45.36948500000001,51.04067062500001,0.2100439120370371,5.939892875000011,85.499552375,9.007460000000002,1.9093651554137328,-2.8249999999999997,0.19801295765489255,0.015443825251803265,184,0.3177892918825561,24.960825000000014,52.243587209302355,0.19577117647058834,-18.812407624999995,78.37700574999998,13.777649999999998,2.969181174449846,-3.0,0.11840332227557583,0.05791258139080837
p1b_ens_monthly|but+ast|ev0.06|w+0.00|cmax8|g0,p1b_ens_monthly,but+ast,0.06,0.0,8.0,0,555,0.511049723756906,94.76112,106.60625999999999,0.18801809523809526,35.25631037500002,155.886862,13.945850000000021,2.6434858437819804,-5.533899999999999,0.2635811131031487,-0.028413575052046905,280,0.4835924006908463,25.34284500000001,53.0431639534884,0.12671422500000007,-14.735455999999992,65.51467224999999,12.107650000000003,2.362929207800778,-4.5,0.14112081129695006,0.007661567525691811
p1b_ens_monthly|but+ast|ev0.06|w+0.00|cmax8|g1,p1b_ens_monthly,but+ast,0.06,0.0,8.0,1,381,0.35082872928176795,69.138225,77.78050312500001,0.1961368085106383,16.34927787500001,125.2895495,12.918350000000004,2.4182053552822227,-5.0,0.21022586041343777,-0.026184294622782246,211,0.3644214162348877,24.802195,51.911570930232564,0.15848047923322683,-13.704096874999994,64.77625450000001,12.578899999999997,2.3211641234623825,-4.0,0.14059525897110503,0.01173610970741638
p1b_ens_monthly|but+ast|ev0.06|w+0.00|cmax15|g0,p1b_ens_monthly,but+ast,0.06,0.0,15.0,0,589,0.5423572744014733,95.14387000000002,107.03685375000002,0.18261779270633402,33.867127250000024,157.632162,11.864350000000016,2.696863606881819,-6.033899999999999,0.25751424771632564,-0.028413575052046905,312,0.538860103626943,45.80334500000002,95.86746627906982,0.21107532258064526,-4.101903999999986,104.31073187499999,13.30135,3.121789462543448,-5.0,0.1930545282878363,0.014014397161322134
p1b_ens_monthly|but+ast|ev0.06|w+0.00|cmax15|g1,p1b_ens_monthly,but+ast,0.06,0.0,15.0,1,396,0.36464088397790057,67.41835,75.84564375,0.189643741209564,11.846249750000009,125.24593887499994,11.55996,2.4689794688880924,-5.0,0.1993150411846752,-0.02657590604228081,232,0.4006908462867012,40.644395,85.06966395348837,0.24265310447761196,-6.423691499999991,94.53923324999998,11.521749999999997,2.984359789643706,-4.0,0.17919912770185104,0.01965822198659196
p1b_ens_monthly|but+ast|ev0.06|w+0.15|cmax8|g0,p1b_ens_monthly,but+ast,0.06,0.15,8.0,0,943,0.8683241252302025,84.86379500000004,95.47176937500004,0.09392783065855012,0.876294625000032,167.05223075,24.14614499999999,3.511726789388142,-9.608899999999998,0.16328263975517762,-0.05397940799780896,480,0.8290155440414507,8.940185000000017,18.712015116279105,0.025690186781609246,-40.88728349999999,58.60412950000001,22.940879999999996,2.7503367469075553,-6.0,0.0416740810153998,-0.03128203891821448
p1b_ens_monthly|but+ast|ev0.06|w+0.15|cmax8|g1,p1b_ens_monthly,but+ast,0.06,0.15,8.0,1,564,0.5193370165745856,61.33986000000003,69.00734250000004,0.10751947414548647,-11.414132749999991,133.93558849999997,25.849294999999984,3.0311224820799576,-5.108899999999999,0.1367343338858125,-0.0508326306224391,297,0.5129533678756477,23.428045000000008,49.03544302325584,0.10230587336244545,-20.16106999999999,69.11320974999998,14.994149999999994,2.5428374824352016,-5.0,0.11811983791996247,-0.02239955608144055
p1b_ens_monthly|but+ast|ev0.06|w+0.15|cmax15|g0,p1b_ens_monthly,but+ast,0.06,0.15,15.0,0,977,0.8996316758747698,85.24654500000004,95.90236312500005,0.09260895708853888,1.9613312500000215,166.48142275,21.645020000000002,3.520086880018016,-10.108899999999998,0.16362953204040556,-0.05397940799780896,512,0.8842832469775475,29.400685000000006,61.536317441860476,0.08054982191780824,-28.078821374999997,90.08618062499995,24.134580000000003,3.3093731593771523,-6.5,0.11389826436052332,-0.027780186876755812
p1b_ens_monthly|but+ast|ev0.06|w+0.15|cmax15|g1,p1b_ens_monthly,but+ast,0.06,0.15,15.0,1,573,0.5276243093922652,65.28766000000002,73.44861750000003,0.11514578483245153,-7.196459249999971,137.91361387499995,18.76144499999998,3.0062980552337284,-5.108899999999999,0.14673622832235822,-0.05057499294561699,315,0.5440414507772021,38.266745000000014,80.09318720930236,0.16112313684210533,-13.563667999999993,97.55741949999998,14.68784999999999,3.2310546365056854,-5.5,0.15183874928291755,-0.017755679902088952
p1b_ens_monthly|but+ast|ev0.08|w-0.15|cmax8|g0,p1b_ens_monthly,but+ast,0.08,-0.15,8.0,0,188,0.1731123388581952,55.151520000000005,62.045460000000006,0.3234693255131965,18.37430712500001,95.08923237499995,7.853650000000002,2.079569042342161,-3.0999999999999996,0.29143569989773943,0.024656358085732542,127,0.21934369602763384,5.9419650000000015,12.43667093023256,0.05912402985074628,-26.437152749999996,39.42318599999997,10.627749999999999,2.1818241971894015,-3.0,0.0439256954271329,0.057458330388144525
p1b_ens_monthly|but+ast|ev0.08|w-0.15|cmax8|g1,p1b_ens_monthly,but+ast,0.08,-0.15,8.0,1,159,0.1464088397790055,42.15789000000001,47.42762625000001,0.29481041958041965,7.607252500000004,77.14623262499997,7.824999999999999,1.9710623884010277,-4.0,0.23503746974713213,0.024459101593823338,107,0.1848013816925734,8.069065000000007,16.888740697674432,0.09274787356321848,-21.377695874999993,39.58023124999999,8.742799999999999,1.9828277641847447,-2.5,0.06563666901796185,0.05381226553288613
p1b_ens_monthly|but+ast|ev0.08|w-0.15|cmax15|g0,p1b_ens_monthly,but+ast,0.08,-0.15,15.0,0,214,0.19705340699815838,59.534270000000014,66.97605375000002,0.3244374386920982,20.634494125,101.06349962499999,9.853650000000002,2.0861799370505834,-3.0999999999999996,0.27706268816696444,0.024656358085732542,156,0.2694300518134715,23.59046500000001,49.375391860465136,0.20336607758620698,-19.976186749999993,76.23852525,13.333499999999997,3.113714718074938,-3.5,0.11837982891794552,0.0732812160837421
p1b_ens_monthly|but+ast|ev0.08|w-0.15|cmax15|g1,p1b_ens_monthly,but+ast,0.08,-0.15,15.0,1,177,0.16298342541436464,46.126540000000006,51.8923575,0.3075102666666667,9.24928637500001,87.24755362500001,10.905300000000004,1.9884366761545924,-4.0,0.2252173734307425,0.024347333570219332,128,0.22107081174438686,21.67441500000001,45.36505465116281,0.2211675000000001,-17.577384374999998,69.66686899999999,9.200299999999995,2.8793816768749085,-2.5,0.11761647894577228,0.07305516281866536
p1b_ens_monthly|but+ast|ev0.08|w+0.00|cmax8|g0,p1b_ens_monthly,but+ast,0.08,0.0,8.0,0,325,0.2992633517495396,68.67029500000001,77.25408187500001,0.20108431918008787,16.07895762500001,124.90503312499999,16.30890000000001,2.6520094452935563,-5.5,0.22914764754785752,-0.023654857905459646,181,0.3126079447322971,21.715045000000007,45.45009418604653,0.14975893103448282,-16.4882915,61.65313262499998,13.262099999999997,2.3596021114827948,-4.0,0.13533590917925914,0.01994760991795777
p1b_ens_monthly|but+ast|ev0.08|w+0.00|cmax8|g1,p1b_ens_monthly,but+ast,0.08,0.0,8.0,1,248,0.2283609576427256,55.524095,62.464606875,0.21192402671755725,7.492781375000005,106.99599912499998,15.383900000000008,2.4221911116021713,-4.5,0.20285916755815217,-0.019182938583267257,149,0.25734024179620035,20.538695000000004,42.987966279069774,0.16698126016260165,-16.332545499999995,58.53405424999999,12.538599999999995,2.312348397880246,-3.0,0.13062029607209022,0.02017180278903692
p1b_ens_monthly|but+ast|ev0.08|w+0.00|cmax15|g0,p1b_ens_monthly,but+ast,0.08,0.0,15.0,0,351,0.32320441988950277,73.053045,82.184675625,0.20607346967559942,18.19776125000001,128.48865899999996,14.11385,2.6357183465613665,-5.5,0.232912266689907,-0.023654857905459646,210,0.3626943005181347,39.36354500000001,82.38881511627909,0.24525573208722748,-6.619266499999996,92.10149537500001,14.7196,3.1281166529044353,-4.5,0.18237368446301308,0.03009740459208256
p1b_ens_monthly|but+ast|ev0.08|w+0.00|cmax15|g1,p1b_ens_monthly,but+ast,0.08,0.0,15.0,1,264,0.2430939226519337,60.60624500000001,68.18202562500001,0.2278430263157895,9.939107000000007,113.18546,11.302400000000002,2.432596755099853,-4.5,0.20936317349057829,-0.020425829428700037,169,0.2918825561312608,32.568895000000005,68.1674546511628,0.2439617602996255,-10.821721749999996,83.32174525,12.496099999999998,3.0385076014899157,-3.0,0.15534368608557825,0.032033166579581794
p1b_ens_monthly|but+ast|ev0.08|w+0.15|cmax8|g0,p1b_ens_monthly,but+ast,0.08,0.15,8.0,0,579,0.5331491712707183,89.27534000000003,100.43475750000003,0.13650663608562696,8.474808750000024,164.59789987500002,23.470425000000006,3.324349604272829,-8.3,0.1932012903420294,-0.055455256508806436,308,0.531951640759931,33.53321000000001,70.18578837209306,0.13687024489795924,-7.444284124999992,74.465048875,12.228229999999996,2.491990046685983,-4.5,0.18184321686562036,-0.021840402305531876
p1b_ens_monthly|but+ast|ev0.08|w+0.15|cmax8|g1,p1b_ens_monthly,but+ast,0.08,0.15,8.0,1,401,0.3692449355432781,63.83675500000002,71.81634937500002,0.13938156113537123,-1.8899174999999793,131.580929875,18.64542499999999,2.882383605583898,-7.0,0.15933244600966065,-0.048959197392739226,219,0.37823834196891193,31.071270000000013,65.03289069767445,0.1716644751381216,-7.962829124999988,72.18954200000002,10.261200000000002,2.4378097026363137,-3.5,0.17223740908609697,-0.013546027387095467
p1b_ens_monthly|but+ast|ev0.08|w+0.15|cmax15|g0,p1b_ens_monthly,but+ast,0.08,0.15,15.0,0,605,0.5570902394106814,93.65809000000002,105.36535125000003,0.14041692653673166,17.50753862500003,169.73350649999998,20.118449999999996,3.320516300975815,-8.3,0.20292001229901543,-0.055455256508806436,337,0.5820379965457686,51.18171,107.12450930232558,0.1964748944337812,2.4205222500000088,101.25173712499998,11.921929999999996,2.992259504191995,-4.0,0.23114463460163556,-0.016292954167902877
p1b_ens_monthly|but+ast|ev0.08|w+0.15|cmax15|g1,p1b_ens_monthly,but+ast,0.08,0.15,15.0,1,412,0.37937384898710863,71.83840500000002,80.81820562500003,0.1573678094194962,6.62573037500001,142.548116625,17.5,2.8757398663772076,-7.0,0.179718292185113,-0.04828546814555324,237,0.40932642487046633,41.09797000000002,86.01900697674422,0.216305105263158,-7.46543737499999,95.23277149999996,9.263650000000005,3.0394027320190293,-4.0,0.18272602282095202,-0.00672467399442071
p1b_ens_monthly|but+ast|ev0.10|w-0.15|cmax8|g0,p1b_ens_monthly,but+ast,0.1,-0.15,8.0,0,99,0.09116022099447514,51.132295000000006,57.523831875000006,0.529868341968912,22.391956250000003,79.88638775000001,6.0,1.923592220604657,-3.5,0.4430278452669074,0.028819891306039673,71,0.1226252158894646,10.254220000000004,21.46232093023257,0.16406752000000005,-16.80893875,39.61603725000001,12.127749999999999,2.067340629089933,-2.5,0.09725689827099866,0.06452128161231055
p1b_ens_monthly|but+ast|ev0.10|w-0.15|cmax8|g1,p1b_ens_monthly,but+ast,0.1,-0.15,8.0,1,90,0.08287292817679558,44.330845000000004,49.872200625000005,0.5124953179190752,16.39921750000001,71.52681424999996,6.0,1.855864808275466,-3.5,0.3981148914361006,0.03259586516404621,68,0.11744386873920552,14.254220000000004,29.83441395348838,0.2436618803418804,-12.176585749999997,43.50950875000001,12.127749999999999,2.0169681863929476,-2.0,0.13857160052869089,0.06790291480114156
p1b_ens_monthly|but+ast|ev0.10|w-0.15|cmax15|g0,p1b_ens_monthly,but+ast,0.1,-0.15,15.0,0,116,0.10681399631675875,51.121545000000005,57.51173812500001,0.4868718571428572,21.892326750000002,82.7253055,6.5,1.8857503687352797,-3.5,0.3872770212974069,0.028819891306039673,92,0.15889464594127806,31.902720000000002,66.77313488372094,0.43111783783783786,-8.794107749999995,81.086024375,12.127750000000006,3.3045853101848213,-2.5,0.17877919788915025,0.09601009853185757
p1b_ens_monthly|but+ast|ev0.10|w-0.15|cmax15|g1,p1b_ens_monthly,but+ast,0.1,-0.15,15.0,1,103,0.09484346224677716,42.66979499999999,48.00351937499999,0.461295081081081,13.728446750000005,73.64812475000001,5.5,1.8431279464228838,-3.5,0.3307250053817706,0.030853834987280285,83,0.14335060449050085,29.107820000000004,60.92334418604651,0.43771157894736845,-8.903100999999994,77.77080525,11.627750000000006,3.1627673238087017,-2.0,0.17043103349587624,0.10430147752679976
p1b_ens_monthly|but+ast|ev0.10|w+0.00|cmax8|g0,p1b_ens_monthly,but+ast,0.1,0.0,8.0,0,202,0.1860036832412523,53.283595000000005,59.94404437500001,0.22625730360934185,6.610742625000007,99.63829637499997,12.70000000000001,2.5879255461932447,-6.1,0.22877008394438408,-0.02141216157231068,110,0.18998272884283246,3.188430000000004,6.673458139534892,0.030657980769230805,-27.547489874999997,36.74848112499995,19.12775,2.161887529082028,-4.0,0.024177642712287416,0.019774190677660203
p1b_ens_monthly|but+ast|ev0.10|w+0.00|cmax8|g1,p1b_ens_monthly,but+ast,0.1,0.0,8.0,1,163,0.15009208103130756,45.45124500000001,51.13265062500001,0.24112066312997352,2.447225000000005,86.75290462499999,11.875000000000007,2.3036163496047517,-4.6,0.2192265363197228,-0.01937712226954907,99,0.17098445595854922,8.555830000000004,17.907551162790707,0.09101946808510643,-22.795049874999997,43.78351462499996,17.12775,2.2072034108094614,-4.0,0.06354625382953859,0.026299755231272662
p1b_ens_monthly|but+ast|ev0.10|w+0.00|cmax15|g0,p1b_ens_monthly,but+ast,0.1,0.0,15.0,0,219,0.20165745856353592,53.272845000000004,59.931950625,0.21833133196721313,5.934527125000008,101.57276375000002,13.70000000000001,2.536280095970983,-6.1,0.2165394068664999,-0.02141216157231068,131,0.22625215889464595,24.83693000000001,51.98427209302327,0.21503835497835505,-19.378849749999993,77.88083775,19.085250000000006,3.0999717007583887,-4.0,0.12717438163404415,0.037175903205211004
p1b_ens_monthly|but+ast|ev0.10|w+0.00|cmax15|g1,p1b_ens_monthly,but+ast,0.1,0.0,15.0,1,174,0.16022099447513813,44.903695000000006,50.51665687500001,0.23448404699738906,2.097179000000008,87.85445812499998,11.875000000000004,2.251352412852825,-4.6,0.20562071405562388,-0.021134977944308464,114,0.19689119170984457,20.082530000000002,42.0332023255814,0.19785743842364534,-22.86494437499999,73.42475499999996,16.585250000000006,3.0091184787453145,-4.0,0.10593478445994338,0.04433918473030309
p1b_ens_monthly|but+ast|ev0.10|w+0.15|cmax8|g0,p1b_ens_monthly,but+ast,0.1,0.15,8.0,0,349,0.32136279926335176,80.57595,90.64794375,0.18046125419932812,14.898809875000008,145.0447717499999,17.535074999999992,2.9595865773302097,-7.5,0.21780325837992184,-0.05316193539896329,182,0.3143350604490501,17.205970000000008,36.01249534883723,0.10365042168674704,-24.825868124999992,60.93604337499998,21.36225,2.6025001778558825,-4.5,0.0931172292304922,-0.015821570021530874
p1b_ens_monthly|but+ast|ev0.10|w+0.15|cmax8|g1,p1b_ens_monthly,but+ast,0.1,0.15,8.0,1,260,0.23941068139963168,65.65320000000001,73.85985000000002,0.1951060921248143,11.700568750000013,121.91422975000002,13.793899999999994,2.605371385471892,-5.0,0.2015933708832339,-0.0458462737974703,155,0.26770293609671847,17.283070000000006,36.17386744186047,0.12002131944444448,-21.570214874999994,58.73344275,18.090950000000003,2.45043311325896,-3.5,0.09933897799928884,-0.00850384748942394
p1b_ens_monthly|but+ast|ev0.10|w+0.15|cmax15|g0,p1b_ens_monthly,but+ast,0.1,0.15,15.0,0,366,0.3370165745856354,80.5652,90.63585,0.17706637362637365,17.666646875000023,145.92455624999994,17.493899999999996,2.9560600763490825,-7.5,0.21460039280622326,-0.05316193539896329,203,0.35060449050086356,38.854470000000006,81.3233093023256,0.2188984225352113,-10.72795137499999,96.12497274999997,21.31975,3.218395757690834,-4.5,0.16767528212684968,-0.006223239168880499
p1b_ens_monthly|but+ast|ev0.10|w+0.15|cmax15|g1,p1b_ens_monthly,but+ast,0.1,0.15,15.0,1,268,0.24677716390423574,67.11135000000002,75.50026875000002,0.20003383010432196,12.307938750000009,125.99422500000001,13.293899999999994,2.6089779490155744,-5.0,0.20254514875108245,-0.0454378616925635,170,0.29360967184801384,28.80977000000001,60.29951860465118,0.19016349834983506,-16.426673124999997,84.284231375,18.090950000000007,3.0792471767759424,-3.5,0.129945948302662,0.00040482303613082523
p1b_ens_monthly|but|ev0.04|w-0.15|cmax8|g0,p1b_ens_monthly,but,0.04,-0.15,8.0,0,325,0.2992633517495396,18.21997500000001,20.49747187500001,0.09665769230769235,-15.02751449999999,57.46711887500001,9.850134999999998,1.7589977716498375,-3.5,0.09248354422967972,0.05041112610413954,291,0.5025906735751295,16.103905000000005,33.705847674418614,0.08799948087431697,-23.070713499999997,56.91198987499997,18.310329999999997,2.441405785317916,-5.5,0.08913730734421922,0.0476479096598456
p1b_ens_monthly|but|ev0.04|w-0.15|cmax8|g1,p1b_ens_monthly,but,0.04,-0.15,8.0,1,248,0.2283609576427256,8.30919500000001,9.347844375000012,0.05750307958477515,-21.863386124999995,42.772247375000006,14.598725,1.580396612002482,-3.0,0.04694343211570498,0.05352152799225903,224,0.38687392055267705,15.612645000000008,32.677629069767455,0.1080459861591696,-20.53573799999999,53.15063250000001,11.443129999999996,2.170253271855027,-4.0,0.09721523838959699,0.05113649002586248
p1b_ens_monthly|but|ev0.04|w-0.15|cmax15|g0,p1b_ens_monthly,but,0.04,-0.15,15.0,0,361,0.3324125230202578,21.64522500000001,24.350878125000012,0.10481949152542377,-13.848380249999984,60.942149499999935,12.970484999999996,1.8466585419483306,-4.0,0.09687018631828836,0.05041112610413954,323,0.5578583765112263,36.56440500000001,76.53015000000002,0.18282202500000003,-15.130397499999994,90.95965524999993,20.81033,3.1395000270603597,-6.0,0.1573860732034265,0.054049115612220956
p1b_ens_monthly|but|ev0.04|w-0.15|cmax15|g1,p1b_ens_monthly,but,0.04,-0.15,15.0,1,271,0.24953959484346225,5.557320000000008,6.251985000000009,0.03585367741935489,-28.10418299999999,41.145276375,24.434424999999997,1.6843877076616138,-3.0,0.027267038493513366,0.05409058982295185,240,0.41450777202072536,33.364795000000015,69.83329186046514,0.219505230263158,-12.549194124999987,86.141447875,12.196830000000006,2.943864460041805,-4.0,0.15315773339024763,0.06037646547486136
p1b_ens_monthly|but|ev0.04|w+0.00|cmax8|g0,p1b_ens_monthly,but,0.04,0.0,8.0,0,439,0.40423572744014735,21.662070000000018,24.369828750000018,0.08236528517110273,-21.118244249999982,67.47088712499996,12.603104999999989,1.891009440249391,-4.67945,0.08613003367420383,0.02080007398937804,396,0.6839378238341969,14.86996000000001,31.123172093023275,0.061573333333333376,-28.392517499999993,59.263652125,16.88502,2.557204559235009,-7.0,0.07651220850301628,0.013587749215020869
p1b_ens_monthly|but|ev0.04|w+0.00|cmax8|g1,p1b_ens_monthly,but,0.04,0.0,8.0,1,329,0.3029465930018416,19.965900000000016,22.461637500000016,0.09982950000000007,-21.51494137499999,63.86403450000001,14.705534999999998,1.8148200675402408,-4.0,0.08271869567524047,0.019800601941934864,275,0.4749568221070812,19.855315000000004,41.55763604651163,0.11378404011461321,-19.364635874999994,60.071413625,13.578899999999997,2.3576873618722773,-5.0,0.11080949449098129,0.019347752648778034
p1b_ens_monthly|but|ev0.04|w+0.00|cmax15|g0,p1b_ens_monthly,but,0.04,0.0,15.0,0,475,0.43738489871086556,25.08732000000002,28.223235000000024,0.08927871886121004,-22.855916999999984,73.30050087499994,14.350634999999997,2.0042025066000377,-4.67945,0.09203939603300103,0.02080007398937804,428,0.7392055267702936,35.33046000000001,73.94747441860467,0.13667489361702131,-15.716747124999982,89.179670375,19.582869999999986,3.147816257773059,-7.5,0.14768157847087582,0.018049543421029702
p1b_ens_monthly|but|ev0.04|w+0.00|cmax15|g1,p1b_ens_monthly,but,0.04,0.0,15.0,1,346,0.31860036832412525,13.356675000000013,15.026259375000015,0.06452500000000007,-30.89458099999998,59.523973125,23.009514999999997,1.9048828728129537,-4.0,0.05155741961352551,0.020974960528059763,291,0.5025906735751295,34.53231500000001,72.27693837209304,0.18870117486338803,-10.197616624999991,86.139979375,13.023980000000009,2.88096808224718,-5.0,0.15771523766242468,0.025514716444495343
p1b_ens_monthly|but|ev0.04|w+0.15|cmax8|g0,p1b_ens_monthly,but,0.04,0.15,8.0,0,649,0.5976058931860037,27.56432000000003,31.00986000000003,0.06731213675213683,-24.797714374999973,81.65848749999995,17.632185,2.282923468486939,-6.2780499999999995,0.0850291007372749,-0.01566813061699029,575,0.9930915371329879,18.273640000000015,38.24715348837213,0.05273777777777782,-34.20436274999999,72.93636424999995,25.97216,2.9672335495635394,-8.5,0.07698096431728449,-0.018526206851268597
p1b_ens_monthly|but|ev0.04|w+0.15|cmax8|g1,p1b_ens_monthly,but,0.04,0.15,8.0,1,441,0.40607734806629836,24.47574000000002,27.535207500000023,0.08483792027729643,-22.674003749999983,76.08993862500003,21.93254499999999,2.143575523385991,-4.5,0.08040974732017676,-0.01688929748579122,336,0.5803108808290155,29.39799500000001,61.53068720930234,0.13362725000000003,-12.569099374999993,74.37538812500001,15.655849999999994,2.4642091442281804,-5.5,0.14912489808777887,-0.011929849860406202
p1b_ens_monthly|but|ev0.04|w+0.15|cmax15|g0,p1b_ens_monthly,but,0.04,0.15,15.0,0,685,0.6307550644567219,30.98957000000003,34.86326625000003,0.07249022222222229,-24.075169249999973,83.05656925000004,18.632185,2.3348998248765134,-6.2780499999999995,0.09281352348028082,-0.01566813061699029,607,1.0483592400690847,38.73414000000001,81.0714558139535,0.10655884456671255,-19.52279774999998,98.94805325000002,26.92966,3.3401724956236842,-9.0,0.14495561251233938,-0.015573363839766244
p1b_ens_monthly|but|ev0.04|w+0.15|cmax15|g1,p1b_ens_monthly,but,0.04,0.15,15.0,1,457,0.4208103130755064,25.07991500000002,28.214904375000025,0.0853058333333334,-26.304607749999985,74.28411700000001,20.948614999999997,2.1966783529438243,-4.5,0.07984055596668693,-0.01708487404522249,350,0.6044905008635578,42.571495000000006,89.10312906976745,0.1879536203090508,-6.51636724999999,99.26493500000001,14.113350000000004,2.959980380754958,-5.5,0.17977946440451548,-0.007825589984349996
p1b_ens_monthly|but|ev0.06|w-0.15|cmax8|g0,p1b_ens_monthly,but,0.06,-0.15,8.0,0,199,0.1832412523020258,10.081640000000005,11.341845000000006,0.08130354838709682,-19.45869699999999,39.44146075,14.562359999999998,1.640706320304332,-3.5,0.06904151738232639,0.06424543672735572,183,0.3160621761658031,13.638575000000005,28.5458546511628,0.1073903543307087,-19.840326124999994,51.15307625,13.35475,2.2111263868959923,-3.5,0.09206204679293968,0.05852483808062516
p1b_ens_monthly|but|ev0.06|w-0.15|cmax8|g1,p1b_ens_monthly,but,0.06,-0.15,8.0,1,164,0.15101289134438306,6.0641100000000066,6.822123750000007,0.059452058823529476,-20.933804499999994,34.02051674999997,17.375659999999996,1.520772800222217,-2.5,0.04480358105153795,0.06677548661502127,154,0.2659758203799655,10.093475000000007,21.125877906976758,0.09302741935483877,-20.737888374999997,45.60245150000001,11.32015,2.063392391314902,-3.0,0.07301029180446554,0.060013870408126904
p1b_ens_monthly|but|ev0.06|w-0.15|cmax15|g0,p1b_ens_monthly,but,0.06,-0.15,15.0,0,233,0.214548802946593,10.464390000000009,11.77243875000001,0.07421553191489368,-23.99382824999999,44.00342849999997,17.562359999999998,1.7224487087942737,-4.0,0.060752984669860816,0.06424543672735572,215,0.37132987910189985,34.099075000000006,71.3701569767442,0.2367991319444445,-13.286169374999993,87.29442887500001,15.854750000000003,3.142870204439532,-4.0,0.15724145784179855,0.06906552848737554
p1b_ens_monthly|but|ev0.06|w-0.15|cmax15|g1,p1b_ens_monthly,but,0.06,-0.15,15.0,1,187,0.1721915285451197,0.7250350000000054,0.8156643750000061,0.006444755555555604,-30.875313124999995,31.879161625,23.61186,1.6370969558206383,-2.5,0.004428784730325058,0.06822507997247867,176,0.30397236614853196,28.51082500000001,59.673819767441884,0.23958676470588244,-14.024979249999989,82.69236512499997,12.24125,2.9907853496884833,-3.0,0.1381578127503798,0.07354668730398062
p1b_ens_monthly|but|ev0.06|w+0.00|cmax8|g0,p1b_ens_monthly,but,0.06,0.0,8.0,0,260,0.23941068139963168,22.073920000000008,24.83316000000001,0.12946580645161296,-11.59542362499999,56.792423874999976,14.329784999999998,1.7729785311530142,-4.0,0.11971336766903751,0.035467560181054375,246,0.42487046632124353,35.50784500000001,74.31874534883724,0.21390268072289162,-2.133342624999991,75.80621487499998,9.263274999999997,2.326972566699324,-4.5,0.21193396129650738,0.024703578418359833
p1b_ens_monthly|but|ev0.06|w+0.00|cmax8|g1,p1b_ens_monthly,but,0.06,0.0,8.0,1,204,0.1878453038674033,20.863900000000015,23.471887500000015,0.15397712177121783,-12.96450687499999,56.41739574999996,13.943685,1.7999136400932794,-3.0,0.11145780475696958,0.032781464943275544,194,0.33506044905008636,30.167195000000007,63.140640697674435,0.22429141263940525,-5.869535374999998,68.34460099999998,9.5789,2.266450835909776,-4.0,0.1848656113805611,0.029210898532704168
p1b_ens_monthly|but|ev0.06|w+0.00|cmax15|g0,p1b_ens_monthly,but,0.06,0.0,15.0,0,294,0.27071823204419887,22.456670000000013,25.263753750000014,0.11976890666666674,-14.500972374999987,60.74243925000002,15.829785000000001,1.8320123196979743,-4.0,0.10944576081011984,0.035467560181054375,278,0.48013816925734026,55.96834500000001,117.14304767441861,0.3058379508196722,8.78248750000001,110.39209162500002,11.6109,3.124436674387231,-5.0,0.2487930484788759,0.032061227229337436
p1b_ens_monthly|but|ev0.06|w+0.00|cmax15|g1,p1b_ens_monthly,but,0.06,0.0,15.0,1,224,0.20626151012891344,12.18872500000001,13.712315625000011,0.08464392361111119,-24.147611374999997,50.71060537500001,23.825635,1.8681965629337547,-3.0,0.05825291831969468,0.03435371666289925,215,0.37132987910189985,46.00939500000001,96.29873372093026,0.31621577319587635,1.983755750000008,97.93341549999998,9.078900000000004,2.9572093954836167,-4.0,0.21608864626763977,0.03841451954627597
p1b_ens_monthly|but|ev0.06|w+0.15|cmax8|g0,p1b_ens_monthly,but,0.06,0.15,8.0,0,438,0.40331491712707185,18.49779500000002,20.810019375000024,0.061659316666666734,-27.409982999999997,67.03513275000002,19.025619999999996,2.133348936961917,-6.17945,0.06881569830506243,-0.006570210436241392,393,0.6787564766839378,23.847685000000013,49.91375930232561,0.09370406679764248,-18.886007874999986,65.40334725000001,13.900880000000004,2.6053087627286957,-6.0,0.12204662183698542,-0.013195675104291465
p1b_ens_monthly|but|ev0.06|w+0.15|cmax8|g1,p1b_ens_monthly,but,0.06,0.15,8.0,1,320,0.2946593001841621,24.466795000000015,27.525144375000018,0.10898349665924283,-22.13655362499999,72.97061625000002,25.601304999999996,2.129133180673337,-4.5,0.09120186302155284,-0.012756851435073834,267,0.46113989637305697,30.95304500000001,64.78544302325584,0.1673137567567568,-8.576494499999994,69.34528275,9.761200000000002,2.314865468966547,-4.5,0.17828563784785154,-0.007160486609295215
p1b_ens_monthly|but|ev0.06|w+0.15|cmax15|g0,p1b_ens_monthly,but,0.06,0.15,15.0,0,472,0.43462246777163904,18.880545000000016,21.240613125000017,0.05956007886435336,-27.39409212499999,68.07523562500002,19.127054999999988,2.178513476851959,-6.17945,0.06615809323254321,-0.006570210436241392,425,0.7340241796200345,44.30818500000001,92.73806162790699,0.16319773480662986,-7.771138499999984,97.60975425,16.598730000000003,3.1457101980395508,-6.5,0.18780363186926108,-0.008863171573577787
p1b_ens_monthly|but|ev0.06|w+0.15|cmax15|g1,p1b_ens_monthly,but,0.06,0.15,15.0,1,335,0.30847145488029465,21.528470000000016,24.219528750000016,0.09380596949891075,-24.29253449999999,71.23009762499998,26.275704999999995,2.1669518355910107,-4.5,0.07583900248711961,-0.012816604947174114,285,0.49222797927461137,45.79174500000001,95.84318720930236,0.2366498449612404,-1.87891899999999,99.4458325,9.261200000000002,2.9556632359538235,-4.5,0.20657177467749205,-0.0013933694633428643
p1b_ens_monthly|but|ev0.08|w-0.15|cmax8|g0,p1b_ens_monthly,but,0.08,-0.15,8.0,0,114,0.10497237569060773,5.5640200000000055,6.259522500000006,0.07226000000000007,-18.076045874999995,32.663444125,16.47395,1.637253534261645,-3.0,0.05228286633744303,0.072302887117045,120,0.20725388601036268,10.491965000000004,21.959926744186053,0.11221352941176475,-20.562928124999996,45.011625625000015,10.627749999999999,2.1741070426928197,-3.0,0.0804312206802599,0.06613347325700726
p1b_ens_monthly|but|ev0.08|w-0.15|cmax8|g1,p1b_ens_monthly,but,0.08,-0.15,8.0,1,99,0.09116022099447514,0.8534400000000051,0.9601200000000057,0.012833684210526393,-22.027220624999998,25.726963499999993,19.064,1.5515037404867922,-2.5,0.008462658394704644,0.07350972400327871,102,0.17616580310880828,11.619065000000006,24.318973255813965,0.14344524691358032,-16.2064275,44.71515624999999,7.627749999999999,1.976800514564452,-2.5,0.09796187420357913,0.06510485412549288
p1b_ens_monthly|but|ev0.08|w-0.15|cmax15|g0,p1b_ens_monthly,but,0.08,-0.15,15.0,0,140,0.1289134438305709,9.946770000000004,11.190116250000006,0.11051966666666671,-17.799171874999992,39.725672374999995,17.04495,1.6976211835736457,-3.5,0.07233629670615055,0.072302887117045,149,0.25734024179620035,28.140465000000006,58.89864767441861,0.25816940366972485,-17.353464749999997,79.502257875,13.127749999999999,3.1429550076644337,-3.5,0.14441137930231399,0.08318629939839181
p1b_ens_monthly|but|ev0.08|w-0.15|cmax15|g1,p1b_ens_monthly,but,0.08,-0.15,15.0,1,119,0.10957642725598526,2.8220900000000055,3.174851250000006,0.037378675496688815,-23.881927124999997,30.808777624999998,21.180999999999997,1.6117285119260127,-2.5,0.021616926812516455,0.07497565160208523,123,0.21243523316062177,25.224415000000008,52.795287209302344,0.27417842391304353,-14.73537975,74.02983725,9.127749999999999,2.9038465906641355,-2.5,0.14010568069739435,0.08641270779550574
p1b_ens_monthly|but|ev0.08|w+0.00|cmax8|g0,p1b_ens_monthly,but,0.08,0.0,8.0,0,147,0.13535911602209943,8.133095000000006,9.149731875000008,0.07601023364485987,-22.170946749999995,42.808707374999926,21.592749999999995,1.9590492966193451,-3.0,0.0568705751643067,0.04686880602633897,160,0.2763385146804836,30.890045000000008,64.65358255813955,0.2531970901639345,-4.254345749999996,70.05976374999996,9.03705,2.3677907151615516,-3.0,0.20384274253396964,0.038707006258205126
p1b_ens_monthly|but|ev0.08|w+0.00|cmax8|g1,p1b_ens_monthly,but,0.08,0.0,8.0,1,122,0.11233885819521179,12.370845000000006,13.917200625000007,0.13669441988950284,-18.339881999999996,47.883618999999996,19.854999999999997,1.9767464485094253,-2.5,0.08572856183187842,0.04656080606035641,133,0.229706390328152,30.71369500000001,64.28447790697676,0.2967506763285025,-2.8041904999999945,67.83248387500001,9.038600000000002,2.2984024460366737,-3.0,0.20879784791498726,0.03960918472015665
p1b_ens_monthly|but|ev0.08|w+0.00|cmax15|g0,p1b_ens_monthly,but,0.08,0.0,15.0,0,173,0.15930018416206262,12.515845000000004,14.080325625000004,0.10429870833333336,-21.86312212499999,50.621957875,22.011249999999997,1.9459466649890198,-3.5,0.07226686858393726,0.04686880602633897,189,0.32642487046632124,48.538545,101.59230348837208,0.3530076,2.217271375000007,99.68755174999998,11.742800000000003,3.1331226672359773,-3.5,0.2347282816886306,0.05043717728856059
p1b_ens_monthly|but|ev0.08|w+0.00|cmax15|g1,p1b_ens_monthly,but,0.08,0.0,15.0,1,141,0.1298342541436464,13.452995000000005,15.134619375000005,0.1365786294416244,-20.730911499999994,52.03420912499991,21.301099999999998,1.9660926527962899,-3.0,0.0768820568939245,0.04666889443149178,153,0.26424870466321243,42.743895,89.46396627906977,0.3749464473684211,-1.8193497499999953,95.87692674999997,8.996099999999998,3.0192636325410454,-3.0,0.21450090205677613,0.05408206394693389
p1b_ens_monthly|but|ev0.08|w+0.15|cmax8|g0,p1b_ens_monthly,but,0.08,0.15,8.0,0,233,0.214548802946593,27.340940000000014,30.758557500000016,0.15063878787878796,-12.268239749999982,68.62273987500001,16.9045,2.1283974324144364,-4.0,0.12351718238446173,-0.00022794866994170162,262,0.4525043177892919,45.210710000000006,94.62706744186048,0.2424166756032172,6.093091250000009,86.73202762500001,6.7143000000000015,2.459185191942147,-4.5,0.25893558787957366,-0.0057754349213561
p1b_ens_monthly|but|ev0.08|w+0.15|cmax8|g1,p1b_ens_monthly,but,0.08,0.15,8.0,1,189,0.17403314917127072,20.981890000000007,23.604626250000006,0.14176952702702708,-17.331029999999995,60.901450375,24.8432,2.0384389473185083,-4.0,0.09897227610033932,-0.0005487415636497802,200,0.3454231433506045,42.84627000000001,89.67823953488374,0.28755885906040274,4.768936500000006,81.52107737499995,6.261200000000002,2.332782517103951,-3.5,0.25869046390937295,-0.0004878843194586462
p1b_ens_monthly|but|ev0.08|w+0.15|cmax15|g0,p1b_ens_monthly,but,0.08,0.15,15.0,0,259,0.23848987108655617,31.72369000000002,35.68915125000002,0.16310380462724947,-10.472000499999986,75.508821625,18.267799999999998,2.1811794457176794,-4.5,0.13102957189979017,-0.00022794866994170162,291,0.5025906735751295,62.85921000000001,131.56578837209307,0.31118420792079216,17.183276000000014,114.68100062499995,8.507130000000004,3.0004883243065166,-4.0,0.29506563273167086,0.0008347583138140477
p1b_ens_monthly|but|ev0.08|w+0.15|cmax15|g1,p1b_ens_monthly,but,0.08,0.15,15.0,1,205,0.1887661141804788,24.333540000000006,27.37523250000001,0.15801000000000004,-16.387160874999996,67.90348387499999,25.019799999999996,2.107279043248599,-4.0,0.10403039966796619,0.0002872545499678275,218,0.3765112262521589,52.87297000000001,110.6643558139535,0.33463905063291144,6.828311500000006,105.38687062499996,7.08305,2.9669870853080775,-4.0,0.25099189746979783,0.007609263998778328
p1b_ens_monthly|but|ev0.10|w-0.15|cmax8|g0,p1b_ens_monthly,but,0.1,-0.15,8.0,0,60,0.055248618784530384,9.962295000000003,11.207581875000002,0.23719750000000006,-8.746938749999996,31.167103124999993,8.210799999999999,1.598681477070512,-2.0,0.14837070636150126,0.07822001525920665,70,0.12089810017271158,11.254220000000004,23.555344186046522,0.1829954471544716,-16.005141124999998,40.59461175,11.127749999999999,2.0555930030852463,-2.5,0.10735149422135176,0.06564989302210868
p1b_ens_monthly|but|ev0.10|w-0.15|cmax8|g1,p1b_ens_monthly,but,0.1,-0.15,8.0,1,57,0.052486187845303865,8.943895000000003,10.061881875000003,0.22359737500000007,-9.896301749999997,29.22423874999999,9.729199999999999,1.5934360219887485,-2.0,0.13364193981669925,0.08041938245522634,67,0.1157167530224525,15.254220000000004,31.927437209302333,0.2652907826086957,-11.176261249999998,43.58926274999998,11.127749999999999,2.0041428910300665,-2.0,0.1492420297374342,0.06920071289639533
p1b_ens_monthly|but|ev0.10|w-0.15|cmax15|g0,p1b_ens_monthly,but,0.1,-0.15,15.0,0,77,0.070902394106814,9.951545000000003,11.195488125000002,0.19706029702970304,-11.149875624999995,32.32151624999994,10.710799999999999,1.5964285395249032,-2.0,0.11761566230573582,0.07822001525920665,91,0.15716753022452504,32.90272,68.86615813953489,0.45072219178082196,-7.7189937499999965,82.38835424999996,12.127750000000006,3.3128109112632385,-2.5,0.1839252664732646,0.09782871461233182
p1b_ens_monthly|but|ev0.10|w-0.15|cmax15|g1,p1b_ens_monthly,but,0.1,-0.15,15.0,1,70,0.06445672191528545,7.282845000000003,8.193200625000003,0.1583227173913044,-14.209732499999998,30.07998999999998,12.492999999999999,1.5987228154733117,-2.0,0.08595121585891617,0.08219673212942312,82,0.14162348877374784,30.107820000000004,63.01636744186047,0.4596613740458016,-8.701742499999998,77.88466812499995,11.627750000000006,3.171668695775302,-2.0,0.1757914447258908,0.10675454659723889
p1b_ens_monthly|but|ev0.10|w+0.00|cmax8|g0,p1b_ens_monthly,but,0.1,0.0,8.0,0,84,0.07734806629834254,2.6563950000000043,2.9884443750000047,0.039945789473684275,-22.393735875,30.92872049999999,16.5053,1.9379292641026398,-3.0,0.02741477771357203,0.04639360414996178,93,0.16062176165803108,11.063430000000007,23.156016279069785,0.1317075000000001,-18.153469249999997,40.385616875,15.627749999999999,2.122458130604326,-3.0,0.09308134146502509,0.04569405285954543
p1b_ens_monthly|but|ev0.10|w+0.00|cmax8|g1,p1b_ens_monthly,but,0.1,0.0,8.0,1,72,0.06629834254143646,8.245795000000005,9.276519375000005,0.14216887931034491,-15.544561499999999,36.23665937499999,13.0903,1.8754215055194898,-2.5,0.08793537853471427,0.049126337951838024,85,0.14680483592400692,16.730830000000005,35.018016279069776,0.218703660130719,-13.361227499999996,47.075875499999995,14.127749999999999,2.161965191343907,-3.0,0.13819131900215992,0.053476473653625116
p1b_ens_monthly|but|ev0.10|w+0.00|cmax15|g0,p1b_ens_monthly,but,0.1,0.0,15.0,0,101,0.09300184162062615,2.6456450000000045,2.9763506250000047,0.03527526666666673,-23.942887999999996,31.273157499999957,19.5053,1.862421663563029,-3.0,0.023287545649153682,0.04639360414996178,114,0.19689119170984457,32.71193000000001,68.46683023255815,0.34253329842931945,-8.698954124999995,82.282984,16.127750000000006,3.103398796879204,-3.0,0.17865557339358756,0.06712426166749141
p1b_ens_monthly|but|ev0.10|w+0.00|cmax15|g1,p1b_ens_monthly,but,0.1,0.0,15.0,1,85,0.07826887661141804,5.198245000000004,5.848025625000004,0.08186212598425202,-20.556011875,32.40745050000001,15.854099999999999,1.7857837245176276,-2.5,0.04771973782578835,0.048143098114643804,100,0.17271157167530224,28.257530000000003,59.14366744186047,0.3363991666666667,-10.399913874999996,76.07022924999994,14.127750000000006,2.993589051408276,-3.0,0.15998895580386005,0.07759012439362797
p1b_ens_monthly|but|ev0.10|w+0.15|cmax8|g0,p1b_ens_monthly,but,0.1,0.15,8.0,0,124,0.1141804788213628,13.404050000000009,15.07955625000001,0.12185500000000007,-17.528523124999996,47.532431374999966,13.556599999999998,1.9670067336282722,-3.5,0.09597803270936646,0.015193613515394966,151,0.2607944732297064,30.855970000000006,64.58226279069768,0.2478391164658635,-5.695666374999994,68.5647115,14.812250000000006,2.4451658376235494,-3.5,0.19414111855521324,0.005564137479417254
p1b_ens_monthly|but|ev0.10|w+0.15|cmax8|g1,p1b_ens_monthly,but,0.1,0.15,8.0,1,105,0.09668508287292818,13.865950000000007,15.599193750000008,0.1467296296296297,-18.284221999999996,48.90588149999997,13.745899999999997,2.0344400211147073,-4.0,0.09599450875702371,0.017547653164767286,135,0.23316062176165803,30.483070000000005,63.80177441860466,0.26857330396475776,-4.631092124999997,67.682446875,13.090950000000007,2.3895969701921422,-3.0,0.19625498087846963,0.009114675101564525
p1b_ens_monthly|but|ev0.10|w+0.15|cmax15|g0,p1b_ens_monthly,but,0.1,0.15,15.0,0,141,0.1298342541436464,13.39330000000001,15.06746250000001,0.11302362869198321,-18.651769624999996,46.676495875,16.056599999999996,1.913410616649688,-3.5,0.08641604748988495,0.015193613515394966,172,0.2970639032815199,52.50447000000001,109.89307674418606,0.3860622794117648,6.376181500000004,107.49938800000001,16.312250000000006,3.153593478560997,-4.0,0.25225897952144244,0.01737176872351734
p1b_ens_monthly|but|ev0.10|w+0.15|cmax15|g1,p1b_ens_monthly,but,0.1,0.15,15.0,1,116,0.10681399631675875,10.324100000000003,11.614612500000003,0.10481319796954318,-22.153112124999993,44.917804874999995,18.503999999999998,2.009901912679553,-4.0,0.06341504721562957,0.019714980461464165,150,0.25906735751295334,42.00977,87.92742558139535,0.34718818181818184,-3.026344374999994,95.61207574999989,14.090950000000007,3.067670470669677,-3.5,0.20749023493638658,0.02016250283345318
x_feat_lgbm|but+ast|ev0.04|w-0.15|cmax8|g0,x_feat_lgbm,but+ast,0.04,-0.15,8.0,0,711,0.6546961325966851,45.46617000000002,51.149441250000024,0.09111456913827659,-11.21718449999998,106.05257112499994,15.667639999999999,2.543723964991314,-4.5,0.12587226451504588,-0.0026422538500967233,372,0.6424870466321243,-21.35217999999999,-44.69060930232556,-0.09574968609865467,-64.66544037499999,22.291898999999983,38.960634999999996,2.522379589777312,-8.0,-0.10852684447072654,0.028782788043842603
x_feat_lgbm|but+ast|ev0.04|w-0.15|cmax8|g1,x_feat_lgbm,but+ast,0.04,-0.15,8.0,1,464,0.427255985267035,35.730840000000015,40.197195000000015,0.11045081916537872,-9.108999874999991,86.02822537500002,16.034539999999993,2.093857620116047,-3.0,0.12017323020696664,0.004241262292339457,256,0.4421416234887737,-0.8160399999999903,-1.7079906976743982,-0.005148517350157668,-40.7944785,39.56600362499996,26.824544999999993,2.335106613537377,-6.0,-0.004480331313953388,0.03454967712843067
x_feat_lgbm|but+ast|ev0.04|w-0.15|cmax15|g0,x_feat_lgbm,but+ast,0.04,-0.15,15.0,0,739,0.6804788213627992,40.090170000000015,45.101441250000015,0.07814847953216378,-18.499760749999986,103.48177725000002,17.412259999999993,2.593005928252743,-4.5,0.10811808646721813,-0.0026422538500967233,416,0.7184801381692574,-1.6364299999999856,-3.425086046511598,-0.006652154471544657,-54.888901374999996,62.78638525,32.802249999999994,3.3787042160899508,-8.5,-0.00620944316313989,0.03402731965015338
x_feat_lgbm|but+ast|ev0.04|w-0.15|cmax15|g1,x_feat_lgbm,but+ast,0.04,-0.15,15.0,1,474,0.43646408839779005,32.44854000000001,36.504607500000006,0.09892847560975612,-17.731169874999985,82.33381424999999,22.840839999999993,2.215046575371886,-4.5,0.10244157827461058,0.0037975100718130998,279,0.48186528497409326,4.205735000000006,8.80270116279071,0.024812595870206525,-47.612189249999986,62.810435374999976,24.619049999999994,3.248443425153092,-6.0,0.016598620456084606,0.04174764170751833
x_feat_lgbm|but+ast|ev0.04|w+0.00|cmax8|g0,x_feat_lgbm,but+ast,0.04,0.0,8.0,0,1091,1.0046040515653776,93.88202500000003,105.61727812500003,0.11084064344746167,13.40942625000002,179.23577525,22.736770000000035,3.3748177040674228,-5.723039999999999,0.18301578202917065,-0.03617437025740673,574,0.9913644214162349,-36.69917999999999,-76.81223720930231,-0.10265504895104893,-83.89195699999999,12.173600249999978,57.45121,2.743147713381342,-9.5,-0.16315234262688758,-0.014032689814052418
x_feat_lgbm|but+ast|ev0.04|w+0.00|cmax8|g1,x_feat_lgbm,but+ast,0.04,0.0,8.0,1,615,0.5662983425414365,47.57296000000002,53.51958000000003,0.094578449304175,-14.15370924999998,112.94772824999994,22.431350000000002,2.5863668242826017,-6.0,0.12101145013983605,-0.032648876645074064,335,0.5785837651122625,-2.978139999999989,-6.233316279069745,-0.013475746606334792,-46.472948749999986,43.42544887500002,28.94467999999999,2.485204341682144,-6.0,-0.014614001705478245,-0.008371330092371919
x_feat_lgbm|but+ast|ev0.04|w+0.00|cmax15|g0,x_feat_lgbm,but+ast,0.04,0.0,15.0,0,1119,1.0303867403314917,88.50602500000004,99.56927812500004,0.10279445412311271,6.5549925000000195,172.35054525,21.924770000000038,3.408613575953249,-6.223039999999999,0.17082501940699432,-0.03617437025740673,618,1.067357512953368,-16.98342999999998,-35.54671395348833,-0.04463450722733241,-73.10148024999998,46.23381487499997,44.89785,3.4765718266473757,-10.0,-0.05957449186365028,-0.010910454463726781
x_feat_lgbm|but+ast|ev0.04|w+0.00|cmax15|g1,x_feat_lgbm,but+ast,0.04,0.0,15.0,1,621,0.5718232044198895,48.19066000000002,54.21449250000003,0.09590181094527368,-15.953297749999987,117.08280912500003,28.73765,2.70252774239326,-6.0,0.11731380618824336,-0.033154822299538984,350,0.6044905008635578,5.1301850000000115,10.737596511627931,0.022599933920704897,-48.886480374999984,67.33493475000003,24.057149999999996,3.2771958106644545,-6.0,0.0190904771401598,-0.0019239420311446035
x_feat_lgbm|but+ast|ev0.04|w+0.15|cmax8|g0,x_feat_lgbm,but+ast,0.04,0.15,8.0,0,1637,1.507366482504604,103.06760000000004,115.95105000000005,0.07589661266568486,-2.438280124999958,208.68243525,31.67362499999996,4.272288296170838,-7.962579999999999,0.15464540260120233,-0.06098966628502545,857,1.4801381692573403,-39.97013999999997,-83.65843255813948,-0.07143903485254686,-99.63450462499999,17.089043625000006,56.28905499999999,3.2845669314527153,-12.0,-0.1466153565621628,-0.03901079111161532
x_feat_lgbm|but+ast|ev0.04|w+0.15|cmax8|g1,x_feat_lgbm,but+ast,0.04,0.15,8.0,1,777,0.7154696132596685,73.18477000000001,82.33286625000002,0.10101417529330575,-3.874654999999968,142.98885837499992,20.11555000000004,3.0159316128129072,-6.0,0.15555165078431235,-0.055648928865403104,411,0.7098445595854922,0.4031200000000146,0.8437395348837515,0.0013665084745763205,-49.561977375,51.74993349999999,21.515749999999997,2.858723626198872,-6.0,0.0016989636302609868,-0.035568758667134645
x_feat_lgbm|but+ast|ev0.04|w+0.15|cmax15|g0,x_feat_lgbm,but+ast,0.04,0.15,15.0,0,1663,1.5313075506445673,97.64160000000004,109.84680000000006,0.0712192560175055,-8.800892749999957,202.3052395,35.552385,4.294225148141974,-7.962579999999999,0.14575567668558562,-0.060888166702716844,900,1.5544041450777202,-19.754389999999972,-41.34639767441855,-0.03394225085910648,-87.88293374999999,49.45823412499998,40.67408999999999,3.810162244486923,-12.5,-0.06246576484756234,-0.03702852781154944
x_feat_lgbm|but+ast|ev0.04|w+0.15|cmax15|g1,x_feat_lgbm,but+ast,0.04,0.15,15.0,1,781,0.7191528545119705,79.31820000000003,89.23297500000004,0.11039415448851779,2.724030375000028,152.197027375,22.415550000000025,3.095279187335804,-6.0,0.16426628075435024,-0.0559017564622149,420,0.7253886010362695,4.531220000000021,9.483948837209345,0.015282360876897202,-55.17115612499999,71.97669587499999,21.684749999999998,3.541636675454579,-6.0,0.015414628052208612,-0.03196204993126552
x_feat_lgbm|but+ast|ev0.06|w-0.15|cmax8|g0,x_feat_lgbm,but+ast,0.06,-0.15,8.0,0,400,0.3683241252302026,29.892370000000014,33.62891625000002,0.09414919685039375,-20.35263937499998,81.93324949999996,15.901460000000002,2.3350238005283264,-4.522399999999999,0.1040791953893558,0.011359251003948542,247,0.4265975820379965,-15.67422999999999,-32.806527906976726,-0.09983585987261141,-55.33014249999999,22.303328374999985,35.882909999999995,2.43468467185503,-6.5,-0.09330274111025182,0.042301801536113466
x_feat_lgbm|but+ast|ev0.06|w-0.15|cmax8|g1,x_feat_lgbm,but+ast,0.06,-0.15,8.0,1,297,0.27348066298342544,21.209590000000006,23.860788750000005,0.09181640692640695,-20.83923262499999,66.08856287499998,14.67461,1.9754966561974396,-3.5,0.08728726040408781,0.01676467100752475,189,0.32642487046632124,0.49832000000000676,1.0429953488372234,0.004034979757085075,-35.881345374999995,37.06480349999992,27.045159999999996,2.244890780428566,-5.5,0.0032170959266573343,0.0443494150131076
x_feat_lgbm|but+ast|ev0.06|w-0.15|cmax15|g0,x_feat_lgbm,but+ast,0.06,-0.15,15.0,0,428,0.39410681399631675,24.516370000000016,27.58091625000002,0.07395586726998496,-23.11850862499999,78.73425025000003,19.049560000000007,2.357019764157709,-5.022399999999999,0.08190100329241469,0.011359251003948542,291,0.5025906735751295,4.041520000000013,8.458995348837236,0.02245288888888896,-46.346942375,62.31726612499989,27.950100000000003,3.3702929721135657,-7.0,0.01665499785528169,0.05043296674207852
x_feat_lgbm|but+ast|ev0.06|w-0.15|cmax15|g1,x_feat_lgbm,but+ast,0.06,-0.15,15.0,1,310,0.285451197053407,17.527290000000008,19.71820125000001,0.07395481012658231,-24.677562749999993,61.848239499999984,21.480909999999994,2.07308198177953,-3.5,0.0665724552590281,0.015602411863776085,216,0.37305699481865284,9.570370000000011,20.03100697674421,0.07011260073260081,-37.25892749999999,67.85444675,18.37275,3.2329775174356814,-5.5,0.04111436124708533,0.05440986613977963
x_feat_lgbm|but+ast|ev0.06|w+0.00|cmax8|g0,x_feat_lgbm,but+ast,0.06,0.0,8.0,0,700,0.6445672191528545,94.90622500000003,106.76950312500003,0.1524597991967872,20.407237750000014,171.0965277499999,16.966759999999994,3.2458692769705504,-5.5,0.20304915284806904,-0.02913421421033297,372,0.6424870466321243,-26.589229999999983,-55.65187674418601,-0.10678405622489953,-68.719084,19.03478549999997,45.003809999999994,2.6152195480155314,-8.0,-0.13034758950208777,-0.0022172248263554084
x_feat_lgbm|but+ast|ev0.06|w+0.00|cmax8|g1,x_feat_lgbm,but+ast,0.06,0.0,8.0,1,459,0.42265193370165743,55.22838500000002,62.131933125000025,0.1332409770808203,-5.709344624999986,118.213191875,18.093870000000003,2.6107816903949894,-4.8339,0.14690253604883527,-0.026451588503558176,258,0.44559585492227977,-3.3388499999999954,-6.988290697674409,-0.01854916666666664,-42.987277875,38.530634500000005,27.160079999999997,2.391865742098838,-5.5,-0.01789639296108964,-0.00213764807479286
x_feat_lgbm|but+ast|ev0.06|w+0.00|cmax15|g0,x_feat_lgbm,but+ast,0.06,0.0,15.0,0,728,0.6703499079189686,89.53022500000002,100.72150312500001,0.14066021209740773,16.625696625000018,168.02500962500002,17.188645000000022,3.2740057365016377,-5.5,0.1885915533691058,-0.02913421421033297,416,0.7184801381692574,-6.873479999999992,-14.386353488372075,-0.025270147058823498,-60.11968249999999,54.49131312499998,38.66905,3.3580247849909015,-8.5,-0.02624207506013899,0.0026958058617846
x_feat_lgbm|but+ast|ev0.06|w+0.00|cmax15|g1,x_feat_lgbm,but+ast,0.06,0.0,15.0,1,468,0.430939226519337,54.346085000000016,61.13934562500002,0.13079683513838752,-8.377642499999993,118.92503874999996,24.900170000000006,2.731423893947361,-4.8339,0.13721802281858478,-0.027373559023574263,278,0.48013816925734026,3.4673250000000144,7.257191860465146,0.018345634920635,-50.47262349999998,65.7887945,20.033549999999998,3.319519412120939,-5.5,0.013391361548623254,0.005848854160535059
x_feat_lgbm|but+ast|ev0.06|w+0.15|cmax8|g0,x_feat_lgbm,but+ast,0.06,0.15,8.0,0,1144,1.0534069981583793,106.07620000000003,119.33572500000002,0.09835530829856284,16.30151550000004,204.25671949999995,24.320419999999956,4.0087840383637525,-6.6525,0.17408514156999882,-0.0574398760161853,615,1.0621761658031088,-22.670249999999985,-47.44936046511625,-0.05272151162790694,-78.4260585,31.522764124999807,49.29752499999999,3.1002532948207566,-10.5,-0.08810104084881429,-0.036029773071392886
x_feat_lgbm|but+ast|ev0.06|w+0.15|cmax8|g1,x_feat_lgbm,but+ast,0.06,0.15,8.0,1,634,0.583793738489871,85.33785500000005,96.00508687500005,0.13210194272445827,12.45940850000002,161.03613437499993,17.732650000000003,3.067621847900041,-6.0,0.18301905659045947,-0.055209698343447945,348,0.6010362694300518,0.9330850000000126,1.9529686046511892,0.003568202676864293,-47.144091624999994,50.38169487499995,22.263399999999997,2.755965089327519,-6.0,0.00407914744469806,-0.031963352361109594
x_feat_lgbm|but+ast|ev0.06|w+0.15|cmax15|g0,x_feat_lgbm,but+ast,0.06,0.15,15.0,0,1172,1.0791896869244935,100.70020000000005,113.28772500000007,0.09217409610983987,4.7026003750000225,199.7888055,25.854049999999972,4.055303041714677,-7.1525,0.16336666063539185,-0.0574398760161853,659,1.1381692573402418,-2.9544999999999852,-6.183837209302294,-0.006522075055187606,-69.92233137499998,68.22958899999998,36.50472499999999,3.7237627467734176,-11.0,-0.009559251746909013,-0.03324528166577211
x_feat_lgbm|but+ast|ev0.06|w+0.15|cmax15|g1,x_feat_lgbm,but+ast,0.06,0.15,15.0,1,639,0.5883977900552486,90.97128500000001,102.342695625,0.14203167056986732,16.285698250000024,170.32840637500004,18.65991000000001,3.151167393738655,-6.0,0.18992811909701687,-0.05544808937649895,360,0.6217616580310881,4.88618500000002,10.226898837209344,0.018473289224952817,-53.257184749999986,72.45872362499992,21.62645,3.4881582846217305,-6.0,0.016877014742914673,-0.028090583605435506
x_feat_lgbm|but+ast|ev0.08|w-0.15|cmax8|g0,x_feat_lgbm,but+ast,0.08,-0.15,8.0,0,233,0.214548802946593,28.330820000000006,31.872172500000005,0.1342692890995261,-17.045674749999993,73.78224925,16.493559999999995,2.446560519246954,-5.4589,0.11937996504915771,0.02018106202951468,146,0.25215889464594127,-1.0915999999999961,-2.284744186046504,-0.01086169154228852,-34.227993874999996,33.430147375000004,24.225609999999996,2.2993397146359755,-5.0,-0.008046525181766465,0.054488717429678424
x_feat_lgbm|but+ast|ev0.08|w-0.15|cmax8|g1,x_feat_lgbm,but+ast,0.08,-0.15,8.0,1,192,0.17679558011049723,22.690790000000007,25.52713875000001,0.13506422619047623,-16.129890874999994,66.50114062500002,17.454124999999998,2.1831105196426237,-3.4588999999999994,0.10715246342241366,0.023109198763791895,121,0.20898100172711573,7.685800000000004,16.08655813953489,0.09095621301775153,-22.86713774999999,41.306562874999955,20.094359999999995,2.1719747657434,-3.5,0.05997666209790563,0.04957121803405066
x_feat_lgbm|but+ast|ev0.08|w-0.15|cmax15|g0,x_feat_lgbm,but+ast,0.08,-0.15,15.0,0,256,0.23572744014732966,25.454820000000005,28.636672500000003,0.11440368539325844,-18.669947499999992,73.95603912500003,17.127124999999992,2.434955637478189,-5.4589,0.1014943233270694,0.02018106202951468,187,0.3229706390328152,16.081650000000014,33.65926744186049,0.13181680327868864,-29.170958749999993,73.278874125,21.4308,3.3278245723463367,-5.5,0.07550752023951612,0.06951007875138632
x_feat_lgbm|but+ast|ev0.08|w-0.15|cmax15|g1,x_feat_lgbm,but+ast,0.08,-0.15,15.0,1,204,0.1878453038674033,21.55669000000001,24.25127625000001,0.12424605187319891,-16.81773962499999,64.46542137499995,19.007999999999996,2.269596201195865,-3.4588999999999994,0.09221387148820097,0.021699278775359165,151,0.2607944732297064,17.195400000000006,35.990372093023275,0.17195400000000005,-28.134793874999993,73.52424437500001,16.395950000000003,3.2379243693704605,-4.0,0.08297850547146608,0.06732926349020306
x_feat_lgbm|but+ast|ev0.08|w+0.00|cmax8|g0,x_feat_lgbm,but+ast,0.08,0.0,8.0,0,422,0.3885819521178637,70.831815,79.685791875,0.1688481883194279,12.615722250000008,136.447423375,15.726250000000007,2.978126289139127,-6.9723999999999995,0.19495098299166214,-0.026081190141311963,222,0.38341968911917096,-8.68603499999999,-18.180073255813934,-0.05232551204819271,-44.69816587499999,28.41742549999997,30.451739999999997,2.3628149337674267,-5.5,-0.05327736989399867,0.0048119636478528615
x_feat_lgbm|but+ast|ev0.08|w+0.00|cmax8|g1,x_feat_lgbm,but+ast,0.08,0.0,8.0,1,308,0.283609576427256,45.064315000000015,50.69735437500002,0.14872711221122117,-6.934497249999998,104.68269362499997,16.886249999999997,2.5717294517897797,-5.7589,0.1436308282313575,-0.023558088016898997,168,0.29015544041450775,2.8179450000000053,5.898024418604662,0.02176019305019309,-32.164761625,43.77308212499996,22.76986,2.3979459734867565,-4.5,0.017031152102777447,0.006149725352694406
x_feat_lgbm|but+ast|ev0.08|w+0.00|cmax15|g0,x_feat_lgbm,but+ast,0.08,0.0,15.0,0,445,0.4097605893186004,67.95581500000003,76.45029187500003,0.15767010440835275,5.792404000000016,138.492129,18.489300000000007,3.0008618396170683,-6.9723999999999995,0.18262445771211017,-0.026081190141311963,263,0.4542314335060449,8.487215000000015,17.763938372093055,0.04526514666666675,-42.765409,69.73339474999995,28.74745,3.3435862249174804,-6.0,0.035751504939750746,0.013447671714192477
x_feat_lgbm|but+ast|ev0.08|w+0.00|cmax15|g1,x_feat_lgbm,but+ast,0.08,0.0,15.0,1,318,0.292817679558011,47.430215000000025,53.35899187500003,0.15550890163934433,-10.046230249999986,109.03084012500001,18.386249999999997,2.6964614722973064,-5.7589,0.1418532168179238,-0.024522596826940638,195,0.33678756476683935,7.899970000000009,16.534820930232577,0.05524454545454551,-43.09139012499999,69.31793974999997,18.53755,3.328337880186996,-4.5,0.03343025471090105,0.019414322493880747
x_feat_lgbm|but+ast|ev0.08|w+0.15|cmax8|g0,x_feat_lgbm,but+ast,0.08,0.15,8.0,0,754,0.6942909760589319,118.41087000000002,133.21222875,0.14609607649599016,28.602905750000033,210.170367375,18.76849999999999,3.756266106324143,-7.5,0.21891359266290872,-0.05081412213089652,400,0.690846286701209,-21.312904999999986,-44.60840581395346,-0.06897380258899671,-69.231030875,28.679907875000005,45.9398,2.8498204382545773,-8.5,-0.09348354335726784,-0.03247265470690183
x_feat_lgbm|but+ast|ev0.08|w+0.15|cmax8|g1,x_feat_lgbm,but+ast,0.08,0.15,8.0,1,497,0.4576427255985267,97.82046500000001,110.04802312500001,0.17801722474977255,27.146184625000018,172.169242875,14.133750000000006,3.058966304487163,-6.0,0.2220713525761144,-0.05169263129744454,264,0.45595854922279794,-13.980739999999988,-29.26201395348835,-0.06563727699530511,-59.90016349999999,33.689876124999955,29.282185,2.6757576699369934,-6.5,-0.0653120616876023,-0.028119979613443383
x_feat_lgbm|but+ast|ev0.08|w+0.15|cmax15|g0,x_feat_lgbm,but+ast,0.08,0.15,15.0,0,777,0.7154696132596685,115.53487000000003,129.97672875000004,0.14055336982968372,30.692169500000023,206.22166737499984,18.370059999999988,3.7784520801800534,-8.0,0.210877944192052,-0.05081412213089652,441,0.7616580310880829,-4.139654999999983,-8.664394186046477,-0.012525431164901613,-60.36922887499999,56.52632225,39.461349999999996,3.453359813596574,-9.0,-0.014984157543116886,-0.02813457247853842
x_feat_lgbm|but+ast|ev0.08|w+0.15|cmax15|g1,x_feat_lgbm,but+ast,0.08,0.15,15.0,1,502,0.4622467771639042,105.25389500000003,118.41063187500004,0.19294939505041253,36.96113412500001,182.00741512499997,14.133750000000006,3.1189239254917593,-6.0,0.23273697864241186,-0.05203858107223675,284,0.4905008635578584,-5.328489999999983,-11.152653488372057,-0.024002207207207128,-64.88760475,57.31950474999996,23.87755,3.435070765339373,-6.5,-0.019390029944090375,-0.022029095315078004
x_feat_lgbm|but+ast|ev0.10|w-0.15|cmax8|g0,x_feat_lgbm,but+ast,0.1,-0.15,8.0,0,119,0.10957642725598526,24.428205000000002,27.481730625,0.2027236929460581,-11.768463624999995,65.97764449999995,19.568785,2.445300751058255,-7.0,0.15136147078090054,0.030880580643838595,86,0.14853195164075994,-2.9065999999999956,-6.083581395348828,-0.0424321167883211,-29.012779374999994,24.886488250000003,21.56936,2.055910476303063,-3.5,-0.030080372615589053,0.05170623494225984
x_feat_lgbm|but+ast|ev0.10|w-0.15|cmax8|g1,x_feat_lgbm,but+ast,0.1,-0.15,8.0,1,104,0.09576427255985268,12.174455000000005,13.696261875000005,0.11935740196078437,-22.026856499999997,50.12835625000001,21.218785,2.286883753978118,-7.0,0.08066061034937262,0.034759761471814074,76,0.13126079447322972,3.341650000000005,6.994151162790708,0.05523388429752074,-21.724571624999996,29.873320124999964,18.321109999999997,1.9269071779098148,-2.5,0.03689795594997803,0.05043564645082255
x_feat_lgbm|but+ast|ev0.10|w-0.15|cmax15|g0,x_feat_lgbm,but+ast,0.1,-0.15,15.0,0,135,0.12430939226519337,20.740205000000003,23.332730625000003,0.16140237354085604,-16.1811865,64.00960775,20.256784999999994,2.323905181378106,-7.0,0.11899627785272943,0.030880580643838595,108,0.18652849740932642,19.319900000000008,40.43700000000001,0.23999875776397525,-22.141543249999994,71.36866149999996,18.786600000000004,3.2549011740726805,-3.0,0.10792060658830482,0.07818423138762405
x_feat_lgbm|but+ast|ev0.10|w-0.15|cmax15|g1,x_feat_lgbm,but+ast,0.1,-0.15,15.0,1,116,0.10681399631675875,8.722655000000005,9.812986875000005,0.08114097674418609,-26.665570124999995,49.10681375,22.474435,2.1794662067263686,-7.0,0.053362638203671146,0.03264702679551608,95,0.16407599309153714,15.71015000000001,32.881709302325596,0.22283900709219873,-23.888954749999996,66.06257500000002,16.7866,3.159334706603605,-3.0,0.09041115216822437,0.08081696838511662
x_feat_lgbm|but+ast|ev0.10|w+0.00|cmax8|g0,x_feat_lgbm,but+ast,0.1,0.0,8.0,0,245,0.22559852670349909,64.06241,72.07021125,0.22676959292035398,11.702032250000004,125.86457824999997,12.942000000000007,3.09241150951645,-5.858899999999999,0.2251739593308989,-0.018370807644205223,121,0.20898100172711573,17.022895000000005,35.62931511627908,0.1693820398009951,-17.585602124999994,54.6501005,11.679089999999999,2.4289505179264,-4.0,0.12514881040748885,0.02522474619137932
x_feat_lgbm|but+ast|ev0.10|w+0.00|cmax8|g1,x_feat_lgbm,but+ast,0.1,0.0,8.0,1,187,0.1721915285451197,43.309810000000006,48.72353625000001,0.20381087058823533,-1.8886154999999916,97.11513649999993,16.23334,2.6694185264247032,-4.2589,0.1763525650578064,-0.01499250705280771,105,0.18134715025906736,16.369975000000007,34.26273837209304,0.18497146892655375,-16.98833812499999,53.703071875000006,14.34556,2.3684139703307054,-2.5,0.12342478376026468,0.024326838796273464
x_feat_lgbm|but+ast|ev0.10|w+0.00|cmax15|g0,x_feat_lgbm,but+ast,0.1,0.0,15.0,0,261,0.24033149171270718,60.37441000000001,67.92121125000001,0.20782929432013775,7.516499250000008,120.2115985,15.600340000000003,3.0258543831632245,-5.858899999999999,0.20569945513619556,-0.018370807644205223,143,0.2469775474956822,39.24939500000001,82.14989651162793,0.34888351111111116,-7.201716624999995,95.44933612499995,11.842049999999986,3.3100407920173014,-3.0,0.18821709730700315,0.04158759222284615
x_feat_lgbm|but+ast|ev0.10|w+0.00|cmax15|g1,x_feat_lgbm,but+ast,0.1,0.0,15.0,1,198,0.18232044198895028,42.358010000000014,47.65276125000001,0.19655689095127618,-5.798036749999991,99.87412849999986,18.23334,2.7168860848065304,-4.2589,0.16072831242573557,-0.014780713394719439,123,0.21243523316062177,27.43282500000001,57.41754069767443,0.2799267857142858,-17.828239874999994,84.03904674999995,9.842049999999993,3.297497144401782,-3.0,0.132052173996852,0.04198547474428243
x_feat_lgbm|but+ast|ev0.10|w+0.15|cmax8|g0,x_feat_lgbm,but+ast,0.1,0.15,8.0,0,479,0.44106813996316757,115.72218500000001,130.187458125,0.20073232437120556,38.43891325000003,194.9591295,18.169804999999997,3.538710547498192,-7.488349999999999,0.2515522651253546,-0.04980681102999656,248,0.4283246977547496,-3.5624849999999917,-7.456363953488355,-0.01660832167832164,-46.047828125,37.94009949999996,23.130779999999994,2.55750866732046,-6.0,-0.019619032268223903,-0.024416632939051833
x_feat_lgbm|but+ast|ev0.10|w+0.15|cmax8|g1,x_feat_lgbm,but+ast,0.1,0.15,8.0,1,345,0.31767955801104975,87.43468500000002,98.36402062500002,0.20694600000000005,23.648840875000015,151.38308662499992,18.129805000000005,2.9061980096037416,-5.0,0.2314276239187519,-0.04912229767974825,185,0.31951640759930916,8.530335000000004,17.85418953488373,0.0518561398176292,-31.71425074999999,50.11141724999994,16.171799999999998,2.503616486326694,-4.5,0.047988805009252594,-0.02185981067210993
x_feat_lgbm|but+ast|ev0.10|w+0.15|cmax15|g0,x_feat_lgbm,but+ast,0.1,0.15,15.0,0,495,0.4558011049723757,112.03418500000004,126.03845812500003,0.19167525235243804,36.27711687500002,191.87335825000002,20.169804999999997,3.497956340124,-7.488349999999999,0.24263991406121682,-0.04980681102999656,270,0.46632124352331605,18.664015000000006,39.06421744186048,0.0824018322295806,-31.97448112499999,79.00479362499998,19.691850000000002,3.2584578758683787,-6.0,0.07846393849361277,-0.017444713143075077
x_feat_lgbm|but+ast|ev0.10|w+0.15|cmax15|g1,x_feat_lgbm,but+ast,0.1,0.15,15.0,1,354,0.3259668508287293,87.056115,97.938129375,0.2062941113744076,22.438939750000017,151.9997965,19.129805000000005,2.908709492075411,-5.5,0.2267383609549462,-0.04925366880259933,199,0.3436960276338515,18.401035000000014,38.51379418604654,0.10729466472303216,-32.81901162499999,80.56605474999998,15.424199999999999,3.362820392510739,-4.5,0.07495760795435788,-0.013667925300588942
x_feat_lgbm|but|ev0.04|w-0.15|cmax8|g0,x_feat_lgbm,but,0.04,-0.15,8.0,0,455,0.4189686924493554,-4.6363299999999805,-5.215871249999978,-0.016828784029038042,-48.77221849999999,46.42102387499993,32.31068999999999,2.2066070086778873,-4.5,-0.0166754975836484,0.03839105107362631,333,0.5751295336787565,-9.804679999999998,-20.521423255813946,-0.05080145077720206,-51.73228224999999,36.00877925,31.248134999999994,2.5050468658835037,-7.5,-0.0521862758126722,0.044877357355931985
x_feat_lgbm|but|ev0.04|w-0.15|cmax8|g1,x_feat_lgbm,but,0.04,-0.15,8.0,1,333,0.30662983425414364,-3.375649999999987,-3.7976062499999856,-0.01679427860696511,-39.64714124999998,38.002572749999956,26.387039999999992,1.76182224021779,-3.5,-0.01520634284453189,0.041976998407936617,242,0.41796200345423146,-1.6285399999999903,-3.4085720930232353,-0.01130930555555549,-39.0078415,37.77260849999997,25.712044999999996,2.241744655966518,-5.5,-0.00968614628292925,0.0481714244785933
x_feat_lgbm|but|ev0.04|w-0.15|cmax15|g0,x_feat_lgbm,but,0.04,-0.15,15.0,0,483,0.4447513812154696,-10.012329999999979,-11.263871249999976,-0.03458490500863551,-55.20565162499998,41.338117375,37.449589999999986,2.2220795619408222,-4.5,-0.03492897489796406,0.03839105107362631,377,0.6511226252158895,9.911070000000008,20.744100000000017,0.04588458333333337,-45.17363237499998,69.76342400000001,29.116600000000005,3.3873844226997,-8.0,0.038498380908754286,0.05081388911475841
x_feat_lgbm|but|ev0.04|w-0.15|cmax15|g1,x_feat_lgbm,but,0.04,-0.15,15.0,1,346,0.31860036832412525,-7.0579499999999875,-7.940193749999986,-0.034096376811594144,-44.828060874999984,35.20375812499998,29.658089999999994,1.8496036311724868,-3.5,-0.02958081924990123,0.04180720757530597,265,0.45768566493955093,3.393235000000015,7.102119767441891,0.021891838709677515,-44.77151787499999,61.385547999999986,23.59405,3.1868348815331218,-5.5,0.01401008543181547,0.05691327661193485
x_feat_lgbm|but|ev0.04|w+0.00|cmax8|g0,x_feat_lgbm,but,0.04,0.0,8.0,0,602,0.5543278084714549,20.476225000000024,23.035753125000028,0.053185000000000066,-33.86029012499998,87.19606125000001,24.31023499999997,2.5616885263131857,-5.5177499999999995,0.059651143253412704,0.007891765607535588,479,0.8272884283246977,-15.26667999999999,-31.953516279069746,-0.055515199999999966,-59.66020462499999,34.03224462499999,42.16636,2.676486572046021,-9.0,-0.07130000276972008,0.004503851568392903
x_feat_lgbm|but|ev0.04|w+0.00|cmax8|g1,x_feat_lgbm,but,0.04,0.0,8.0,1,410,0.3775322283609576,14.737995000000017,16.58024437500002,0.055198483146067484,-30.050024374999985,64.71419662499997,22.17714499999999,2.0995216726086854,-5.0,0.05238575945575974,0.013499793879842823,302,0.5215889464594128,5.8928600000000095,12.333893023255834,0.03255723756906083,-35.086175125,49.610129249999986,24.187079999999987,2.4669884164548113,-6.0,0.029858571490925103,0.010766119958204272
x_feat_lgbm|but|ev0.04|w+0.00|cmax15|g0,x_feat_lgbm,but,0.04,0.0,15.0,0,630,0.580110497237569,15.10022500000003,16.987753125000033,0.037845175438596564,-39.701128874999974,76.05500600000002,31.498234999999987,2.532760811314466,-5.5177499999999995,0.04351797451444042,0.007891765607535588,523,0.9032815198618307,4.44907000000002,9.312006976744227,0.014929765100671209,-51.203179499999976,66.72357887499999,37.03339999999999,3.459565390479054,-9.5,0.01607524897579671,0.008310589175154589
x_feat_lgbm|but|ev0.04|w+0.00|cmax15|g1,x_feat_lgbm,but,0.04,0.0,15.0,1,421,0.3876611418047882,12.55569500000002,14.125156875000021,0.04624565377532235,-37.25828424999999,64.219456375,26.17144499999999,2.175142787157731,-5.0,0.042133973594846275,0.012693999993848288,318,0.5492227979274611,13.00118500000001,27.211782558139554,0.06915523936170218,-38.53320987499999,74.11063387499998,23.87715,3.309105134637529,-6.0,0.04911140803563547,0.019519922987324714
x_feat_lgbm|but|ev0.04|w+0.15|cmax8|g0,x_feat_lgbm,but,0.04,0.15,8.0,0,855,0.787292817679558,25.749265000000033,28.967923125000038,0.04482030461270676,-50.40848087499997,104.15635375000006,38.13618499999998,3.332875455584982,-10.51775,0.05402685837181567,-0.024540384219856343,698,1.2055267702936097,-7.29153999999998,-15.261362790697632,-0.017784243902438976,-63.75695187499998,47.91677212499992,37.54890499999999,3.1317201319497947,-11.5,-0.02874427105644123,-0.022663020299295136
x_feat_lgbm|but|ev0.04|w+0.15|cmax8|g1,x_feat_lgbm,but,0.04,0.15,8.0,1,546,0.5027624309392266,25.317530000000012,28.482221250000016,0.06697759259259263,-33.48508199999998,87.44520562500001,25.19526499999998,2.559570069298421,-6.5,0.06917007917044163,-0.022676260320854697,375,0.6476683937823834,15.191285000000013,31.795712790697703,0.06396330526315795,-30.82779412499998,67.17180012499999,19.751350000000002,2.7485659778106517,-6.0,0.06823439200992029,-0.018911397509625255
x_feat_lgbm|but|ev0.04|w+0.15|cmax15|g0,x_feat_lgbm,but,0.04,0.15,15.0,0,883,0.8130755064456722,20.373265000000053,22.91992312500006,0.034618971962616915,-53.85111149999996,96.06278124999993,43.324184999999986,3.3242738860974907,-10.51775,0.04255997303234705,-0.024540384219856343,742,1.2815198618307426,12.424210000000016,26.004160465116314,0.028693325635103965,-50.340281499999975,78.69246762500002,34.78248999999999,3.7162065485099642,-12.0,0.04127469951945388,-0.020184962534400205
x_feat_lgbm|but|ev0.04|w+0.15|cmax15|g1,x_feat_lgbm,but,0.04,0.15,15.0,1,554,0.5101289134438306,27.75096000000002,31.219830000000023,0.07322153034300798,-33.46474687499999,89.82219962500001,23.508429999999997,2.661390851041358,-6.5,0.07241138592048366,-0.02306842842690678,386,0.6666666666666666,18.644385000000018,39.02313139534888,0.07736259336099592,-40.64750899999999,83.16506624999991,20.524074999999993,3.513401032048497,-6.0,0.06551418141366776,-0.014083370223744845
x_feat_lgbm|but|ev0.06|w-0.15|cmax8|g0,x_feat_lgbm,but,0.06,-0.15,8.0,0,271,0.24953959484346225,-3.5726299999999913,-4.01920874999999,-0.020241529745042442,-40.18160462499999,38.08504525000001,30.119954999999994,2.0119238101522514,-4.0,-0.017240080355088037,0.04973073056085071,224,0.38687392055267705,-11.911729999999997,-24.931527906976736,-0.08631688405797099,-49.55279449999998,26.376883749999987,31.078159999999997,2.4115299512842374,-6.5,-0.07484076964486554,0.05706283939723564
x_feat_lgbm|but|ev0.06|w-0.15|cmax8|g1,x_feat_lgbm,but,0.06,-0.15,8.0,1,215,0.19797421731123388,-6.697059999999996,-7.534192499999996,-0.04818028776978414,-39.39381762499999,29.389780374999965,29.97324499999999,1.7376704655691406,-3.5,-0.037417911674469236,0.054565255262732454,177,0.30569948186528495,-1.3391799999999936,-2.802934883720917,-0.012010582959641199,-33.675104,33.85173787499999,24.91776,2.1470012002407013,-5.0,-0.009450672900569959,0.05688252823667104
x_feat_lgbm|but|ev0.06|w-0.15|cmax15|g0,x_feat_lgbm,but,0.06,-0.15,15.0,0,299,0.27532228360957645,-8.948629999999987,-10.067208749999986,-0.04697443569553799,-47.645436625,35.250280249999996,33.70582499999999,2.0281269092603864,-4.0,-0.04085429013680485,0.04973073056085071,268,0.46286701208981,7.804020000000012,16.333995348837234,0.04847217391304355,-42.61297312499999,69.86271749999999,26.87535,3.4230880370393533,-7.0,0.033040850222554374,0.06613580247745661
x_feat_lgbm|but|ev0.06|w-0.15|cmax15|g1,x_feat_lgbm,but,0.06,-0.15,15.0,1,229,0.21086556169429096,-10.879359999999993,-12.239279999999992,-0.0747722336769759,-46.211761125,29.582474875000003,33.155545,1.8142969889014537,-3.5,-0.05552278123760162,0.054781622085089854,204,0.35233160621761656,7.732870000000012,16.18507674418607,0.062111405622490054,-39.11756637499999,68.037983125,17.37535,3.2200436634824507,-5.0,0.0348040559142424,0.06853472804820906
x_feat_lgbm|but|ev0.06|w+0.00|cmax8|g0,x_feat_lgbm,but,0.06,0.0,8.0,0,399,0.3674033149171271,18.685425000000016,21.021103125000018,0.066614705882353,-31.21850012499998,71.02271837500001,16.969139999999996,2.452905103892889,-5.5,0.06455653709176218,0.014570243100806178,322,0.5561312607944733,-6.579229999999988,-13.770481395348812,-0.03356749999999994,-48.898539625000005,35.971993124999955,35.73401,2.628976793914829,-7.5,-0.03428194519053031,0.014468169073569596
x_feat_lgbm|but|ev0.06|w+0.00|cmax8|g1,x_feat_lgbm,but,0.06,0.0,8.0,1,291,0.26795580110497236,11.332885000000013,12.749495625000016,0.055014004854369,-30.25676862499999,54.096651374999986,18.747429999999987,2.050194339698557,-4.5,0.0468450216866787,0.019358021181807412,234,0.40414507772020725,4.593750000000005,9.61482558139536,0.031250000000000035,-32.585356499999996,43.51422949999994,23.602479999999993,2.351263092191182,-5.5,0.0267635222960682,0.016561333748797473
x_feat_lgbm|but|ev0.06|w+0.00|cmax15|g0,x_feat_lgbm,but,0.06,0.0,15.0,0,427,0.39318600368324125,13.309425000000015,14.973103125000017,0.04519329371816644,-36.96214712499999,68.41531662499996,23.71933999999998,2.443745376730089,-5.5,0.044641986264116876,0.014570243100806178,366,0.6321243523316062,13.136520000000012,27.49504186046514,0.05998410958904115,-41.51165262499998,74.40147987499999,33.479249999999986,3.383795119951833,-8.0,0.05176247195559918,0.020221305834033743
x_feat_lgbm|but|ev0.06|w+0.00|cmax15|g1,x_feat_lgbm,but,0.06,0.0,15.0,1,303,0.27900552486187846,8.65058500000001,9.731908125000011,0.0409980331753555,-35.492772749999986,55.55825362500001,21.590529999999994,2.1443557598218606,-4.5,0.033066544159687405,0.018337407869683867,254,0.4386873920552677,11.39992500000001,23.860308139534904,0.07307644230769238,-41.286772375,72.528287625,19.523049999999998,3.3213905675011803,-5.5,0.04576366341473515,0.027166752401638506
x_feat_lgbm|but|ev0.06|w+0.15|cmax8|g0,x_feat_lgbm,but,0.06,0.15,8.0,0,601,0.5534069981583793,26.93635000000003,30.303393750000033,0.06059921259842526,-38.11027674999998,95.41097925000003,23.929004999999965,2.913499802781788,-8.01775,0.06798057678593841,-0.018831460037490366,509,0.8791018998272885,10.828350000000011,22.663988372093044,0.03448519108280258,-41.56580887499999,66.678090625,30.074424999999994,3.017289497494399,-10.0,0.04430576961353763,-0.019781503705307516
x_feat_lgbm|but|ev0.06|w+0.15|cmax8|g1,x_feat_lgbm,but,0.06,0.15,8.0,1,412,0.37937384898710863,40.366170000000025,45.41194125000003,0.13021345161290332,-13.087418749999976,94.40112199999993,10.819039999999998,2.3987159654675425,-6.0,0.12373706508080028,-0.016758370973984943,318,0.5492227979274611,16.82213500000001,35.209119767441884,0.08048868421052637,-27.643885749999985,67.11188637499997,21.937799999999996,2.6727570559399374,-6.0,0.07770278954115795,-0.015990150515357515
x_feat_lgbm|but|ev0.06|w+0.15|cmax15|g0,x_feat_lgbm,but,0.06,0.15,15.0,0,629,0.5791896869244936,21.56035000000003,24.255393750000035,0.047023664122137473,-40.31975287499998,88.27893137499997,30.610934999999976,2.8823183890578643,-8.01775,0.05420442824185124,-0.018831460037490366,553,0.9550949913644214,30.544100000000018,63.92951162790701,0.09063531157270036,-28.645871124999985,97.46681974999983,31.290850000000002,3.6639917448611534,-10.5,0.10291716809948151,-0.016384898396037753
x_feat_lgbm|but|ev0.06|w+0.15|cmax15|g1,x_feat_lgbm,but,0.06,0.15,15.0,1,422,0.3885819521178637,41.79960000000002,47.02455000000002,0.13397307692307697,-10.773065374999979,100.00141687499999,10.926000000000002,2.4894212220986174,-6.0,0.1216731220434314,-0.017586350037483815,331,0.5716753022452504,19.275235000000013,40.3435151162791,0.09028213114754104,-37.487833749999986,84.891570625,21.09055,3.472953354222616,-6.0,0.06851974096000987,-0.010654701282293394
x_feat_lgbm|but|ev0.08|w-0.15|cmax8|g0,x_feat_lgbm,but,0.08,-0.15,8.0,0,154,0.141804788213628,0.8558200000000062,0.9627975000000071,0.007641250000000056,-31.134209499999994,36.559323125,21.561774999999997,2.0029545756561187,-3.5,0.005408592231011224,0.0662487817815898,135,0.23316062176165803,0.7584000000000053,1.5873488372093136,0.008569491525423788,-29.574987749999995,34.10437874999996,18.99356,2.249199728895997,-5.0,0.006130665379307725,0.06822081881387834
x_feat_lgbm|but|ev0.08|w-0.15|cmax8|g1,x_feat_lgbm,but,0.08,-0.15,8.0,1,131,0.12062615101289134,2.770790000000003,3.117138750000003,0.029634117647058856,-25.40217975,35.024251375000006,17.225395,1.783383544878172,-2.5,0.019666712323308192,0.06914489938623374,112,0.19343696027633853,7.535800000000005,15.772604651162801,0.10115167785234906,-20.881633374999993,39.870888499999964,16.094359999999995,2.098091774045167,-3.5,0.06530436234940215,0.06436753904413464
x_feat_lgbm|but|ev0.08|w-0.15|cmax15|g0,x_feat_lgbm,but,0.08,-0.15,15.0,0,177,0.16298342541436464,-2.0201799999999928,-2.272702499999992,-0.01635773279352221,-35.46554074999999,36.713738125000006,23.013574999999996,2.0270043935589848,-3.5,-0.011588758855640558,0.0662487817815898,176,0.30397236614853196,17.931650000000005,37.53136046511629,0.16301500000000005,-28.317703624999993,73.85329787499998,19.973300000000002,3.405833261907861,-5.5,0.08774969599243365,0.08465450746711146
x_feat_lgbm|but|ev0.08|w-0.15|cmax15|g1,x_feat_lgbm,but,0.08,-0.15,15.0,1,144,0.13259668508287292,1.1366900000000064,1.2787762500000073,0.011424020100502577,-29.385509499999994,36.024508250000004,19.572274999999998,1.8877818720817325,-3.0,0.007001511020349062,0.06955063887952588,142,0.2452504317789292,17.045400000000008,35.67641860465118,0.1893933333333334,-25.668699,71.662583375,15.895950000000003,3.2703263063899457,-4.0,0.08686900736630222,0.08503814961510298
x_feat_lgbm|but|ev0.08|w+0.00|cmax8|g0,x_feat_lgbm,but,0.08,0.0,8.0,0,235,0.21639042357274402,29.21681500000001,32.86891687500001,0.16186601108033247,-11.23126037499999,75.62338674999998,15.817299999999996,2.3703691472626973,-5.0,0.132536023529525,0.02579393018781546,187,0.3229706390328152,4.363965000000006,9.133880232558152,0.03477262948207176,-33.185587125,39.78199962499998,23.526739999999997,2.3600764184762038,-5.5,0.029350441863662143,0.02733949596128078
x_feat_lgbm|but|ev0.08|w+0.00|cmax8|g1,x_feat_lgbm,but,0.08,0.0,8.0,1,187,0.1721915285451197,26.31591500000001,29.605404375000013,0.1827494097222223,-10.662164124999993,67.99729425000001,14.432750000000002,2.132926801154979,-4.0,0.13266598169415045,0.028451763673316425,150,0.25906735751295334,7.000545000000005,14.652303488372104,0.06829800000000005,-28.145261374999993,42.360076375,19.293759999999995,2.3259584966180853,-4.5,0.04777375093593834,0.0292462067363548
x_feat_lgbm|but|ev0.08|w+0.00|cmax15|g0,x_feat_lgbm,but,0.08,0.0,15.0,0,258,0.23756906077348067,26.340815000000013,29.633416875000016,0.13719174479166674,-15.280912374999986,74.12341574999999,14.96255,2.353379711839624,-5.0,0.11421183975470983,0.02579393018781546,228,0.39378238341968913,21.53721500000001,45.07789186046514,0.14651166666666673,-28.28685899999999,80.11170349999999,26.69745,3.431116448221254,-6.0,0.09510648919045281,0.037877021664401406
x_feat_lgbm|but|ev0.08|w+0.00|cmax15|g1,x_feat_lgbm,but,0.08,0.0,15.0,1,199,0.1832412523020258,25.681815000000018,28.892041875000018,0.17236117449664443,-14.406395749999996,69.49350949999996,11.783749999999998,2.236406930155776,-4.0,0.11717873576632151,0.02683350205801059,177,0.30569948186528495,12.082570000000011,25.289100000000026,0.10416008620689665,-35.25800449999999,68.86721100000001,18.53005,3.368324521246916,-4.5,0.05435023890051792,0.046287661695163386
x_feat_lgbm|but|ev0.08|w+0.15|cmax8|g0,x_feat_lgbm,but,0.08,0.15,8.0,0,396,0.36464088397790057,32.19087000000002,36.21472875000002,0.09829273282442753,-24.35281462499998,94.45144387500004,18.622429999999994,2.7900364714671784,-7.0,0.09535368109148182,-0.008944467298419792,331,0.5716753022452504,1.9720950000000101,4.1276406976744395,0.008903363431151287,-43.12388137499999,47.91683662500001,29.428849999999997,2.7245541405349094,-8.5,0.009650973569876535,-0.014696943964327408
x_feat_lgbm|but|ev0.08|w+0.15|cmax8|g1,x_feat_lgbm,but,0.08,0.15,8.0,1,294,0.27071823204419887,47.259585000000015,53.16703312500001,0.19448388888888896,-2.492986249999981,99.92398987500003,10.898960000000002,2.443799265763675,-5.0,0.15982289876111228,-0.006759665875781768,235,0.4058721934369603,0.6981100000000069,1.4611604651162935,0.0042438297872340845,-39.89213362499999,40.448692375000014,22.612084999999993,2.480917255682753,-6.0,0.003751891890796589,-0.010764731240943537
x_feat_lgbm|but|ev0.08|w+0.15|cmax15|g0,x_feat_lgbm,but,0.08,0.15,15.0,0,419,0.3858195211786372,29.314870000000024,32.979228750000026,0.08647454277286143,-26.108383749999984,91.37063112499999,17.922519999999974,2.7400197733939144,-7.0,0.0855902436461304,-0.008944467298419792,372,0.6424870466321243,19.14534500000002,40.07165232558144,0.07878742798353917,-35.26757787499999,80.62354400000001,32.9054,3.3721782182088678,-9.0,0.07470317934273643,-0.009391217060227216
x_feat_lgbm|but|ev0.08|w+0.15|cmax15|g1,x_feat_lgbm,but,0.08,0.15,15.0,1,303,0.27900552486187846,49.19301500000002,55.34214187500002,0.20119842535787327,-2.8887623749999793,106.68093024999989,10.086209999999994,2.523037211262599,-5.0,0.1559803074814975,-0.007514170985467176,255,0.44041450777202074,9.350360000000013,19.570520930232586,0.05389256484149863,-44.72794012499999,72.76411675,22.91875,3.390595182966094,-6.0,0.036285975173229464,-0.0025693594935546657
x_feat_lgbm|but|ev0.10|w-0.15|cmax8|g0,x_feat_lgbm,but,0.1,-0.15,8.0,0,82,0.07550644567219153,1.1957050000000016,1.3451681250000018,0.0179805263157895,-22.872211625,30.159375250000004,18.285735,1.8889460525668669,-2.5,0.011943417689169122,0.07527049729461936,78,0.13471502590673576,-1.0815999999999963,-2.2638139534883646,-0.0186482758620689,-25.115038999999996,23.961109750000002,16.069359999999996,1.9571728937715387,-3.5,-0.01255986032713137,0.06914763762930168
x_feat_lgbm|but|ev0.10|w-0.15|cmax8|g1,x_feat_lgbm,but,0.1,-0.15,8.0,1,75,0.06906077348066299,1.1319550000000045,1.273449375000005,0.018710000000000074,-23.2672755,29.140512749999978,18.559355,1.8840190743850591,-2.5,0.011336212992644559,0.07541679901425703,70,0.12089810017271158,3.166650000000006,6.627872093023268,0.0608971153846155,-19.215043624999996,26.149686624999998,14.821109999999996,1.8386238195589453,-2.5,0.03914303590338699,0.06693724474856262
x_feat_lgbm|but|ev0.10|w-0.15|cmax15|g0,x_feat_lgbm,but,0.1,-0.15,15.0,0,98,0.09023941068139964,-2.4922949999999964,-2.8038318749999958,-0.033453624161073774,-26.616185374999997,27.41858787499999,20.973734999999998,1.779368153122067,-2.5,-0.022591337481836532,0.07527049729461936,100,0.17271157167530224,21.144900000000003,44.256767441860475,0.30207000000000006,-19.883544999999994,73.17617450000002,18.786600000000004,3.2976017443515606,-3.0,0.123311643986182,0.09919807178595327
x_feat_lgbm|but|ev0.10|w-0.15|cmax15|g1,x_feat_lgbm,but,0.1,-0.15,15.0,1,87,0.08011049723756906,-2.319844999999997,-2.6098256249999965,-0.03514916666666662,-26.478058125,27.284049624999994,21.011155000000002,1.7872386546221526,-2.5,-0.020935567134216907,0.07490025507709193,89,0.153713298791019,15.535150000000009,32.51543023255816,0.2505669354838711,-23.131507374999998,66.15943274999994,16.7866,3.2054667906975802,-3.0,0.09320105436199806,0.10163672586155438
x_feat_lgbm|but|ev0.10|w+0.00|cmax8|g0,x_feat_lgbm,but,0.1,0.0,8.0,0,134,0.12338858195211787,23.742410000000007,26.710211250000008,0.2037975107296138,-14.022424999999998,69.84720099999998,18.8129,2.630629068277912,-3.5,0.1432598975424373,0.03073214245922657,104,0.17962003454231434,17.297895000000004,36.204896511627915,0.22176788461538466,-12.897369124999997,50.009326499999986,8.52788,2.253773011373738,-4.0,0.15049182417796794,0.04990081166415382
x_feat_lgbm|but|ev0.10|w+0.00|cmax8|g1,x_feat_lgbm,but,0.1,0.0,8.0,1,113,0.10405156537753223,20.529910000000008,23.096148750000008,0.2063307537688443,-14.061544249999997,60.89568324999996,14.885199999999998,2.440133220650057,-3.5,0.13354663775889025,0.033901657068560874,92,0.15889464594127806,15.944975000000003,33.3732034883721,0.2294241007194245,-13.111135249999998,48.433978624999995,12.19435,2.208045802813993,-2.5,0.1415942405855014,0.05054183388925258
x_feat_lgbm|but|ev0.10|w+0.00|cmax15|g0,x_feat_lgbm,but,0.1,0.0,15.0,0,150,0.13812154696132597,20.054410000000004,22.561211250000007,0.16107959839357433,-18.549209249999993,64.22575300000001,18.8129,2.446392540517545,-3.5,0.11229512053178585,0.03073214245922657,126,0.21761658031088082,39.52439500000001,82.72547790697678,0.43915994444444456,-5.417962499999996,91.87830762499998,11.842049999999986,3.3063242070715178,-3.0,0.20610655323800692,0.06951200661384933
x_feat_lgbm|but|ev0.10|w+0.00|cmax15|g1,x_feat_lgbm,but,0.1,0.0,15.0,1,125,0.1151012891344383,17.578110000000006,19.775373750000007,0.1682115789473685,-20.760661999999996,60.548413749999995,14.885199999999998,2.3799593752425343,-3.5,0.1011765284324324,0.0331228948607718,110,0.18998272884283246,27.007825000000004,56.52800581395349,0.3418712025316456,-16.619011874999998,78.8124684999999,9.84205,3.30220519221906,-3.0,0.14101248349727738,0.07253380789565607
x_feat_lgbm|but|ev0.10|w+0.15|cmax8|g0,x_feat_lgbm,but,0.1,0.15,8.0,0,235,0.21639042357274402,50.33718500000002,56.62933312500002,0.2314353333333334,-2.328074374999989,103.37060712499999,19.1626,2.802235544777879,-7.0,0.19315294703620087,-0.002529967556119107,206,0.35578583765112265,18.68751500000001,39.11340348837211,0.12134750000000005,-17.103495999999993,55.50114812499997,13.65935,2.4253303882973154,-4.5,0.12039284350038228,-0.007992270366553051
x_feat_lgbm|but|ev0.10|w+0.15|cmax8|g1,x_feat_lgbm,but,0.1,0.15,8.0,1,187,0.1721915285451197,51.040585000000014,57.42065812500001,0.29333669540229895,4.736274250000013,97.827612125,13.228550000000002,2.4678120480661243,-5.0,0.222392744639421,-3.250102739515283e-05,162,0.27979274611398963,18.462935000000005,38.64335232558141,0.14770348000000005,-17.906496874999995,55.94919274999998,17.909299999999998,2.4183566541560486,-3.5,0.11928900515117535,-0.002430429460178217
x_feat_lgbm|but|ev0.10|w+0.15|cmax15|g0,x_feat_lgbm,but,0.1,0.15,15.0,0,251,0.2311233885819521,46.64918500000002,52.480333125000016,0.20687000000000008,-4.173505624999982,100.89967649999998,19.1626,2.687444928826558,-7.0,0.17358191976186413,-0.002529967556119107,228,0.39378238341968913,40.914015000000006,85.63398488372094,0.2464699698795181,-6.291353374999991,96.628047875,17.135899999999992,3.2090518805237465,-4.5,0.18749360047063865,0.0005192171383525532
x_feat_lgbm|but|ev0.10|w+0.15|cmax15|g1,x_feat_lgbm,but,0.1,0.15,15.0,1,198,0.18232044198895028,47.16201500000001,53.05726687500002,0.2664520621468927,0.7601862500000076,100.270069875,13.228550000000002,2.4414974325201024,-5.0,0.19316839891705154,-0.0008998100200304559,176,0.30397236614853196,28.333635000000008,59.302956976744206,0.21464875000000005,-21.603377874999993,86.39284537499998,14.5206,3.359489516734076,-4.0,0.12402810036039139,0.008098446190437675
x_tuned_lgbm|but+ast|ev0.04|w-0.15|cmax8|g0,x_tuned_lgbm,but+ast,0.04,-0.15,8.0,0,662,0.6095764272559853,74.41694000000001,83.7190575,0.15202643513789582,12.772107125000014,137.317908,22.477745,2.6070958136139004,-5.343999999999999,0.20388570632996755,0.002786833560411868,315,0.5440414507772021,-11.707604999999997,-24.504289534883714,-0.06486207756232686,-42.021168124999996,18.920418874999985,24.068295,1.8847656888053963,-4.0,-0.08873861668503069,0.0331009631806588
x_tuned_lgbm|but+ast|ev0.04|w-0.15|cmax8|g1,x_tuned_lgbm,but+ast,0.04,-0.15,8.0,1,425,0.39134438305709024,61.20305000000001,68.85343125000001,0.19125953125000003,13.60924212500001,106.77776700000001,17.434889999999996,2.044028018868014,-4.6,0.2138740950817521,0.009051855447581839,220,0.3799654576856649,3.499720000000007,7.324995348837224,0.02692092307692313,-25.561513749999992,34.12433512499999,14.921344999999999,1.8050738010649356,-4.0,0.027697482491022843,0.039305017599472664
x_tuned_lgbm|but+ast|ev0.04|w-0.15|cmax15|g0,x_tuned_lgbm,but+ast,0.04,-0.15,15.0,0,697,0.641804788213628,68.94869000000003,77.56727625000003,0.1358594876847291,8.942135500000012,134.393204375,24.47774499999999,2.725205198519552,-5.343999999999999,0.17943522259684683,0.002786833560411868,349,0.6027633851468048,13.277645000000009,27.79041976744188,0.06688989924433254,-29.98929474999999,69.48468262499999,20.745529999999995,2.8880706167759502,-4.5,0.06385291794456753,0.03869330711815404
x_tuned_lgbm|but+ast|ev0.04|w-0.15|cmax15|g1,x_tuned_lgbm,but+ast,0.04,-0.15,15.0,1,442,0.40699815837937386,51.742975000000015,58.210846875000016,0.15823539755351687,3.409512250000013,104.36525125000001,25.485769999999995,2.1849843523900754,-4.5,0.16795152491563267,0.008932365821041293,240,0.41450777202072536,18.80862000000001,39.366879069767464,0.13531381294964034,-20.762767124999993,72.966768,15.944429999999997,2.788985222206568,-4.0,0.09366519092799451,0.04687377098941611
x_tuned_lgbm|but+ast|ev0.04|w+0.00|cmax8|g0,x_tuned_lgbm,but+ast,0.04,0.0,8.0,0,1080,0.994475138121547,70.73420000000003,79.57597500000003,0.08292403282532243,-5.926887874999975,150.85471650000002,24.125365,3.2005623358893334,-5.4746999999999995,0.14539838006875155,-0.03365328365931934,460,0.7944732297063903,-12.714904999999995,-26.612591860465102,-0.04484975308641973,-49.75692287499999,24.760890999999983,22.18895,2.2153817162717275,-4.5,-0.07551808356552624,-0.007746540552102658
x_tuned_lgbm|but+ast|ev0.04|w+0.00|cmax8|g1,x_tuned_lgbm,but+ast,0.04,0.0,8.0,1,603,0.5552486187845304,83.13700000000003,93.52912500000004,0.1619026290165531,24.963912500000013,144.64949825,13.09675,2.4843112683302913,-3.3339,0.22016321156729676,-0.028546302396651055,297,0.5129533678756477,6.407210000000008,13.410439534883738,0.033458015665796384,-28.818375,42.48611237499998,16.132800000000003,2.0723506928213613,-3.5,0.040681046421764774,-0.007036727583976178
x_tuned_lgbm|but+ast|ev0.04|w+0.00|cmax15|g0,x_tuned_lgbm,but+ast,0.04,0.0,15.0,0,1115,1.0267034990791897,65.26595000000002,73.42419375000001,0.0749322043628014,-9.380771624999966,143.69794100000001,26.054664999999993,3.2680969004741818,-5.9746999999999995,0.1305269854573204,-0.03365328365931934,494,0.853195164075993,12.270345000000008,25.68211744186048,0.04069766169154231,-37.49608799999999,67.96604499999998,23.233779999999996,3.152655845878512,-5.0,0.0505463132230104,-0.004060242077983773
x_tuned_lgbm|but+ast|ev0.04|w+0.00|cmax15|g1,x_tuned_lgbm,but+ast,0.04,0.0,15.0,1,615,0.5662983425414365,80.62842500000002,90.70697812500002,0.15701738072054533,21.07914650000002,142.82926625000002,14.700040000000001,2.544432458871099,-4.62,0.20711226509366648,-0.028500398095647132,313,0.540587219343696,21.31090000000001,44.6042093023256,0.10763080808080813,-25.079520624999994,74.086688625,16.877179999999996,2.96505551464787,-4.0,0.09334224391336692,-0.0020553021780758203
x_tuned_lgbm|but+ast|ev0.04|w+0.15|cmax8|g0,x_tuned_lgbm,but+ast,0.04,0.15,8.0,0,1628,1.4990791896869244,40.56335000000004,45.633768750000044,0.0295435906773489,-55.54752199999996,134.72430487500003,31.832739999999987,3.865162693728187,-9.3646,0.06727309946898198,-0.05743503682417374,726,1.2538860103626943,-24.626784999999987,-51.54443372093021,-0.05201010559662088,-73.17492624999998,25.320885999999977,34.134384999999995,2.8716937017818083,-6.725,-0.1085531703826148,-0.037137144866865146
x_tuned_lgbm|but+ast|ev0.04|w+0.15|cmax8|g1,x_tuned_lgbm,but+ast,0.04,0.15,8.0,1,759,0.6988950276243094,91.88407000000002,103.36957875000003,0.12586858904109594,16.370525000000026,165.92557362499997,21.25967999999999,3.1388471355168575,-6.0,0.1876486567482877,-0.05180186561529082,385,0.6649395509499136,2.1217750000000084,4.440924418604669,0.007701542649727798,-39.207441374999995,45.49513300000002,19.042299999999997,2.4362869297880656,-5.934775,0.011024116685115434,-0.034417573412584807
x_tuned_lgbm|but+ast|ev0.04|w+0.15|cmax15|g0,x_tuned_lgbm,but+ast,0.04,0.15,15.0,0,1662,1.5303867403314917,34.720100000000045,39.060112500000045,0.024978489208633124,-61.88258324999995,128.84441275,34.83273999999999,3.875444800547199,-9.3646,0.057429470691549654,-0.057464569329162274,760,1.3126079447322971,0.35846500000001846,0.7502755813953874,0.0007293285859613804,-57.603198374999984,64.44752537499991,33.40925,3.4967361171214972,-7.225,0.001281427122298481,-0.034870495332747546
x_tuned_lgbm|but+ast|ev0.04|w+0.15|cmax15|g1,x_tuned_lgbm,but+ast,0.04,0.15,15.0,1,768,0.7071823204419889,82.86452000000003,93.22258500000002,0.11405990364762564,10.872531250000023,153.51231274999998,18.94767999999999,3.0725992589888924,-5.6404499999999995,0.1728773509786038,-0.05179957896715801,394,0.6804835924006909,15.751505000000012,32.968266279069795,0.05686463898916972,-34.636406374999986,72.46402887500001,20.923629999999992,3.1117179537356514,-5.0,0.06327495468013962,-0.030773574373701307
x_tuned_lgbm|but+ast|ev0.06|w-0.15|cmax8|g0,x_tuned_lgbm,but+ast,0.06,-0.15,8.0,0,417,0.3839779005524862,72.12210000000002,81.13736250000002,0.21181233480176218,17.23394925000001,129.68475087500002,21.390489999999993,2.6281210199309584,-4.343999999999999,0.22868714775386906,0.0153664400224922,180,0.31088082901554404,0.7067200000000025,1.4791813953488424,0.0064247272727272955,-27.31648287499999,29.012769000000002,18.109499999999997,1.8446844671504208,-4.5,0.005986118600032471,0.049057642966161656
x_tuned_lgbm|but+ast|ev0.06|w-0.15|cmax8|g1,x_tuned_lgbm,but+ast,0.06,-0.15,8.0,1,308,0.283609576427256,56.81391000000001,63.91564875,0.22816831325301207,11.720980375000007,102.009195125,13.372789999999995,2.1090643259630215,-4.6,0.22448307724508024,0.019875587466598295,147,0.2538860103626943,10.206820000000002,21.36311162790698,0.11154994535519128,-16.881293124999996,37.642242999999965,12.39225,1.7825982376128326,-3.0,0.08946579163769952,0.05152472584862619
x_tuned_lgbm|but+ast|ev0.06|w-0.15|cmax15|g0,x_tuned_lgbm,but+ast,0.06,-0.15,15.0,0,452,0.4162062615101289,66.65385000000002,74.98558125000002,0.18592426778242682,9.85658612500001,126.01739187499997,23.390489999999993,2.69428902585008,-4.408899999999999,0.19634078023863988,0.0153664400224922,214,0.3696027633851468,25.69197000000001,53.77389069767443,0.20071851562500007,-17.271676749999994,78.75478762499999,17.295150000000007,3.0437584353878675,-5.0,0.12413044472997022,0.059216936583365666
x_tuned_lgbm|but+ast|ev0.06|w-0.15|cmax15|g1,x_tuned_lgbm,but+ast,0.06,-0.15,15.0,1,327,0.3011049723756906,48.623835000000014,54.70181437500001,0.18883042718446608,2.7964146250000117,98.81881424999997,21.458239999999996,2.2048669516891457,-4.1,0.1750234643797043,0.019760976803715337,171,0.29533678756476683,25.830570000000012,54.06398372093026,0.2495707246376813,-14.528322624999998,77.92569950000001,14.452700000000004,2.924190895087588,-3.0,0.12990305255636667,0.06442281076727104
x_tuned_lgbm|but+ast|ev0.06|w+0.00|cmax8|g0,x_tuned_lgbm,but+ast,0.06,0.0,8.0,0,680,0.6261510128913443,74.55998000000002,83.87997750000002,0.11844317712470219,6.795744750000011,145.07936124999998,26.619755000000005,3.088867833028363,-5.188,0.16879921373239087,-0.024285887382709342,279,0.48186528497409326,2.1496300000000037,4.499225581395357,0.011557150537634429,-31.554656999999995,37.406242125,18.598760000000002,2.088120600731463,-4.30215,0.014102148262439803,0.0009778183949559153
x_tuned_lgbm|but+ast|ev0.06|w+0.00|cmax8|g1,x_tuned_lgbm,but+ast,0.06,0.0,8.0,1,443,0.40791896869244937,83.66244500000002,94.12025062500001,0.19895944114149827,27.622921500000004,139.38499399999995,16.11675,2.454506892199899,-3.3339,0.23835828890775645,-0.021544153417494466,212,0.36614853195164077,15.15383000000001,31.71731860465118,0.10487079584775093,-15.522978624999993,47.60957125,11.519299999999998,1.9115808022587069,-3.5,0.10859426506244708,0.0018295795673756753
x_tuned_lgbm|but+ast|ev0.06|w+0.00|cmax15|g0,x_tuned_lgbm,but+ast,0.06,0.0,15.0,0,715,0.6583793738489871,69.09173000000001,77.72819625000002,0.10670537451737454,-0.5636711249999766,141.08958674999997,28.619755000000005,3.14785885288054,-5.25,0.15242223459812926,-0.024285887382709342,313,0.540587219343696,27.13488000000001,56.79393488372095,0.13301411764705887,-18.413585999999995,81.41042199999998,18.17384999999999,2.9942253503523464,-4.80215,0.12246491985795846,0.007146735997443294
x_tuned_lgbm|but+ast|ev0.06|w+0.00|cmax15|g1,x_tuned_lgbm,but+ast,0.06,0.0,15.0,1,457,0.4208103130755064,80.15387000000001,90.17310375000002,0.19016339264531437,24.099301875000016,135.49044825000001,16.940559999999998,2.520708860000118,-4.12,0.22082046286860602,-0.021222892840649283,234,0.40414507772020725,34.164080000000006,71.50621395348838,0.22041341935483874,-7.911798249999993,88.858502125,12.040800000000004,2.9171109805342894,-3.5,0.15826506424935452,0.009343615830795895
x_tuned_lgbm|but+ast|ev0.06|w+0.15|cmax8|g0,x_tuned_lgbm,but+ast,0.06,0.15,8.0,0,1145,1.054327808471455,86.16644000000002,96.93724500000003,0.0786548973071657,-3.004139124999969,172.79467975,25.829175,3.7522588437807896,-7.5646,0.1500907506257664,-0.05217060644368983,481,0.8307426597582038,3.329550000000012,6.9688255813953734,0.00962297687861275,-41.206514375,48.112316000000014,24.881199999999996,2.546060470602218,-4.30215,0.016765720592426477,-0.03442810223307342
x_tuned_lgbm|but+ast|ev0.06|w+0.15|cmax8|g1,x_tuned_lgbm,but+ast,0.06,0.15,8.0,1,634,0.583793738489871,79.56904000000003,89.51517000000004,0.12092559270516721,8.730663375000017,149.68046812499995,21.663899999999984,3.0025684460903985,-5.24,0.17320473931059988,-0.05003550184265734,305,0.5267702936096719,2.087580000000006,4.369353488372106,0.00895957081545067,-37.80136274999999,44.51240162499998,20.0912,2.315586618142944,-5.234775,0.011558127838599427,-0.03285532340986551
x_tuned_lgbm|but+ast|ev0.06|w+0.15|cmax15|g0,x_tuned_lgbm,but+ast,0.06,0.15,15.0,0,1179,1.0856353591160222,80.32319000000004,90.36358875000005,0.07220062022471914,-10.39481474999996,174.18845962500004,27.329175,3.75951208962361,-7.5646,0.13873586343391037,-0.05220809448604136,515,0.8894645941278065,28.31480000000002,59.26353488372097,0.07778791208791214,-23.724634624999986,91.577203875,26.12255,3.26254840399415,-4.5,0.1098574321333075,-0.030998359823062097
x_tuned_lgbm|but+ast|ev0.06|w+0.15|cmax15|g1,x_tuned_lgbm,but+ast,0.06,0.15,15.0,1,645,0.5939226519337016,70.87449000000001,79.73380125000001,0.10812279176201374,1.4455888750000208,144.23253137499998,19.851899999999986,2.917466333435677,-5.1404499999999995,0.15774782240485724,-0.05010264034664925,322,0.5561312607944733,20.883110000000016,43.70883488372096,0.087377029288703,-26.662995624999994,83.27581274999997,20.5487,3.033848088047606,-4.5,0.08713131207801404,-0.02739676051137055
x_tuned_lgbm|but+ast|ev0.08|w-0.15|cmax8|g0,x_tuned_lgbm,but+ast,0.08,-0.15,8.0,0,228,0.20994475138121546,67.72676000000001,76.19260500000001,0.32022108747044925,25.222957250000004,114.05452700000001,16.28125,2.322475313026468,-4.0,0.3169723400948887,0.0266501478994105,102,0.17616580310880828,5.121050000000004,10.718476744186054,0.07759166666666673,-19.148609375,30.725960625000003,11.53135,1.8439416047612214,-3.5,0.0555446006183384,0.07253792979349752
x_tuned_lgbm|but+ast|ev0.08|w-0.15|cmax8|g1,x_tuned_lgbm,but+ast,0.08,-0.15,8.0,1,180,0.16574585635359115,63.80087,71.77597875000001,0.3878472340425532,25.78290200000001,104.84459374999997,8.63485,2.055912090075038,-2.5,0.3373138962211138,0.030201993289613364,90,0.15544041450777202,6.907650000000004,14.457872093023264,0.11807948717948724,-15.5179325,31.65274249999998,9.363949999999999,1.7582715220555183,-2.0,0.07857318864977773,0.07189876708717563
x_tuned_lgbm|but+ast|ev0.08|w-0.15|cmax15|g0,x_tuned_lgbm,but+ast,0.08,-0.15,15.0,0,255,0.23480662983425415,62.081260000000015,69.8414175,0.2753049223946786,18.864089750000012,108.2075844999999,18.28125,2.392196586632449,-4.0,0.26481195083959513,0.0266501478994105,133,0.229706390328152,27.2943,57.12760465116279,0.33084,-12.910458124999993,78.52976624999998,15.031350000000003,3.149848223590439,-4.0,0.15473704752990938,0.09083637282204857
x_tuned_lgbm|but+ast|ev0.08|w-0.15|cmax15|g1,x_tuned_lgbm,but+ast,0.08,-0.15,15.0,1,195,0.17955801104972377,55.19877000000001,62.098616250000006,0.32279982456140355,16.34183050000001,96.47168549999998,12.377300000000002,2.1175823803051745,-2.5,0.26598859167919026,0.03146750756185387,115,0.19861830742659758,20.722900000000006,43.37351162790699,0.28983076923076934,-17.160746249999992,69.86490625,12.363949999999999,3.032992700740764,-3.0,0.12200879534721797,0.09408936847267318
x_tuned_lgbm|but+ast|ev0.08|w+0.00|cmax8|g0,x_tuned_lgbm,but+ast,0.08,0.0,8.0,0,411,0.3784530386740331,87.08881000000001,97.97491125000002,0.1995161741122566,22.21206075000001,158.14049500000002,24.522110000000005,3.2421013977009667,-6.5,0.22199868021257485,-0.018033899737289118,149,0.25734024179620035,4.436035000000004,9.28472441860466,0.03960745535714289,-22.461089125,31.65996049999997,14.889399999999998,1.9356460336781833,-5.0,0.04092427506684103,0.010820158429327455
x_tuned_lgbm|but+ast|ev0.08|w+0.00|cmax8|g1,x_tuned_lgbm,but+ast,0.08,0.0,8.0,1,296,0.27255985267034993,79.10532000000002,88.99348500000002,0.2515272496025438,26.902994875000015,134.156616625,14.054299999999998,2.5420949064298313,-4.0,0.25717488892842694,-0.014328694788227217,124,0.2141623488773748,6.307435000000007,13.201608139534898,0.06639405263157902,-19.756424249999995,32.08062799999999,13.337649999999996,1.8410236864680178,-3.5,0.06117942353757955,0.01506989365065178
x_tuned_lgbm|but+ast|ev0.08|w+0.00|cmax15|g0,x_tuned_lgbm,but+ast,0.08,0.0,15.0,0,438,0.40331491712707185,81.44331000000001,91.62372375000001,0.1807842619311876,12.897621500000014,152.149192875,26.522110000000005,3.281625892531048,-6.5,0.20177215605664978,-0.018033899737289118,180,0.31088082901554404,26.60928500000001,55.69385232558142,0.20707614785992226,-12.820308124999993,78.572051125,15.48845,3.0584432959527916,-5.5,0.1403269489079509,0.022680625240316162
x_tuned_lgbm|but+ast|ev0.08|w+0.00|cmax15|g1,x_tuned_lgbm,but+ast,0.08,0.0,15.0,1,307,0.2826887661141805,77.38972000000001,87.06343500000001,0.24490417721518992,22.721150625000007,136.4457194999999,16.915409999999994,2.632763650298623,-4.5,0.23898260498081128,-0.013202116101942557,148,0.2556131260794473,21.122685000000004,44.21027093023257,0.19740827102803743,-18.132527624999998,70.63180699999994,14.271049999999999,2.962626563015202,-3.5,0.11499541386518897,0.029343834842536713
x_tuned_lgbm|but+ast|ev0.08|w+0.15|cmax8|g0,x_tuned_lgbm,but+ast,0.08,0.15,8.0,0,762,0.7016574585635359,82.72345500000003,93.06388687500004,0.09871534009546543,2.5461363750000383,165.48559412499995,25.50240500000001,3.663948373309405,-6.188,0.1557081399844058,-0.048687857990335245,293,0.5060449050086355,-3.551549999999988,-7.433476744186021,-0.015112978723404205,-40.62747812499999,30.55321224999998,21.51645,2.142433269874898,-4.5,-0.022708464504873224,-0.03326601410104722
x_tuned_lgbm|but+ast|ev0.08|w+0.15|cmax8|g1,x_tuned_lgbm,but+ast,0.08,0.15,8.0,1,484,0.44567219152854515,78.32245500000002,88.11276187500002,0.1409945184518452,6.216650125000016,145.36372475000005,20.86971499999997,3.035102513610534,-6.0,0.1779692315652303,-0.04765354006997913,220,0.3799654576856649,-3.5468199999999896,-7.423576744186025,-0.019434630136986243,-41.566649874999996,33.410520250000005,17.2003,2.2226904773761604,-6.5,-0.02185935281453184,-0.03203273306398003
x_tuned_lgbm|but+ast|ev0.08|w+0.15|cmax15|g0,x_tuned_lgbm,but+ast,0.08,0.15,15.0,0,788,0.7255985267034991,76.70295500000003,86.29082437500003,0.09013273207990603,-4.968521499999977,160.8413075,27.002404999999996,3.7086754048599455,-6.188,0.14263472501759722,-0.04873948080175855,324,0.5595854922279793,18.62170000000002,38.97565116279073,0.07404254473161041,-28.754673999999987,73.84902112499996,21.47395,3.036666748905061,-4.4723999999999995,0.08176377385594247,-0.027613834783536125
x_tuned_lgbm|but+ast|ev0.08|w+0.15|cmax15|g1,x_tuned_lgbm,but+ast,0.08,0.15,15.0,1,493,0.4539594843462247,67.75065500000002,76.21948687500003,0.12229360108303253,-0.43324799999997887,135.83136875000002,18.433369999999996,3.0015559022571754,-6.0,0.15566789750620819,-0.04812263518162696,240,0.41450777202072536,13.268430000000016,27.77113255813957,0.06892690909090918,-34.145214749999994,67.29317012499999,18.196745,3.079968779612889,-6.5,0.05743967314572445,-0.024876995998252306
x_tuned_lgbm|but+ast|ev0.10|w-0.15|cmax8|g0,x_tuned_lgbm,but+ast,0.1,-0.15,8.0,0,123,0.1132596685082873,42.52601000000001,47.841761250000005,0.32586980842911883,9.125118500000006,79.337648,13.955200000000001,2.368182537880283,-3.5,0.2850354738069416,0.028680217594599277,52,0.08981001727115717,13.568825000000004,28.39986627906978,0.3570743421052633,-8.054022499999999,37.43954062499999,5.49015,2.1056615647420664,-2.5,0.19527189080923474,0.08210909798060735
x_tuned_lgbm|but+ast|ev0.10|w-0.15|cmax8|g1,x_tuned_lgbm,but+ast,0.1,-0.15,8.0,1,108,0.09944751381215469,47.99286,53.9919675,0.4285076785714286,15.575192000000003,81.57613125000002,9.099999999999998,2.245796480121328,-2.5,0.33920768658889044,0.030540827525484995,49,0.0846286701208981,16.568825000000004,34.67893604651164,0.4733950000000001,-4.471286875,39.729355625,5.200049999999999,2.036982707675343,-2.0,0.24648496237535525,0.07817817124670658
x_tuned_lgbm|but+ast|ev0.10|w-0.15|cmax15|g0,x_tuned_lgbm,but+ast,0.1,-0.15,15.0,0,142,0.13075506445672191,32.526010000000014,36.59176125000001,0.23150185053380792,-2.555617749999992,71.87565849999996,15.4552,2.284744776991115,-3.5,0.20337382555534902,0.028680217594599277,73,0.12607944732297063,36.295325000000005,75.96695930232559,0.733238888888889,-1.656844374999999,87.23267249999995,7.49015,3.5808069903496893,-3.0,0.24722131956680585,0.12326818459858735
x_tuned_lgbm|but+ast|ev0.10|w-0.15|cmax15|g1,x_tuned_lgbm,but+ast,0.1,-0.15,15.0,1,120,0.11049723756906077,36.054660000000005,40.56149250000001,0.30948206008583695,1.9007022500000041,72.76583474999998,11.318999999999997,2.1610274646269847,-2.5,0.23834337131734568,0.02942940325476391,65,0.11226252158894647,30.437325,63.70602906976744,0.6997086206896552,-5.766310624999997,78.7805506249999,5.99015,3.481485546456566,-1.5,0.2132347730822517,0.12636932601005488
x_tuned_lgbm|but+ast|ev0.10|w+0.00|cmax8|g0,x_tuned_lgbm,but+ast,0.1,0.0,8.0,0,244,0.22467771639042358,61.971405000000004,69.717830625,0.21820917253521127,2.5946150000000157,125.94858449999998,25.498009999999997,3.266562269171594,-5.5,0.2062113539417378,-0.012760696458300795,81,0.13989637305699482,17.574350000000003,36.783523255813954,0.2584463235294118,-10.472099374999997,45.30375125,11.54015,2.196146515584018,-3.5,0.18610134207953882,0.016501189292357932
x_tuned_lgbm|but+ast|ev0.10|w+0.00|cmax8|g1,x_tuned_lgbm,but+ast,0.1,0.0,8.0,1,189,0.17403314917127072,65.31908500000002,73.48397062500001,0.2982606621004567,17.864088250000012,116.90117937500001,11.633499999999998,2.6581278787198603,-4.0,0.2671015416646371,-0.009629462199972186,73,0.12607944732297063,18.824350000000003,39.3998023255814,0.3085959016393443,-7.944283124999998,46.753194374999985,11.49015,2.113972749565943,-3.0,0.20708667199481942,0.020645535392366
x_tuned_lgbm|but+ast|ev0.10|w+0.00|cmax15|g0,x_tuned_lgbm,but+ast,0.1,0.0,15.0,0,263,0.2421731123388582,51.97140500000001,58.46783062500001,0.17677348639455787,-6.032594749999994,113.77479524999995,27.498009999999997,3.2338382574897255,-6.0,0.1691696917078636,-0.012760696458300795,102,0.17616580310880828,40.30085000000001,84.3506162790698,0.5069289308176103,0.21268625000000344,90.20791374999997,13.040149999999997,3.46289235282501,-4.0,0.23750848791463255,0.03975542506536698
x_tuned_lgbm|but+ast|ev0.10|w+0.00|cmax15|g1,x_tuned_lgbm,but+ast,0.1,0.0,15.0,1,198,0.18232044198895028,56.29718500000001,63.334333125000015,0.2541633634311513,8.43767937500001,107.76943587500003,12.581809999999994,2.6054042123257855,-4.5,0.22745105905828666,-0.009985145157259382,89,0.153713298791019,32.69285000000001,68.42689534883722,0.47040071942446054,-5.200130624999997,80.99561937499993,12.49015,3.368069721491386,-3.0,0.19809596462650597,0.04438182503977122
x_tuned_lgbm|but+ast|ev0.10|w+0.15|cmax8|g0,x_tuned_lgbm,but+ast,0.1,0.15,8.0,0,453,0.4171270718232044,92.05769000000001,103.56490125,0.16264609540636044,14.371886625000023,168.99540187500003,26.094930000000005,3.52539973724962,-7.5,0.2056117759153498,-0.042780101189275097,163,0.2815198618307427,2.0458600000000082,4.2820325581395515,0.013459605263157948,-32.920950999999995,37.12526025,17.891199999999994,2.2236664457265456,-6.0,0.01460379469968483,-0.026763163807445325
x_tuned_lgbm|but+ast|ev0.10|w+0.15|cmax8|g1,x_tuned_lgbm,but+ast,0.1,0.15,8.0,1,323,0.2974217311233886,89.04127500000001,100.17143437500002,0.2206723048327138,28.315084500000008,149.82640850000004,14.53257,2.8766879160901873,-5.5,0.24372209361094377,-0.04018970795492114,136,0.23488773747841105,10.409585000000002,21.787503488372096,0.08038289575289577,-24.191137624999993,45.07551437499999,15.11505,2.193487157391362,-5.0,0.07532823129587504,-0.025055013131643347
x_tuned_lgbm|but+ast|ev0.10|w+0.15|cmax15|g0,x_tuned_lgbm,but+ast,0.1,0.15,15.0,0,472,0.43462246777163904,82.05769000000002,92.31490125000002,0.14246126736111114,6.996971875000022,159.4516885,28.09493,3.501940927833103,-7.5,0.1830629688895634,-0.042780101189275097,184,0.3177892918825561,24.772360000000006,51.84912558139536,0.1515129051987768,-21.47246025,83.22304287499998,18.19005,3.238628736416085,-6.5,0.11589435481083996,-0.016361224450208267
x_tuned_lgbm|but+ast|ev0.10|w+0.15|cmax15|g1,x_tuned_lgbm,but+ast,0.1,0.15,15.0,1,331,0.30478821362799263,74.49747500000002,83.80965937500002,0.18394438271604943,15.615505250000012,138.82314037499995,17.867779999999996,2.832538003340178,-5.5,0.20547350918193577,-0.04058342992886012,152,0.26252158894645944,24.27808500000001,50.814596511627926,0.17592815217391314,-22.522625124999994,79.71450474999997,16.11505,3.180885403468111,-5.0,0.1156438305907554,-0.015116874308886372
x_tuned_lgbm|but|ev0.04|w-0.15|cmax8|g0,x_tuned_lgbm,but,0.04,-0.15,8.0,0,421,0.3876611418047882,16.834240000000015,18.93852000000002,0.06234903703703709,-26.37929399999999,62.23615287499996,29.118214999999992,2.190619337370759,-4.843999999999999,0.06457726327316254,0.03973713711525566,275,0.4749568221070812,-7.727604999999996,-16.17405697674418,-0.05001686084142392,-37.306769625,21.462603999999974,17.775145,1.8447344438354798,-4.0,-0.060710242461492626,0.052722888246472296
x_tuned_lgbm|but|ev0.04|w-0.15|cmax8|g1,x_tuned_lgbm,but,0.04,-0.15,8.0,1,296,0.27255985267034993,3.18172000000001,3.5794350000000117,0.016790079155672877,-32.597077124999984,38.29027775,29.628504999999993,1.708244749637293,-3.0,0.015651822060521473,0.04643855848087165,200,0.3454231433506045,1.104720000000004,2.3122046511627987,0.009648209606986934,-27.921628874999993,30.271361624999965,14.044394999999998,1.7805628932211255,-4.0,0.008991782791589638,0.05729236165286109
x_tuned_lgbm|but|ev0.04|w-0.15|cmax15|g0,x_tuned_lgbm,but,0.04,-0.15,15.0,0,456,0.4198895027624309,11.36599000000002,12.786738750000023,0.03946524305555563,-35.75193449999998,61.258570624999976,31.618214999999992,2.26435843276918,-5.0,0.0401561513778543,0.03973713711525566,309,0.533678756476684,17.25764500000001,36.12065232558142,0.10004431884057978,-27.60324762499999,70.75625737499996,17.669879999999996,2.9163387708696797,-4.5,0.08334608618282265,0.05913004140676582
x_tuned_lgbm|but|ev0.04|w-0.15|cmax15|g1,x_tuned_lgbm,but,0.04,-0.15,15.0,1,317,0.2918968692449355,-6.508354999999989,-7.3218993749999886,-0.03262333333333328,-45.202024874999985,32.34285375,40.407855,1.8291439649153107,-4.5,-0.02846514052403229,0.046204627891758526,220,0.3799654576856649,16.41362000000001,34.354088372093045,0.13290380566801627,-25.13567674999999,67.67572412499992,14.005979999999997,2.8092606031303977,-4.0,0.08229131402806446,0.0669365072150155
x_tuned_lgbm|but|ev0.04|w+0.00|cmax8|g0,x_tuned_lgbm,but,0.04,0.0,8.0,0,570,0.5248618784530387,11.311800000000018,12.72577500000002,0.029343190661478644,-39.23778024999998,65.04314037500002,32.95419499999999,2.4234725039702543,-6.0,0.03563053353365825,0.012346061899955236,373,0.6442141623488774,-3.272404999999994,-6.849219767441848,-0.015363403755868515,-35.66447499999998,31.19720312499994,13.388949999999998,2.05248618248633,-4.5,-0.02184056883594785,0.014453099597199981
x_tuned_lgbm|but|ev0.04|w+0.00|cmax8|g1,x_tuned_lgbm,but,0.04,0.0,8.0,1,375,0.3453038674033149,14.594480000000019,16.418790000000023,0.05745858267716543,-30.284669999999988,59.13914862500001,21.728489999999997,2.039360830877667,-4.5,0.05462900070845394,0.01855534510998757,259,0.4473229706390328,14.937810000000008,31.26518372093025,0.09859940594059412,-14.788934124999988,47.15383049999999,10.453629999999997,1.9176320890280867,-3.5,0.10670844288504099,0.01511967854812436
x_tuned_lgbm|but|ev0.04|w+0.00|cmax15|g0,x_tuned_lgbm,but,0.04,0.0,15.0,0,605,0.5570902394106814,5.843550000000025,6.573993750000028,0.014482156133829058,-48.64835549999998,66.76757374999994,40.32559499999998,2.4820773229801865,-6.5,0.017439245407384615,0.012346061899955236,407,0.7029360967184801,21.712845000000016,45.445489534883755,0.09399500000000006,-26.255481374999995,80.27650199999988,14.624129999999994,3.1296890811656537,-5.0,0.09375270728651462,0.019023395371015328
x_tuned_lgbm|but|ev0.04|w+0.00|cmax15|g1,x_tuned_lgbm,but,0.04,0.0,15.0,1,394,0.36279926335174956,6.904405000000013,7.767455625000015,0.026352690839694708,-39.03513124999999,55.74575262500001,29.211029999999994,2.101913892058261,-5.5,0.02433198664035627,0.017600145636706487,275,0.4749568221070812,29.341500000000003,61.41244186046512,0.18511987381703474,-14.01862012499999,84.221515,8.902299999999997,2.9668503601890204,-4.0,0.1336456877223478,0.021781637493646935
x_tuned_lgbm|but|ev0.04|w+0.15|cmax8|g0,x_tuned_lgbm,but,0.04,0.15,8.0,0,847,0.7799263351749539,5.215005000000037,5.866880625000041,0.008838991525423792,-55.433272874999965,65.71195875000005,45.352209999999985,2.662296667314303,-10.1525,0.013892460415067491,-0.02180944357792698,581,1.003454231433506,-7.964909999999991,-16.6707418604651,-0.023564822485207075,-53.797742375,37.44431174999999,21.828049999999998,2.6179504817782377,-7.5,-0.03900540956751394,-0.01978317942671484
x_tuned_lgbm|but|ev0.04|w+0.15|cmax8|g1,x_tuned_lgbm,but,0.04,0.15,8.0,1,497,0.4576427255985267,29.13374500000002,32.77546312500002,0.0809270694444445,-24.905086249999982,86.29789962500001,22.69113,2.45663616335431,-6.0,0.08410781704133813,-0.015684573857082787,338,0.5837651122625216,21.34149500000001,44.668245348837225,0.10162616666666671,-16.808954374999992,59.959797375,9.456974999999998,2.2357693644481684,-5.5,0.12237796733740577,-0.01704249976264162
x_tuned_lgbm|but|ev0.04|w+0.15|cmax15|g0,x_tuned_lgbm,but,0.04,0.15,15.0,0,882,0.8121546961325967,-0.2532449999999642,-0.2849006249999597,-0.0004165213815788885,-64.09440474999997,62.167538250000014,52.90511999999998,2.7063463447750147,-10.6525,-0.0006589753363979516,-0.02180944357792698,615,1.0621761658031088,17.020340000000022,35.623967441860515,0.047809943820224785,-38.08944349999998,80.82603012499999,22.196799999999996,3.3696183143616287,-8.0,0.06393820358047538,-0.016945180896622888
x_tuned_lgbm|but|ev0.04|w+0.15|cmax15|g1,x_tuned_lgbm,but,0.04,0.15,15.0,1,513,0.4723756906077348,13.046670000000026,14.677503750000028,0.03584250000000007,-44.19449987499999,73.10656812500002,35.54679499999999,2.460891714483498,-6.0,0.037335229829794744,-0.015993363786456577,348,0.6010362694300518,33.971225000000004,71.10256395348839,0.15986458823529415,-17.958816249999987,91.81174299999998,13.300200000000004,3.160706074371106,-5.5,0.136050457148147,-0.012602998812686757
x_tuned_lgbm|but|ev0.06|w-0.15|cmax8|g0,x_tuned_lgbm,but,0.06,-0.15,8.0,0,280,0.2578268876611418,14.117100000000013,15.881737500000014,0.0722102301790282,-25.748752999999983,55.79390187500002,33.17108999999999,2.1292046497604726,-4.343999999999999,0.06630222229501583,0.050611934225549535,159,0.27461139896373055,2.8567200000000064,5.979181395348851,0.02991329842931944,-23.190919499999996,29.568643250000004,15.207550000000001,1.7924165259223241,-4.0,0.026127562836287768,0.07065940009301948
x_tuned_lgbm|but|ev0.06|w-0.15|cmax8|g1,x_tuned_lgbm,but,0.06,-0.15,8.0,1,216,0.19889502762430938,2.067110000000004,2.3254987500000044,0.01401430508474579,-31.08507537499999,34.91150725000001,26.827869999999994,1.7277426784080776,-2.5,0.011964223757583029,0.0551963441591833,134,0.231433506044905,9.756820000000003,20.421251162790703,0.1204545679012346,-14.858966249999996,35.05237087499996,10.58875,1.7170796735573213,-2.5,0.09315110493451399,0.06890534111696112
x_tuned_lgbm|but|ev0.06|w-0.15|cmax15|g0,x_tuned_lgbm,but,0.06,-0.15,15.0,0,315,0.2900552486187845,8.64885000000001,9.729956250000011,0.04050983606557382,-33.63618212499998,50.91766599999998,35.67108999999999,2.148808693117935,-4.5,0.036926157251946326,0.050611934225549535,193,0.3333333333333333,27.84197000000001,58.273890697674446,0.24530370044052874,-13.881029374999994,79.118520625,15.79515,3.0786921422269553,-4.5,0.13912985781363776,0.08222381519874823
x_tuned_lgbm|but|ev0.06|w-0.15|cmax15|g1,x_tuned_lgbm,but,0.06,-0.15,15.0,1,238,0.21915285451197053,-8.122964999999997,-9.138335624999996,-0.051411170886075934,-41.86108324999999,29.88259874999999,38.10722,1.7831910016283279,-4.0,-0.041791717550642864,0.05527815008513044,158,0.27288428324697755,25.380570000000006,53.12212325581396,0.27290935483870976,-14.27884087499999,75.35623062500001,12.181650000000001,2.95014207012665,-3.0,0.13235644196468982,0.08473168426875527
x_tuned_lgbm|but|ev0.06|w+0.00|cmax8|g0,x_tuned_lgbm,but,0.06,0.0,8.0,0,374,0.3443830570902394,14.577780000000013,16.400002500000014,0.05142074074074079,-29.04747187499999,62.45709875000001,29.59123499999999,2.199208354457019,-5.0,0.057640425060645935,0.022583016228487914,229,0.3955094991364421,12.589630000000005,26.350388372093036,0.0902482437275986,-17.489845875,45.65181300000001,9.686700000000002,1.9960997415405632,-3.5,0.09140745925666151,0.026183807343411497
x_tuned_lgbm|but|ev0.06|w+0.00|cmax8|g1,x_tuned_lgbm,but,0.06,0.0,8.0,1,264,0.2430939226519337,16.11409500000001,18.128356875000012,0.0824250383631714,-25.183207499999995,58.01409612499999,22.44598,1.9924208594096497,-4.0,0.0703277947305317,0.028611459900992894,181,0.3126079447322971,19.595580000000005,41.0140046511628,0.17574511210762336,-7.333237124999994,49.932049625000005,7.628029999999995,1.8234028994592835,-3.0,0.1557494030132861,0.027213838703538634
x_tuned_lgbm|but|ev0.06|w+0.00|cmax15|g0,x_tuned_lgbm,but,0.06,0.0,15.0,0,409,0.3766114180478821,9.109530000000015,10.248221250000018,0.03021402985074632,-38.98663474999999,57.91163750000002,32.09123499999999,2.223331109168073,-5.5,0.03358396703964806,0.022583016228487914,263,0.4542314335060449,37.57488000000001,78.64509767441862,0.2385706666666667,-6.81504187499999,90.52553537499998,13.166349999999994,3.00231886644366,-4.0,0.1762716371957896,0.03376367315408085
x_tuned_lgbm|but|ev0.06|w+0.00|cmax15|g1,x_tuned_lgbm,but,0.06,0.0,15.0,1,285,0.26243093922651933,7.42402000000001,8.352022500000011,0.03630327628361863,-36.74470337499999,51.14398237499999,27.35033,2.0182073905823774,-5.5,0.030151818507244705,0.027676965171339926,203,0.35060449050086356,38.105830000000005,79.75638837209303,0.311068,-4.327094124999995,89.32513974999999,7.583300000000008,2.910495892807031,-3.5,0.18440219493602955,0.03679328597471723
x_tuned_lgbm|but|ev0.06|w+0.15|cmax8|g0,x_tuned_lgbm,but,0.06,0.15,8.0,0,601,0.5534069981583793,23.69321000000003,26.65486125000003,0.051506978260869626,-31.090289124999973,83.14162362500004,29.107624999999995,2.517513877907079,-7.6525,0.06819820500015102,-0.012047661751871231,388,0.6701208981001727,14.689550000000015,30.745569767441893,0.06107920997921004,-20.58964174999999,54.40749325000001,15.982499999999996,2.2235751420950924,-4.0,0.08692467772843687,-0.017433644068185754
x_tuned_lgbm|but|ev0.06|w+0.15|cmax8|g1,x_tuned_lgbm,but,0.06,0.15,8.0,1,398,0.3664825046040516,21.392565000000015,24.066635625000018,0.06979629690048944,-30.10610212499998,76.27864425,23.964129999999997,2.328048901770857,-5.0,0.06658734137354469,-0.00996879440711815,267,0.46113989637305697,18.556480000000008,38.839144186046525,0.10695377521613837,-13.432938249999992,53.881481625,9.755499999999998,2.0185954126472945,-3.5,0.12095747815363646,-0.015385805371266926
x_tuned_lgbm|but|ev0.06|w+0.15|cmax15|g0,x_tuned_lgbm,but,0.06,0.15,15.0,0,636,0.585635359116022,18.224960000000035,20.50308000000004,0.03812753138075321,-39.070677374999974,76.16216012500003,31.607624999999995,2.5400361999739953,-8.1525,0.051250563167414206,-0.012047661751871231,422,0.7288428324697754,39.67480000000002,83.04027906976748,0.15348085106382986,-9.579857874999979,97.22104787499995,18.389200000000002,3.1150585843362544,-4.5,0.16540849197766605,-0.013163126441233864
x_tuned_lgbm|but|ev0.06|w+0.15|cmax15|g1,x_tuned_lgbm,but,0.06,0.15,15.0,1,415,0.3821362799263352,6.799790000000014,7.649763750000015,0.021864276527331236,-45.407031874999994,61.325015624999956,34.880909999999986,2.2803202534236493,-6.0,0.02129960846442787,-0.010524815107449136,285,0.49222797927461137,38.15201000000002,79.85304418604655,0.2107845856353592,-11.270451624999993,96.069337375,12.855000000000004,3.1104492195337734,-3.5,0.1592955275524213,-0.009250269789651265
x_tuned_lgbm|but|ev0.08|w-0.15|cmax8|g0,x_tuned_lgbm,but,0.08,-0.15,8.0,0,157,0.1445672191528545,13.089260000000007,14.725417500000006,0.10555854838709683,-17.215780249999995,45.6484565,21.65625,1.9601129497334073,-4.0,0.09274734795385318,0.06151029836806591,96,0.16580310880829016,10.62105,22.23010465116279,0.17555454545454546,-14.776874999999997,36.20826125,8.53135,1.8297602694434074,-3.5,0.11846148704218744,0.08112649783592886
x_tuned_lgbm|but|ev0.08|w-0.15|cmax8|g1,x_tuned_lgbm,but,0.08,-0.15,8.0,1,125,0.1151012891344383,8.743870000000001,9.836853750000001,0.09108197916666667,-16.85650625,37.69893974999998,14.553500000000001,1.701793942937775,-2.5,0.07136154138570076,0.06356925413965472,85,0.14680483592400692,11.907650000000004,24.922988372093034,0.22257289719626175,-11.188866249999998,36.40028062500001,6.867450000000002,1.7400865889621675,-2.0,0.13965584635133693,0.07865067573600117
x_tuned_lgbm|but|ev0.08|w-0.15|cmax15|g0,x_tuned_lgbm,but,0.08,-0.15,15.0,0,184,0.1694290976058932,7.443760000000008,8.374230000000008,0.05394028985507252,-24.92780124999999,39.584119,24.15625,1.9451758518028586,-4.0,0.04724419723788148,0.06151029836806591,127,0.21934369602763384,32.79430000000001,68.63923255813955,0.4259000000000001,-5.234184374999995,84.19913562500001,13.531350000000003,3.178161955710699,-4.0,0.1876115844029304,0.10057638040753995
x_tuned_lgbm|but|ev0.08|w-0.15|cmax15|g1,x_tuned_lgbm,but,0.08,-0.15,15.0,1,143,0.13167587476979742,-1.858229999999996,-2.0905087499999953,-0.017782105263157856,-29.356840749999996,28.22953124999998,27.37495,1.6614746330278414,-2.5,-0.013807680632056129,0.06420068029730841,110,0.18998272884283246,25.722900000000006,53.83862790697676,0.38681052631578955,-10.293376249999996,74.09715749999998,11.363950000000003,3.0671721690396785,-3.0,0.15248217743692,0.10275387591954202
x_tuned_lgbm|but|ev0.08|w+0.00|cmax8|g0,x_tuned_lgbm,but,0.08,0.0,8.0,0,225,0.20718232044198895,15.974110000000014,17.970873750000017,0.08212910025706947,-23.643660749999984,58.78016525000001,28.738559999999993,2.236875776608293,-5.0,0.07934732584043362,0.03078870456254787,117,0.20207253886010362,7.236035000000005,15.145189534883732,0.09217878980891726,-17.297403249999995,33.246037499999964,8.93845,1.8247750969025596,-4.0,0.07625844931080836,0.046768771808436416
x_tuned_lgbm|but|ev0.08|w+0.00|cmax8|g1,x_tuned_lgbm,but,0.08,0.0,8.0,1,171,0.1574585635359116,15.89847000000001,17.88577875000001,0.11079073170731714,-20.372404999999997,54.545498875,19.692029999999995,1.9897795012500334,-3.5,0.08877851367736508,0.036022676575527365,104,0.17962003454231434,5.857435000000005,12.259747674418614,0.0830841843971632,-17.197532499999994,32.19231399999998,8.837,1.7897733682884458,-3.0,0.06293700798383815,0.0471290535021298
x_tuned_lgbm|but|ev0.08|w+0.00|cmax15|g0,x_tuned_lgbm,but,0.08,0.0,15.0,0,252,0.23204419889502761,10.328610000000012,11.619686250000013,0.04953769784172667,-28.565697499999985,53.32720600000002,31.738559999999993,2.216173085617279,-5.0,0.04755674557904895,0.03078870456254787,148,0.2556131260794473,29.409285000000004,61.554317441860476,0.30957142105263163,-11.602206374999998,81.8841805,13.438450000000003,3.092608773974091,-4.5,0.16117863398110333,0.06219618332653847
x_tuned_lgbm|but|ev0.08|w+0.00|cmax15|g1,x_tuned_lgbm,but,0.08,0.0,15.0,1,187,0.1721915285451197,6.796370000000007,7.645916250000008,0.04515860465116284,-28.878414999999993,46.54752487499998,25.058679999999992,1.9834168367928098,-4.5,0.034965274570248533,0.03483819949845005,128,0.22107081174438686,20.17268500000001,42.221898837209324,0.24304439759036156,-19.838154125,71.80898387499998,11.771049999999999,3.0316623325908876,-3.0,0.1127796824793604,0.06442092292473392
x_tuned_lgbm|but|ev0.08|w+0.15|cmax8|g0,x_tuned_lgbm,but,0.08,0.15,8.0,0,381,0.35082872928176795,22.28485500000002,25.070461875000024,0.06732584592145022,-28.965784999999975,77.40200237500001,27.734784999999995,2.5527780036436742,-6.24348,0.07590998807945534,-0.002520893608357688,230,0.39723661485319517,14.698450000000006,30.76419767441862,0.09362070063694272,-11.984330499999995,44.093327125000016,11.016449999999999,1.8008213645691273,-3.0,0.12182210576936298,-0.011627796780624118
x_tuned_lgbm|but|ev0.08|w+0.15|cmax8|g1,x_tuned_lgbm,but,0.08,0.15,8.0,1,269,0.24769797421731124,20.181620000000024,22.704322500000025,0.08624623931623941,-24.34359037499999,68.872970625,24.30562,2.28724112259931,-5.5,0.07672664945209219,-0.00013680249479180502,180,0.31088082901554404,14.447230000000005,30.238388372093034,0.1146605555555556,-14.992299499999994,44.95643800000001,8.849049999999998,1.8774030754705484,-4.5,0.11485562228208113,-0.008834263197219866
x_tuned_lgbm|but|ev0.08|w+0.15|cmax15|g0,x_tuned_lgbm,but,0.08,0.15,15.0,0,408,0.3756906077348066,16.63935500000002,18.719274375000023,0.04823001449275368,-38.663926374999974,71.0313125,31.88884499999999,2.528048321146799,-6.5,0.05484914608110257,-0.002520893608357688,261,0.45077720207253885,36.871700000000004,77.17332558139536,0.2125170028818444,-5.601828499999994,83.549380625,12.061399999999999,2.869899174473484,-3.5,0.183539051167262,-0.004379516005029209
x_tuned_lgbm|but|ev0.08|w+0.15|cmax15|g1,x_tuned_lgbm,but,0.08,0.15,15.0,1,283,0.2605893186003683,4.176820000000013,4.698922500000014,0.017586610526315844,-45.42117762499999,50.60795312499996,36.128409999999995,2.2614677057665853,-5.5,0.015391258183602806,-0.001202019769871937,200,0.3454231433506045,30.762480000000014,64.38658604651165,0.22536615384615394,-13.665849749999994,81.08886837499992,10.571745,2.964415744812047,-4.5,0.14824641272705946,-2.378092820696291e-05
x_tuned_lgbm|but|ev0.10|w-0.15|cmax8|g0,x_tuned_lgbm,but,0.1,-0.15,8.0,0,83,0.07642725598526703,-1.1864899999999965,-1.334801249999996,-0.0160336486486486,-25.715386,26.635327999999998,21.080199999999998,1.9681122710992234,-3.5,-0.012826741876370142,0.06286693089006892,49,0.0846286701208981,16.568825000000004,34.67893604651164,0.4733950000000001,-4.847279999999999,40.64722312499999,3.99015,2.0703917805719416,-2.5,0.25008589490582567,0.08760598489053935
x_tuned_lgbm|but|ev0.10|w-0.15|cmax8|g1,x_tuned_lgbm,but,0.1,-0.15,8.0,1,74,0.06813996316758748,4.6603600000000025,5.242905000000002,0.0716978461538462,-17.6353115,29.310346999999993,14.0802,1.78325226162917,-2.5,0.055604357206361775,0.06434786731824259,46,0.07944732297063903,19.568825,40.95800581395349,0.61152578125,-0.848465624999999,43.19454874999998,3.700049999999999,1.9929689409663733,-1.5,0.306841601331467,0.08398322984456695
x_tuned_lgbm|but|ev0.10|w-0.15|cmax15|g0,x_tuned_lgbm,but,0.1,-0.15,15.0,0,102,0.09392265193370165,-11.186489999999996,-12.584801249999995,-0.13317249999999994,-34.56193824999999,16.518394749999985,28.438049999999997,1.8028838925523776,-3.5,-0.10885571241555375,0.06286693089006892,70,0.12089810017271158,39.295325000000005,82.24602906976746,0.8450607526881722,2.2192306250000025,88.62995687499998,7.49015,3.619895475060708,-3.0,0.2713843898996904,0.1311657367062077
x_tuned_lgbm|but|ev0.10|w-0.15|cmax15|g1,x_tuned_lgbm,but,0.1,-0.15,15.0,1,87,0.08011049723756906,-8.277839999999998,-9.312569999999997,-0.11741617021276593,-28.561227249999998,16.703246250000003,23.87625,1.6163653981343729,-2.5,-0.08984680278699071,0.06467647578089204,62,0.1070811744386874,33.437325,69.9850988372093,0.825612962962963,-1.3179574999999968,81.04206437499994,5.99015,3.5231893653363042,-1.5,0.23726602186771942,0.13632793948185437
x_tuned_lgbm|but|ev0.10|w+0.00|cmax8|g0,x_tuned_lgbm,but,0.1,0.0,8.0,0,137,0.1261510128913444,2.728905000000003,3.0700181250000034,0.021154302325581416,-33.84252425,43.431883125000006,30.18348,2.4028125172534756,-5.5,0.017207770126737628,0.03362772493640845,61,0.10535405872193437,16.374350000000003,34.27189534883722,0.35213655913978503,-6.230638749999996,40.99213062499998,7.49015,2.046951254540207,-2.5,0.21051011664916866,0.06524620796945643
x_tuned_lgbm|but|ev0.10|w+0.00|cmax8|g1,x_tuned_lgbm,but,0.1,0.0,8.0,1,110,0.10128913443830571,12.776085000000007,14.373095625000008,0.12587275862068972,-16.689630624999992,45.30101337499998,15.148009999999998,1.9474104917060775,-4.0,0.09940228127504724,0.03934359319809254,57,0.09844559585492228,19.374350000000003,40.55096511627908,0.4453873563218392,-2.972551249999997,43.470148124999994,6.49015,1.997973185395398,-2.0,0.25518426349079076,0.06139704531192217
x_tuned_lgbm|but|ev0.10|w+0.00|cmax15|g0,x_tuned_lgbm,but,0.1,0.0,15.0,0,156,0.143646408839779,-7.271094999999991,-8.17998187499999,-0.052310035971222954,-43.603078875,32.012707,33.18348,2.3058866264205022,-6.0,-0.04379548820764067,0.03362772493640845,82,0.14162348877374784,39.10085000000001,81.83898837209304,0.6741525862068967,-0.706668749999995,89.06142312499995,10.99015,3.5355395216957737,-3.0,0.25134938426369235,0.09743420421996714
x_tuned_lgbm|but|ev0.10|w+0.00|cmax15|g1,x_tuned_lgbm,but,0.1,0.0,15.0,1,121,0.11141804788213629,-0.6323149999999946,-0.711354374999994,-0.005937230046948306,-29.507388249999998,31.272719000000006,20.430029999999995,1.8490218366777462,-4.5,-0.0047496209095925015,0.03832374619509449,73,0.12607944732297063,33.242850000000004,69.57805813953489,0.639285576923077,-6.422863749999997,83.69434312499996,9.49015,3.4641632774684785,-2.0,0.21809575867738323,0.09695893940662983
x_tuned_lgbm|but|ev0.10|w+0.15|cmax8|g0,x_tuned_lgbm,but,0.1,0.15,8.0,0,223,0.20534069981583794,26.086490000000012,29.347301250000015,0.11619817371937645,-18.493578874999983,71.95133475000002,27.872009999999996,2.514843726122119,-5.5,0.11655063341269829,0.007425824383547669,120,0.20725388601036268,12.120860000000006,25.369241860465127,0.12758800000000006,-14.892221499999991,41.85435712499999,10.61505,1.9579457963123015,-4.5,0.11054643544223265,0.006095913715223179
x_tuned_lgbm|but|ev0.10|w+0.15|cmax8|g1,x_tuned_lgbm,but,0.1,0.15,8.0,1,166,0.15285451197053407,25.60815000000001,28.80916875000001,0.1566247706422019,-14.132817124999987,67.30369537499999,21.88198,2.2291403281734072,-4.5,0.1290775725670364,0.013986290564342975,106,0.18307426597582038,19.720885000000006,41.27627093023257,0.23065362573099424,-8.127826999999996,50.387177624999985,8.61505,1.9660516761661941,-4.0,0.17911973778888463,0.006585014083065176
x_tuned_lgbm|but|ev0.10|w+0.15|cmax15|g0,x_tuned_lgbm,but,0.1,0.15,15.0,0,242,0.22283609576427257,16.08649000000002,18.097301250000022,0.06859910447761203,-29.27162362499998,60.87461649999997,30.372009999999996,2.422963771503188,-6.0,0.06988609391347138,0.007425824383547669,141,0.24352331606217617,34.84736000000001,72.93633488372096,0.3272052582159625,-6.029977624999993,86.98669499999991,14.115049999999997,3.148384199776061,-5.0,0.18447219160058165,0.02042040040723002
x_tuned_lgbm|but|ev0.10|w+0.15|cmax15|g1,x_tuned_lgbm,but,0.1,0.15,15.0,1,176,0.16206261510128914,3.7970500000000076,4.271681250000009,0.02280510510510515,-35.202358999999994,43.55821762500002,26.092779999999998,2.0948918877763654,-5.0,0.019079241082386577,0.013789034638328037,122,0.21070811744386875,33.58938500000001,70.30336395348839,0.3573338829787235,-6.885656124999993,85.47174512499998,11.615049999999997,3.128551866174532,-4.0,0.17894000396351514,0.02061020035104738
q_p2_refit|but+ast|ev0.04|w-0.15|cmax8|g0,q_p2_refit,but+ast,0.04,-0.15,8.0,0,633,0.5828729281767956,53.30397000000002,59.96696625000002,0.10801209726443774,-5.026505624999976,115.05589862499995,24.132849999999998,2.585284229690818,-5.25445,0.1483325485674018,-0.0006136748487625826,240,0.41450777202072536,1.9405400000000013,4.061595348837212,0.014427806691449824,-26.273116249999994,30.690377625,14.265104999999998,1.7854825276864177,-5.5,0.015526335077566697,0.04304304454338107
q_p2_refit|but+ast|ev0.04|w-0.15|cmax8|g1,q_p2_refit,but+ast,0.04,-0.15,8.0,1,410,0.3775322283609576,57.277000000000015,64.43662500000002,0.17330408472012107,13.259604875000013,104.39581287499998,13.587229999999995,1.9964751073507359,-3.67945,0.2063961362124053,0.006106603492773115,189,0.32642487046632124,13.685190000000006,28.643420930232573,0.12555220183486243,-12.434465499999996,39.40348449999996,9.478504999999998,1.6360994790648118,-3.5,0.11949317067044292,0.045797949865628594
q_p2_refit|but+ast|ev0.04|w-0.15|cmax15|g0,q_p2_refit,but+ast,0.04,-0.15,15.0,0,663,0.6104972375690608,50.56622000000002,56.88699750000003,0.09944192723697153,-4.551075249999984,112.53150274999996,25.907849999999993,2.6152995803477017,-5.75,0.1371260395763863,-0.0006136748487625826,263,0.4542314335060449,18.54654,38.81833953488372,0.12616693877551022,-25.222465499999995,72.852642875,15.944304999999996,2.819639401917152,-5.5,0.09264265248308941,0.05016420790203725
q_p2_refit|but+ast|ev0.04|w-0.15|cmax15|g1,q_p2_refit,but+ast,0.04,-0.15,15.0,1,423,0.38950276243093923,54.88985000000001,61.75108125000001,0.16336264880952384,6.499636500000013,105.77732299999995,17.310179999999995,2.124171653004226,-5.5,0.1832665998350381,0.006939442494135972,202,0.3488773747841105,30.401190000000007,63.63039767441862,0.2620792241379311,-9.061980874999998,82.53200999999999,9.830804999999998,2.739906278565232,-3.5,0.15627752598607478,0.054284730386009866
q_p2_refit|but+ast|ev0.04|w+0.00|cmax8|g0,q_p2_refit,but+ast,0.04,0.0,8.0,0,1016,0.9355432780847146,83.54805500000003,93.99156187500003,0.09823404467960027,8.741323500000027,159.21390900000003,32.69481,3.3307595624507953,-7.835,0.16722522982820734,-0.033548493034876614,332,0.5734024179620034,6.804395000000001,14.241756976744188,0.03402197500000001,-25.25106999999999,40.91659075,16.754165,1.962791634745855,-5.5,0.04622256640013346,0.0011150592294912683
q_p2_refit|but+ast|ev0.04|w+0.00|cmax8|g1,q_p2_refit,but+ast,0.04,0.0,8.0,1,586,0.5395948434622467,63.18668500000002,71.08502062500001,0.12233627299128755,6.094438875000021,123.74886462499998,22.033689999999996,2.501432615283223,-5.3589,0.168401324941936,-0.029471510799859612,235,0.4058721934369603,18.621760000000005,38.97577674418606,0.1271109897610922,-9.525641874999993,48.32123262499999,11.118954999999993,1.7706415658789403,-3.5,0.1402260842160243,0.004122132989938491
q_p2_refit|but+ast|ev0.04|w+0.00|cmax15|g0,q_p2_refit,but+ast,0.04,0.0,15.0,0,1046,0.9631675874769797,80.81030500000003,90.91159312500004,0.09336834777585214,5.830392125000033,159.08454024999998,34.19481,3.3498905238336025,-8.334999999999999,0.16082178293102548,-0.033548493034876614,355,0.613126079447323,23.410395,48.9985011627907,0.11016656470588236,-18.987758124999996,78.14205562500001,17.196194999999996,2.877359405221162,-5.5,0.10705354103451621,0.006150443528002955
q_p2_refit|but+ast|ev0.04|w+0.00|cmax15|g1,q_p2_refit,but+ast,0.04,0.0,15.0,1,594,0.5469613259668509,67.96833500000002,76.46437687500003,0.13146679883945847,9.025871750000013,129.10671262499997,22.033689999999996,2.58442408596966,-5.3589,0.1753281266001376,-0.029213847292071618,248,0.4283246977547496,35.33776000000001,73.96275348837212,0.2302134201954398,-4.524654624999997,90.01815974999998,11.365004999999996,2.776697656602963,-3.5,0.16745450308934198,0.010200526163998793
q_p2_refit|but+ast|ev0.04|w+0.15|cmax8|g0,q_p2_refit,but+ast,0.04,0.15,8.0,0,1522,1.401473296500921,82.33427500000006,92.62605937500007,0.06192875141030467,-14.945628624999946,187.9013744999998,44.09256499999999,4.1948310589006415,-7.647099999999998,0.12828466958116316,-0.057669299826781206,560,0.9671848013816926,-14.368179999999999,-30.07293488372093,-0.03996712100139082,-53.29112262499998,24.993831625000006,34.312059999999995,2.27559618667295,-5.3405,-0.0799244159696207,-0.035596238252867445
q_p2_refit|but+ast|ev0.04|w+0.15|cmax8|g1,q_p2_refit,but+ast,0.04,0.15,8.0,1,733,0.6749539594843462,68.08740500000002,76.59833062500002,0.09623661484098943,-6.941721374999979,141.80115637500003,27.369889999999998,3.1025639903159243,-5.64996,0.14343482369526692,-0.05004656762302328,340,0.5872193436960277,-0.45437999999999334,-0.9510279069767302,-0.0019798692810457227,-32.499225374999995,32.56677837499999,16.354049999999994,1.881044900987883,-3.7752,-0.003057686484038463,-0.02939548544945658
q_p2_refit|but+ast|ev0.04|w+0.15|cmax15|g0,q_p2_refit,but+ast,0.04,0.15,15.0,0,1551,1.4281767955801106,80.12152500000005,90.13671562500005,0.059658618763961314,-16.606549624999964,186.32857512500004,45.09256499999999,4.192660831920059,-7.647099999999998,0.12490161237282756,-0.057608552084613907,583,1.0069084628670122,2.237820000000008,4.6838093023255984,0.006015645161290345,-46.49796287499998,59.24095962499992,23.198524999999997,2.8835541457047986,-5.3405,0.009700788882937048,-0.032689889055080475
q_p2_refit|but+ast|ev0.04|w+0.15|cmax15|g1,q_p2_refit,but+ast,0.04,0.15,15.0,1,740,0.6813996316758748,74.81085500000003,84.16221187500004,0.10581450495049509,0.29577475000002484,150.07274462500004,27.369889999999998,3.1364667359213705,-5.64996,0.15589511312246396,-0.05039011847835836,351,0.6062176165803109,19.878620000000016,41.606413953488406,0.0847702345415779,-23.094227874999994,76.38037875,15.993205,2.7181283460500114,-3.7752,0.09141685688282368,-0.02474305095693983
q_p2_refit|but+ast|ev0.06|w-0.15|cmax8|g0,q_p2_refit,but+ast,0.06,-0.15,8.0,0,393,0.36187845303867405,55.02406000000001,61.90206750000001,0.15925921852387848,-0.6018442499999765,110.683776875,19.973049999999994,2.6184455972586824,-5.5,0.1876251507819526,0.010759394363715006,136,0.23488773747841105,15.429685,32.29468953488372,0.18932128834355827,-8.030566374999996,39.71883849999995,10.288149999999995,1.6292548211207634,-3.5,0.16051515168502817,0.05919954127008599
q_p2_refit|but+ast|ev0.06|w-0.15|cmax8|g1,q_p2_refit,but+ast,0.06,-0.15,8.0,1,283,0.2605893186003683,47.04115500000002,52.921299375000025,0.18704236580516906,2.5234908750000096,89.96721112499995,14.365499999999997,2.0893702073574514,-5.5,0.201022447348482,0.017397222931822044,116,0.2003454231433506,17.991485,37.65659651162791,0.25162916083916087,-3.277055249999997,41.12911949999997,8.507249999999996,1.5457211643192268,-2.0,0.197280357394289,0.05930617529643314
q_p2_refit|but+ast|ev0.06|w-0.15|cmax15|g0,q_p2_refit,but+ast,0.06,-0.15,15.0,0,423,0.38950276243093923,52.286310000000014,58.82209875000002,0.1450383079056866,-1.8928391249999905,108.14097699999988,20.973049999999994,2.587241497955673,-5.5,0.1698259542643008,0.010759394363715006,159,0.27461139896373055,32.035685,67.05143372093023,0.3408051595744681,-5.7899163749999945,82.41043674999997,10.788150000000005,2.849802836750238,-3.5,0.17843442709454457,0.07201322146577824
q_p2_refit|but+ast|ev0.06|w-0.15|cmax15|g1,q_p2_refit,but+ast,0.06,-0.15,15.0,1,301,0.27716390423572745,43.52900500000001,48.97013062500001,0.16774183044315996,-1.8557276249999934,89.55020324999998,14.908949999999997,2.158619561242364,-5.5,0.16945550042762886,0.017420228676861053,133,0.229706390328152,34.32448500000001,71.84194534883723,0.42639111801242247,-2.1835134999999957,83.40066962499992,8.507250000000006,2.7746726554624983,-2.0,0.19635941348449967,0.0748425193306494
q_p2_refit|but+ast|ev0.06|w+0.00|cmax8|g0,q_p2_refit,but+ast,0.06,0.0,8.0,0,643,0.5920810313075506,84.96408500000003,95.58459562500003,0.13572537539936105,19.812998875000027,151.91993562499997,26.776519999999998,3.0749514873449453,-6.25,0.20316935785451135,-0.02375052295660771,190,0.3281519861830743,14.207280000000004,29.736167441860474,0.11320541832669326,-15.508996624999996,43.83111874999999,15.808749999999996,1.8534263455848423,-4.0,0.11440916210617982,0.015134956009207862
q_p2_refit|but+ast|ev0.06|w+0.00|cmax8|g1,q_p2_refit,but+ast,0.06,0.0,8.0,1,417,0.3839779005524862,65.834755,74.064099375,0.15712352028639617,14.367783125000017,122.32444399999994,18.062309999999997,2.4213314955866134,-5.5,0.19992267963502272,-0.021841163754817334,156,0.2694300518134715,19.821230000000007,41.486295348837224,0.18787895734597163,-8.791910499999995,48.834550749999984,12.527849999999997,1.7946479240405542,-3.0,0.16484528790765657,0.016420171265186925
q_p2_refit|but+ast|ev0.06|w+0.00|cmax15|g0,q_p2_refit,but+ast,0.06,0.0,15.0,0,673,0.6197053406998159,82.22633500000002,92.50462687500001,0.12827821372854917,13.772805000000014,149.90727049999995,27.776519999999998,3.093807373440227,-6.75,0.19259214790215468,-0.02375052295660771,213,0.36787564766839376,30.81328000000001,64.492911627907,0.2232846376811595,-9.915460999999995,83.36368949999998,16.266250000000014,2.901699607636075,-4.0,0.15389920934170195,0.024022126233345552
q_p2_refit|but+ast|ev0.06|w+0.00|cmax15|g1,q_p2_refit,but+ast,0.06,0.0,15.0,1,430,0.39594843462246776,69.49140500000001,78.17783062500001,0.1646715758293839,13.820849000000011,125.08298937499998,18.062309999999997,2.5216170932214768,-5.5,0.19969760958186572,-0.020935694088895736,173,0.2987910189982729,36.15423000000001,75.67164418604654,0.3157574672489084,-3.036751999999995,87.55883674999991,11.985350000000011,2.848372395435051,-3.0,0.18395570349784157,0.026096267069228286
q_p2_refit|but+ast|ev0.06|w+0.15|cmax8|g0,q_p2_refit,but+ast,0.06,0.15,8.0,0,1062,0.9779005524861878,104.41437500000005,117.46617187500006,0.09887724905303034,5.261182625000041,202.0433215,42.57863999999998,4.058621008129078,-7.864109999999999,0.17382813826930907,-0.05156908370182031,333,0.5751295336787565,1.0080850000000012,2.1099453488372117,0.004200354166666672,-34.30206249999999,39.12466600000001,26.399334999999994,2.2116690607059013,-4.1674,0.005919517173529793,-0.02668855495219364
q_p2_refit|but+ast|ev0.06|w+0.15|cmax8|g1,q_p2_refit,but+ast,0.06,0.15,8.0,1,591,0.5441988950276243,73.76435500000002,82.98489937500003,0.1189747661290323,1.0989556250000228,147.330443125,26.824389999999998,3.0258954085661505,-5.64996,0.16471415457490302,-0.04717560355263296,237,0.40932642487046633,5.96754000000001,12.490200000000023,0.03390647727272733,-26.10354899999999,40.97363762499997,18.754199999999997,2.0084258550450755,-3.0,0.038587692588124035,-0.022177894474980205
q_p2_refit|but+ast|ev0.06|w+0.15|cmax15|g0,q_p2_refit,but+ast,0.06,0.15,15.0,0,1092,1.0055248618784531,101.70162500000004,114.41432812500004,0.09504824766355144,3.472602250000035,198.41102312500004,43.57863999999998,4.066204651754645,-7.864109999999999,0.16899620180095062,-0.05156908370182031,356,0.614853195164076,17.61408500000001,36.86668953488374,0.06975875247524757,-27.900287874999986,75.25647262499989,22.709279999999996,2.9513943882618103,-4.1674,0.07651352982923358,-0.021791780283543893
q_p2_refit|but+ast|ev0.06|w+0.15|cmax15|g1,q_p2_refit,but+ast,0.06,0.15,15.0,1,602,0.5543278084714549,81.26280500000001,91.42065562500002,0.13054265863453818,8.651168875000026,152.79891625000002,26.824389999999998,3.067371640948509,-5.64996,0.17900439562875062,-0.04702514305109002,252,0.43523316062176165,23.800540000000012,49.815083720930254,0.12970321525885564,-20.473828374999993,81.755416625,19.71585,2.895738772416791,-3.5,0.1053738448756763,-0.016172341696632408
q_p2_refit|but+ast|ev0.08|w-0.15|cmax8|g0,q_p2_refit,but+ast,0.08,-0.15,8.0,0,220,0.20257826887661143,58.26658000000001,65.54990250000002,0.2660574429223745,12.95639800000001,102.32266374999996,13.504549999999998,2.440883230151891,-4.5,0.27126255737826716,0.021503057490648157,82,0.14162348877374784,15.681930000000001,32.82264418604652,0.30157557692307696,-6.027476500000001,38.721424125,7.983799999999999,1.6409328326263948,-2.0,0.19503503214257895,0.06828451905380967
q_p2_refit|but+ast|ev0.08|w-0.15|cmax8|g1,q_p2_refit,but+ast,0.08,-0.15,8.0,1,179,0.16482504604051565,50.273250000000004,56.55740625000001,0.286457264957265,11.944030750000005,88.64995975,10.570599999999999,2.0897669374167935,-4.5,0.27337351433282897,0.026815654290705263,75,0.12953367875647667,17.349330000000002,36.3125511627907,0.35771814432989696,-4.2551809999999985,40.18531949999998,7.969549999999998,1.6281103411809446,-2.0,0.21747172180409557,0.06441000172040076
q_p2_refit|but+ast|ev0.08|w-0.15|cmax15|g0,q_p2_refit,but+ast,0.08,-0.15,15.0,0,236,0.21731123388581952,54.44383000000002,61.249308750000026,0.23984066079295163,11.721162250000003,101.37870475000001,14.004549999999998,2.3535240711514613,-4.5,0.23848347455547375,0.021503057490648157,96,0.16580310880829016,36.78793,76.99799302325582,0.6131321666666667,0.5760177500000029,84.26971074999999,9.48380000000001,3.1969259954934954,-2.5,0.22563298675075052,0.09036629286534273
q_p2_refit|but+ast|ev0.08|w-0.15|cmax15|g1,q_p2_refit,but+ast,0.08,-0.15,15.0,1,190,0.17495395948434622,45.01580000000001,50.642775000000015,0.24870607734806638,6.782109000000006,86.88034974999995,10.570599999999999,2.0772011899453178,-4.5,0.22341620764397457,0.025796281634001,86,0.14853195164075994,36.68233000000001,76.77696976744187,0.6730702752293579,2.5385575000000036,83.06188274999998,8.316400000000009,3.0917459822213855,-2.0,0.23263921961410233,0.08917173460840179
q_p2_refit|but+ast|ev0.08|w+0.00|cmax8|g0,q_p2_refit,but+ast,0.08,0.0,8.0,0,398,0.3664825046040516,64.83259000000001,72.93666375000001,0.14668006787330318,6.691856750000015,125.30494474999998,19.82381999999999,2.9363840907306784,-5.0,0.18711064759816276,-0.017435567402486533,112,0.19343696027633853,21.286655,44.55346395348837,0.2611859509202454,-3.4869569999999963,46.77935324999999,10.800849999999997,1.7900530181833376,-3.0,0.22021544100122348,0.02968202127245546
q_p2_refit|but+ast|ev0.08|w+0.00|cmax8|g1,q_p2_refit,but+ast,0.08,0.0,8.0,1,292,0.26887661141804786,45.524020000000014,51.21452250000002,0.14094123839009293,-2.364798124999986,93.46561575,17.968819999999997,2.24392191111811,-4.5,0.17192968157647728,-0.015276957243683319,95,0.16407599309153714,23.38105500000001,48.93709186046514,0.32931063380281705,-0.34269049999999796,48.288162,10.019950000000005,1.7492120552534802,-2.5,0.2475300228463473,0.029473045270049545
q_p2_refit|but+ast|ev0.08|w+0.00|cmax15|g0,q_p2_refit,but+ast,0.08,0.0,15.0,0,414,0.3812154696132597,61.00984000000001,68.63607000000002,0.13557742222222224,-1.5203302499999791,127.171016,18.14656999999999,2.942461734102636,-5.25,0.1727857077768881,-0.017435567402486533,126,0.21761658031088082,42.392655000000005,88.72881279069769,0.47366094972067047,4.109079250000002,88.91205224999997,11.258350000000007,3.091241659574276,-3.5,0.2448891998087353,0.0451270853333009
q_p2_refit|but+ast|ev0.08|w+0.00|cmax15|g1,q_p2_refit,but+ast,0.08,0.0,15.0,1,301,0.27716390423572745,42.59567000000001,47.92012875000002,0.13126554699537754,-6.0991299999999855,93.01383912499999,15.29157,2.315955168746169,-5.5,0.15326890669426912,-0.015124212610116455,106,0.18307426597582038,42.714055,89.40151046511629,0.5547279870129871,6.376691000000003,90.25832099999997,9.519950000000009,3.0478618254857137,-2.5,0.25025773011258595,0.04716582330191228
q_p2_refit|but+ast|ev0.08|w+0.15|cmax8|g0,q_p2_refit,but+ast,0.08,0.15,8.0,0,704,0.6482504604051565,98.103485,110.366420625,0.12293669799498748,10.040301125000033,186.06058587499996,29.308320000000002,3.7609141684091787,-7.5542,0.19040153538512777,-0.04602585527718348,185,0.31951640759930916,16.625565,34.79769418604651,0.11195666666666668,-16.027021124999997,52.83165912499999,19.0596,2.213403604651672,-4.0,0.11736424960141027,-0.014203677568679298
q_p2_refit|but+ast|ev0.08|w+0.15|cmax8|g1,q_p2_refit,but+ast,0.08,0.15,8.0,1,445,0.4097605893186004,63.88505000000002,71.87068125000002,0.12321128254580525,-3.804303999999975,129.81236849999996,20.970629999999996,2.9160497080439227,-6.5,0.15991299198032005,-0.04332586581709295,151,0.2607944732297064,19.122170000000004,40.023146511627914,0.15421104838709682,-10.681101749999996,51.773219,16.938450000000007,2.0445820029788813,-3.0,0.14613446944885694,-0.014103967290769775
q_p2_refit|but+ast|ev0.08|w+0.15|cmax15|g0,q_p2_refit,but+ast,0.08,0.15,15.0,0,720,0.6629834254143646,94.28073500000002,106.06582687500001,0.1169736166253102,8.969029000000026,180.42918637500003,29.808320000000002,3.76573486379897,-7.5542,0.18142374771303862,-0.04602585527718348,199,0.3436960276338515,37.73156500000001,78.97304302325584,0.24109626198083073,-7.083315875,92.58356649999983,18.198530000000005,3.1815355284527986,-4.0,0.1824545444151961,-0.0052472600802924325
q_p2_refit|but+ast|ev0.08|w+0.15|cmax15|g1,q_p2_refit,but+ast,0.08,0.15,15.0,1,453,0.4171270718232044,63.79850000000002,71.77331250000002,0.12257156580211338,-0.2885322499999758,130.9667274999999,20.970629999999996,2.9141706788534054,-6.5,0.1586413501340938,-0.04310716601432728,162,0.27979274611398963,38.45517000000001,80.48756511627909,0.2958090000000001,-4.172539749999995,92.37643999999996,16.438450000000003,3.119126933881449,-3.0,0.18967423017433577,-0.004307163169938582
q_p2_refit|but+ast|ev0.10|w-0.15|cmax8|g0,q_p2_refit,but+ast,0.1,-0.15,8.0,0,121,0.11141804788213629,53.21985000000001,59.872331250000016,0.39716305970149257,17.359730750000004,89.06270674999998,14.9799,2.3101715919674017,-4.5,0.34383857985480487,0.030484828548928138,40,0.0690846286701209,12.463040000000001,26.085432558139537,0.47934769230769236,-5.200695374999999,32.26499274999992,5.34685,1.811592623331451,-1.5,0.23722772684384608,0.09296363073177856
q_p2_refit|but+ast|ev0.10|w-0.15|cmax8|g1,q_p2_refit,but+ast,0.1,-0.15,8.0,1,108,0.09944751381215469,47.44435000000001,53.37489375000001,0.4037817021276596,13.501496000000007,81.71129725,10.979899999999997,2.1414959347914415,-4.5,0.33066820971324207,0.034860052147085575,37,0.06390328151986183,13.96304,29.22496744186046,0.56992,-3.3065737499999996,33.911395,5.0,1.801892191108255,-1.5,0.2672102916628421,0.09298052647716931
q_p2_refit|but+ast|ev0.10|w-0.15|cmax15|g0,q_p2_refit,but+ast,0.1,-0.15,15.0,0,136,0.1252302025782689,49.8971,56.134237500000005,0.3526296819787986,12.958983000000005,86.6303585,15.4799,2.2300776672393767,-4.5,0.29832802527018626,0.030484828548928138,46,0.07944732297063903,33.526540000000004,70.17182790697674,1.1175513333333336,-1.1820587499999997,80.17763949999994,5.846850000000003,3.956339252576269,-2.0,0.2824710577096269,0.14084481736143883
q_p2_refit|but+ast|ev0.10|w-0.15|cmax15|g1,q_p2_refit,but+ast,0.1,-0.15,15.0,1,119,0.10957642725598526,42.18690000000001,47.46026250000001,0.34298292682926834,7.669944500000009,77.66073549999999,10.979899999999997,2.113701788506395,-4.5,0.26611701000521637,0.03348355648730558,41,0.07081174438687392,32.75354,68.55392093023256,1.213094074074074,0.5168793750000013,77.50276224999992,5.0,3.836903254245703,-1.5,0.28454839601664667,0.150916602877037
q_p2_refit|but+ast|ev0.10|w+0.00|cmax8|g0,q_p2_refit,but+ast,0.1,0.0,8.0,0,232,0.2136279926335175,73.68898000000002,82.90010250000002,0.26602519855595674,25.072522250000013,124.02224875,16.367999999999995,2.6535400133526577,-5.0,0.30855628342681785,-0.012603701361761163,57,0.09844559585492228,13.458200000000001,28.16832558139535,0.28634468085106385,-8.0827125,36.81162637499998,7.34685,1.8504311760038314,-2.0,0.18182518991417135,0.04267585831083307
q_p2_refit|but+ast|ev0.10|w+0.00|cmax8|g1,q_p2_refit,but+ast,0.1,0.0,8.0,1,188,0.1731123388581952,59.37435000000001,66.79614375000001,0.26506406250000003,17.487037000000008,103.85811425,11.4591,2.3179996287283635,-4.5,0.2846053087428296,-0.010165731686363534,52,0.08981001727115717,16.4582,34.44739534883721,0.37405000000000005,-4.7844761249999985,39.321395,6.5,1.8325279999116675,-2.0,0.22452862931416775,0.0379884350117342
q_p2_refit|but+ast|ev0.10|w+0.00|cmax15|g0,q_p2_refit,but+ast,0.1,0.0,15.0,0,247,0.2274401473296501,70.36623000000002,79.16200875000001,0.2473329701230229,18.203370500000013,119.045209,16.867999999999995,2.622842283928876,-5.0,0.2824024770506645,-0.012603701361761163,63,0.10880829015544041,34.5217,72.25472093023257,0.6768960784313726,-2.757796249999999,83.59789637499998,7.846850000000003,3.5085894947622527,-2.0,0.23426657331165907,0.07395503623868295
q_p2_refit|but+ast|ev0.10|w+0.00|cmax15|g1,q_p2_refit,but+ast,0.1,0.0,15.0,1,196,0.18047882136279927,56.94600000000001,64.06425000000002,0.2530933333333334,12.753051250000007,101.36788700000002,11.4591,2.329726381774202,-4.5,0.2572969871641629,-0.009735820834804216,56,0.09671848013816926,35.24870000000001,73.77634883720931,0.7580365591397851,0.3522067500000013,82.18726250000002,6.5,3.3986958888954844,-2.0,0.24693435050980828,0.07223135147664166
q_p2_refit|but+ast|ev0.10|w+0.15|cmax8|g0,q_p2_refit,but+ast,0.1,0.15,8.0,0,441,0.40607734806629836,104.07581000000002,117.08528625000001,0.18502366222222225,37.89207125000002,180.66882699999996,18.460259999999998,3.3075348928479738,-5.3,0.2579203054458227,-0.038241866276070687,102,0.17616580310880828,11.02447,23.074472093023257,0.11728159574468086,-17.337041874999993,40.20111787499998,13.45645,1.9808919139338266,-3.0,0.10118922071464681,-0.013722235694976468
q_p2_refit|but+ast|ev0.10|w+0.15|cmax8|g1,q_p2_refit,but+ast,0.1,0.15,8.0,1,324,0.2983425414364641,74.26701000000001,83.55038625000002,0.17874129963898922,17.03279387500001,137.11894750000002,16.18835,2.7777186036994226,-6.0,0.21915322264674944,-0.037043078480579694,88,0.15198618307426598,16.77447,35.10935581395349,0.2033269090909091,-11.615457624999998,46.24673262499999,11.90645,1.9875762832553436,-3.0,0.15344838143109482,-0.01403896297473584
q_p2_refit|but+ast|ev0.10|w+0.15|cmax15|g0,q_p2_refit,but+ast,0.1,0.15,15.0,0,456,0.4198895027624309,100.75306000000002,113.34719250000003,0.17675975438596495,29.148271625000017,173.75459799999996,18.960259999999998,3.312913253611015,-5.3,0.24525987106173636,-0.038241866276070687,108,0.18652849740932642,32.08797,67.16086744186046,0.32742826530612246,-10.333848625,83.90060412499999,13.956450000000004,3.171461181308543,-3.0,0.18067364899900654,0.002708976158725766
q_p2_refit|but+ast|ev0.10|w+0.15|cmax15|g1,q_p2_refit,but+ast,0.1,0.15,15.0,1,331,0.30478821362799263,74.68046000000002,84.01551750000003,0.17908983213429264,14.564414875000015,135.59365849999998,16.18835,2.772256766166176,-6.0,0.21724602913547275,-0.036659331568348545,92,0.15889464594127806,35.56497,74.43830930232559,0.4184114117647059,-5.816341624999997,89.05723524999999,11.906450000000007,3.1974224551802872,-3.0,0.19862522356752213,0.003073654947196425
q_p2_refit|but|ev0.04|w-0.15|cmax8|g0,q_p2_refit,but,0.04,-0.15,8.0,0,385,0.35451197053406996,2.3439700000000183,2.636966250000021,0.009138284600389936,-42.651915749999986,49.356992500000004,27.269599999999997,2.293224954995374,-7.0,0.009045382704364785,0.03674638518091939,213,0.36787564766839376,5.008040000000003,10.481944186046517,0.04280376068376071,-22.654566124999995,32.19156762500001,12.444305,1.7051399062744834,-4.5,0.043191556767757815,0.05955513369633981
q_p2_refit|but|ev0.04|w-0.15|cmax8|g1,q_p2_refit,but,0.04,-0.15,8.0,1,275,0.2532228360957643,2.885735000000013,3.2464518750000146,0.015473109919571114,-31.895037374999998,40.406387125,21.286479999999997,1.8246719557864473,-5.0,0.013995654284662621,0.04107310647786836,175,0.3022452504317789,12.877690000000005,26.9533046511628,0.13140500000000005,-12.009160249999997,38.30948924999999,7.830804999999998,1.5879456675511023,-2.5,0.1192596182523686,0.06154325548346965
q_p2_refit|but|ev0.04|w-0.15|cmax15|g0,q_p2_refit,but,0.04,-0.15,15.0,0,415,0.3821362799263352,-0.3937799999999818,-0.44300249999997954,-0.0014503867403314248,-47.49992874999998,48.102484749999974,29.690949999999994,2.253744768023625,-7.0,-0.0014321519294587769,0.03674638518091939,236,0.4075993091537133,21.614040000000003,45.23868837209303,0.16690378378378382,-18.760109375,67.53858975,14.444304999999996,2.774399828560577,-4.5,0.11129325947233719,0.06768063603517176
q_p2_refit|but|ev0.04|w-0.15|cmax15|g1,q_p2_refit,but,0.04,-0.15,15.0,1,295,0.2716390423572744,0.4735850000000106,0.5327831250000119,0.0024162500000000538,-38.53418412499999,40.579088000000006,25.13333,1.8715865697386578,-5.0,0.0020740928178583974,0.0410363908594796,188,0.32469775474956825,29.593690000000002,61.94028139534884,0.2818446666666667,-8.820564624999998,77.73193999999997,9.167214999999999,2.7074134139074673,-2.5,0.1561516234751318,0.07177837239018851
q_p2_refit|but|ev0.04|w+0.00|cmax8|g0,q_p2_refit,but,0.04,0.0,8.0,0,531,0.4889502762430939,12.263415000000027,13.79634187500003,0.03270244000000007,-42.192723999999984,65.63539674999998,27.758359999999993,2.5142907456624166,-10.10272,0.03871019715762761,0.0062845661825431795,263,0.4542314335060449,10.321895000000005,21.603966279069777,0.06997894915254241,-20.492100625,42.67546125,10.730844999999999,1.9560693515629515,-4.5,0.07432190617410367,0.028857677640731525
q_p2_refit|but|ev0.04|w+0.00|cmax8|g1,q_p2_refit,but,0.04,0.0,8.0,1,356,0.3278084714548803,19.511120000000016,21.950010000000017,0.07606674463937628,-23.536784624999985,64.38341924999995,16.536869999999997,2.04419832406476,-7.0,0.07575104475296164,0.008812216062115137,203,0.35060449050086356,20.075785000000003,42.019084883720936,0.17158790598290602,-8.179054999999996,50.147414500000004,7.667154999999994,1.7619098744846002,-2.5,0.1604835407906326,0.028710705077660704
q_p2_refit|but|ev0.04|w+0.00|cmax15|g0,q_p2_refit,but,0.04,0.0,15.0,0,561,0.5165745856353591,9.525665000000027,10.716373125000029,0.02442478205128212,-45.62329912499998,66.260391,29.758359999999996,2.502148951635667,-10.10272,0.02928456601512334,0.0062845661825431795,286,0.4939550949913644,26.927895000000003,56.36071046511629,0.16829934375000002,-15.91149824999999,80.49806387500001,13.92869499999999,2.923666901212479,-4.5,0.12792105062022122,0.035313945931181284
q_p2_refit|but|ev0.04|w+0.00|cmax15|g1,q_p2_refit,but,0.04,0.0,15.0,1,372,0.3425414364640884,16.673470000000023,18.757653750000024,0.06315708333333342,-29.23535549999999,62.690550375000015,19.967419999999997,2.097018590665381,-7.0,0.061161814258292174,0.00842608645076357,216,0.37305699481865284,36.79178500000001,77.006061627907,0.2967079435483872,-3.422592124999995,86.868651625,8.865004999999996,2.79780855859743,-2.5,0.18264187959488443,0.037080526915370914
q_p2_refit|but|ev0.04|w+0.15|cmax8|g0,q_p2_refit,but,0.04,0.15,8.0,0,760,0.6998158379373849,12.146395000000034,13.664694375000039,0.022185196347032025,-56.94399562499997,81.21083662500003,36.25774499999999,2.9986031444518173,-12.82402,0.029567039467123787,-0.023508394084330253,427,0.7374784110535406,2.871820000000014,6.010786046511657,0.011891594202898608,-31.156330749999984,38.8948165,20.087059999999997,1.9977963840206978,-4.0,0.018914392660531805,-0.0143661219576072
q_p2_refit|but|ev0.04|w+0.15|cmax8|g1,q_p2_refit,but,0.04,0.15,8.0,1,462,0.425414364640884,28.23405000000002,31.76330625000002,0.08101592539454812,-23.138127874999977,82.01348425,28.555549999999993,2.3105960183059335,-7.2213,0.089192552298899,-0.019311557962304954,295,0.5094991364421416,17.846580000000003,37.35330697674419,0.10375918604651165,-11.268165624999991,49.30356949999999,11.326004999999997,1.7907249942175583,-2.5,0.13113315657675054,-0.00818333620595152
q_p2_refit|but|ev0.04|w+0.15|cmax15|g0,q_p2_refit,but,0.04,0.15,15.0,0,790,0.7274401473296501,9.408645000000043,10.584725625000049,0.016726480000000075,-58.32652299999997,76.23952112500004,38.49732499999999,2.9836407545679977,-12.82402,0.022524362907956036,-0.023508394084330253,450,0.7772020725388601,19.477820000000005,40.76753023255815,0.07668433070866143,-22.627419249999985,68.47902837499998,15.508524999999995,2.658131393439092,-3.0234499999999995,0.0951641073586748,-0.010520661379330764
q_p2_refit|but|ev0.04|w+0.15|cmax15|g1,q_p2_refit,but,0.04,0.15,15.0,1,477,0.43922651933701656,31.732500000000027,35.69906250000003,0.08938732394366204,-22.719114624999982,88.23116450000003,28.555549999999993,2.339891821425885,-7.2213,0.09686803133812905,-0.019792081171610104,308,0.531951640759931,36.67958000000001,76.77121395348838,0.20548784313725496,-4.884466499999989,88.56124275000002,7.953505,2.66410131991243,-2.5,0.17880633077192423,-0.002895098145108505
q_p2_refit|but|ev0.06|w-0.15|cmax8|g0,q_p2_refit,but,0.06,-0.15,8.0,0,253,0.23296500920810312,13.604060000000015,15.304567500000015,0.07373474254742556,-28.494444749999992,58.74110175000001,23.039499999999997,2.2905051701177985,-5.5,0.06386373493592268,0.04624100024711859,125,0.2158894645941278,16.967185000000004,35.512712790697684,0.23242719178082197,-6.627817249999999,40.92891662499998,8.788149999999995,1.6718459582224665,-3.5,0.18122808799365134,0.07248763691770431
q_p2_refit|but|ev0.06|w-0.15|cmax8|g1,q_p2_refit,but,0.06,-0.15,8.0,1,195,0.17955801104972377,6.111655000000009,6.8756118750000095,0.04273884615384622,-26.754987124999992,41.84479474999997,17.586799999999997,1.8201953857004662,-4.5,0.036104212188637026,0.0489666676097948,108,0.18652849740932642,18.028985000000002,37.73508488372093,0.27951914728682176,-4.006469249999996,41.29154112499995,7.5072499999999955,1.5836740340733548,-2.0,0.20329067332512285,0.07274484934082316
q_p2_refit|but|ev0.06|w-0.15|cmax15|g0,q_p2_refit,but,0.06,-0.15,15.0,0,283,0.2605893186003683,10.866310000000015,12.224598750000016,0.05446771929824569,-31.285344999999992,57.79764625000001,24.96085,2.2211356078829816,-6.0,0.047040689289379385,0.04624100024711859,148,0.2556131260794473,33.573185,70.2694569767442,0.39266883040935674,-4.890964374999995,80.40074487499992,10.073850000000007,2.925478895691817,-3.5,0.19126888392780916,0.08657794097844654
q_p2_refit|but|ev0.06|w-0.15|cmax15|g1,q_p2_refit,but,0.06,-0.15,15.0,1,216,0.19889502762430938,3.1995050000000074,3.5994431250000085,0.02091179738562096,-31.58258337499999,42.549975249999996,20.33025,1.832944917794159,-4.5,0.01678417657573121,0.049294637984302864,125,0.2158894645941278,34.361985000000004,71.92043372093025,0.46751000000000004,-1.937386249999997,80.37549149999997,7.507250000000006,2.840478374380939,-2.0,0.2016208801888223,0.09033877805512569
q_p2_refit|but|ev0.06|w+0.00|cmax8|g0,q_p2_refit,but,0.06,0.0,8.0,0,354,0.3259668508287293,23.439405000000022,26.369330625000025,0.08356294117647067,-25.750893874999978,75.763010125,23.428449999999998,2.5698645151919464,-10.0,0.08445251743614492,0.017535710194360035,155,0.26770293609671847,16.197280000000006,33.901283720930245,0.17323294117647065,-10.235702125,44.3065775,10.808749999999996,1.8203669139080552,-3.5,0.1435130739945423,0.041675516147845634
q_p2_refit|but|ev0.06|w+0.00|cmax8|g1,q_p2_refit,but,0.06,0.0,8.0,1,254,0.23388581952117865,23.798840000000016,26.77369500000002,0.11637574572127148,-16.687097749999985,66.77893912500001,14.959239999999994,2.102658318489021,-6.5,0.10480049359040947,0.017947658601562402,132,0.22797927461139897,19.061230000000002,39.89559767441861,0.23388012269938652,-5.813751499999997,45.15685912499999,9.027849999999997,1.7226366367342274,-2.0,0.17847013525222016,0.0432296305956551
q_p2_refit|but|ev0.06|w+0.00|cmax15|g0,q_p2_refit,but,0.06,0.0,15.0,0,384,0.35359116022099446,20.701655000000024,23.289361875000026,0.07005636209813883,-29.183844999999987,75.76249225000002,24.928449999999998,2.5099992609528416,-10.0,0.07049293797602701,0.017535710194360035,178,0.307426597582038,32.80328000000001,68.65802790697677,0.30946490566037743,-6.655539625,82.60154162499998,11.80875000000001,2.936835890738424,-4.0,0.17183998865764177,0.05275122789280011
q_p2_refit|but|ev0.06|w+0.00|cmax15|g1,q_p2_refit,but,0.06,0.0,15.0,1,273,0.2513812154696133,19.46119000000002,21.89383875000002,0.09115311475409846,-22.673092374999978,68.32809562499999,17.766439999999996,2.117516725730517,-6.5,0.07855189772235395,0.017645100053662308,149,0.25734024179620035,35.39423000000001,74.08094651162791,0.3910964640883979,-2.2417976249999967,84.30685637499997,9.027850000000008,2.844642001115198,-2.0,0.1914218433008942,0.05591202137362335
q_p2_refit|but|ev0.06|w+0.15|cmax8|g0,q_p2_refit,but,0.06,0.15,8.0,0,542,0.4990791896869245,23.48529500000003,26.42095687500003,0.05380365406643764,-37.29318362499997,89.04763874999999,34.97231999999999,2.972281504827159,-11.60272,0.06372126597530824,-0.014456421438082385,249,0.43005181347150256,15.598085000000006,32.64715465116281,0.10295765676567661,-19.092659124999994,51.792941375000005,13.095634999999996,2.1142585826220253,-3.5595999999999997,0.1053938186869936,0.0007614289233380288
q_p2_refit|but|ev0.06|w+0.15|cmax8|g1,q_p2_refit,but,0.06,0.15,8.0,1,361,0.3324125230202578,32.725320000000025,36.815985000000026,0.1105585135135136,-15.111047874999974,84.90413749999998,23.020049999999994,2.310415302819644,-8.0,0.11422789255492732,-0.012740566639049638,199,0.3436960276338515,22.063765000000004,46.17997325581396,0.17938020325203255,-7.618491249999993,54.47655062499995,11.518,1.9183226786874166,-3.0,0.16430845882133419,0.004231166653468373
q_p2_refit|but|ev0.06|w+0.15|cmax15|g0,q_p2_refit,but,0.06,0.15,15.0,0,572,0.5267034990791897,20.747545000000034,23.340988125000038,0.04595248062015511,-42.84862837499996,87.42589474999996,36.972319999999996,2.9276157917481056,-11.60272,0.05451415464073028,-0.014456421438082385,272,0.4697754749568221,32.204085000000006,67.40389883720931,0.19636637195121956,-15.16941399999999,83.82293049999998,15.674279999999996,2.854046772462267,-4.0596,0.15248185209746473,0.007371949521858516
q_p2_refit|but|ev0.06|w+0.15|cmax15|g1,q_p2_refit,but,0.06,0.15,15.0,1,378,0.34806629834254144,35.22377000000002,39.62674125000002,0.11605855024711705,-13.449501374999977,88.06960724999999,23.020049999999994,2.3141602151169547,-8.0,0.11708440718715905,-0.012896982127512105,214,0.3696027633851468,39.89676500000001,83.50485697674421,0.305722337164751,-3.890907874999994,90.856915,13.215850000000003,2.8151455770062386,-3.5,0.19151601870135843,0.012189042531763603
q_p2_refit|but|ev0.08|w-0.15|cmax8|g0,q_p2_refit,but,0.08,-0.15,8.0,0,144,0.13259668508287292,24.184080000000005,27.207090000000004,0.2040850632911393,-7.738367749999995,62.555321250000006,12.202499999999999,2.1026489714805567,-4.0,0.16431028756054633,0.05837693987929727,75,0.12953367875647667,18.031930000000003,37.74124883720931,0.3963061538461539,-2.378849749999995,39.35617525,6.983799999999999,1.6955236892603358,-2.0,0.23633379945895255,0.085082663894207
q_p2_refit|but|ev0.08|w-0.15|cmax8|g1,q_p2_refit,but,0.08,-0.15,8.0,1,121,0.11141804788213629,14.863750000000007,16.721718750000008,0.15013888888888896,-11.466589749999994,46.44147424999999,10.2485,1.7425359727377192,-2.5,0.12185647185273137,0.06175167412995467,68,0.11744386873920552,19.699330000000003,41.2311558139535,0.46903166666666674,-0.8394137499999985,41.49440075,6.969549999999998,1.680132123073175,-2.0,0.260552657066139,0.08305437906179645
q_p2_refit|but|ev0.08|w-0.15|cmax15|g0,q_p2_refit,but,0.08,-0.15,15.0,0,160,0.14732965009208104,20.361330000000006,22.906496250000007,0.16095913043478266,-13.382455749999998,57.333877749999985,12.702499999999999,2.0038813871072296,-4.0,0.12701182147682707,0.05837693987929727,89,0.153713298791019,39.137930000000004,81.91659767441861,0.731550093457944,2.2591427500000028,88.15711975,8.48380000000001,3.31141746445283,-2.5,0.2514699290659246,0.109581530194167
q_p2_refit|but|ev0.08|w-0.15|cmax15|g1,q_p2_refit,but,0.08,-0.15,15.0,1,133,0.12246777163904236,9.106300000000008,10.244587500000009,0.08672666666666674,-19.544699499999993,41.06884349999999,10.52525,1.7305185114092432,-3.5,0.0657772507196724,0.06164185129105761,79,0.13644214162348878,39.03233,81.69557441860465,0.8131735416666667,4.410418250000002,86.08669062500002,7.316400000000009,3.201099388403366,-2.0,0.25943433977449865,0.11181562252391004
q_p2_refit|but|ev0.08|w+0.00|cmax8|g0,q_p2_refit,but,0.08,0.0,8.0,0,220,0.20257826887661143,26.27759000000001,29.56228875000001,0.13138795000000006,-20.60186487499999,74.99016762500001,22.249959999999998,2.6613356385470905,-8.5,0.11481203936375155,0.024905593097055385,94,0.16234887737478412,19.736655000000003,41.30927790697675,0.31833314516129035,-3.963651874999998,43.331321375,7.800849999999997,1.8209513929091208,-3.0,0.22580521045271032,0.05596290510254278
q_p2_refit|but|ev0.08|w+0.00|cmax8|g1,q_p2_refit,but,0.08,0.0,8.0,1,177,0.16298342541436464,24.85956000000001,27.96700500000001,0.15585931034482764,-13.120467999999994,64.05490037500002,15.216499999999998,2.1687587680956226,-5.5,0.1332857556198457,0.024234684063236863,81,0.13989637305699482,21.131055000000003,44.22778953488373,0.38420100000000007,-0.9144558749999981,44.93066112499999,8.019949999999998,1.747055727504958,-2.0,0.2519841271054994,0.05603711597405343
q_p2_refit|but|ev0.08|w+0.00|cmax15|g0,q_p2_refit,but,0.08,0.0,15.0,0,236,0.21731123388581952,22.45484000000001,25.26169500000001,0.1079559615384616,-23.59403349999999,73.45492912499999,22.749959999999994,2.528247001605187,-8.5,0.09156272932562107,0.024905593097055385,108,0.18652849740932642,40.84265500000001,85.48462674418606,0.5834665000000001,3.3449386250000033,91.4456508749999,9.300850000000011,3.2454814427374177,-3.5,0.2516893454522486,0.07472020954845573
q_p2_refit|but|ev0.08|w+0.00|cmax15|g1,q_p2_refit,but,0.08,0.0,15.0,1,189,0.17403314917127072,17.931210000000014,20.172611250000017,0.10867400000000009,-20.268884374999992,60.08546774999999,15.216499999999998,2.099830687043093,-5.5,0.08803463831260448,0.023152443107524703,92,0.15889464594127806,40.464055,84.69220813953488,0.6633451639344262,5.387702250000004,90.39817762499995,8.519950000000009,3.1662117166908628,-2.0,0.2555991741593998,0.07822600815591751
q_p2_refit|but|ev0.08|w+0.15|cmax8|g0,q_p2_refit,but,0.08,0.15,8.0,0,362,0.3333333333333333,28.313725000000023,31.852940625000024,0.08579916666666673,-29.37838487499998,90.36295837499988,28.823379999999993,3.049696064812284,-12.5,0.08927032398751135,-0.009287139024202664,138,0.23834196891191708,22.718065000000006,47.549438372093036,0.24693548913043487,-7.805258374999998,55.212696875,14.206030000000002,2.138343266550579,-3.0,0.18971684223425478,0.018049866091456875
q_p2_refit|but|ev0.08|w+0.15|cmax8|g1,q_p2_refit,but,0.08,0.15,8.0,1,259,0.23848987108655617,29.654885000000014,33.36174562500001,0.12330513513513519,-15.18124662499999,78.18322824999994,21.18623999999999,2.4288775304413974,-8.0,0.117397078043775,-0.0062507869750172565,118,0.20379965457685664,28.099145,58.81216395348837,0.3512393125,0.26877350000000194,58.267121874999994,11.938450000000003,1.953959449150337,-2.0595999999999997,0.25679675524830475,0.016703871275874548
q_p2_refit|but|ev0.08|w+0.15|cmax15|g0,q_p2_refit,but,0.08,0.15,15.0,0,378,0.34806629834254144,24.490975000000027,27.55234687500003,0.07245850591715984,-37.00715099999998,85.427411,29.323379999999993,2.9500747953143467,-12.5,0.07412334764873543,-0.009287139024202664,152,0.26252158894645944,43.824065000000004,91.72478720930233,0.43824065000000006,0.3242355000000018,95.20488162499984,15.706030000000013,3.24438033651715,-3.5,0.2328911068414783,0.03024543423229413
q_p2_refit|but|ev0.08|w+0.15|cmax15|g1,q_p2_refit,but,0.08,0.15,15.0,1,271,0.24953959484346225,26.06833500000002,29.32687687500002,0.10596884146341472,-23.505921749999985,75.79451862500001,21.18623999999999,2.370494767835756,-8.0,0.09818751520971737,-0.006751446786516433,129,0.22279792746113988,47.432145000000006,99.27658255813955,0.5515365697674419,7.456924250000003,99.14625137499996,12.438450000000003,3.140473367712078,-2.5595999999999997,0.2604052025583846,0.030113964932971794
q_p2_refit|but|ev0.10|w-0.15|cmax8|g0,q_p2_refit,but,0.1,-0.15,8.0,0,83,0.07642725598526703,20.487350000000006,23.04826875000001,0.2609853503184714,-6.053874499999997,47.79176699999998,14.4299,1.932058551327152,-3.5,0.20392109738566971,0.06166343475084288,40,0.0690846286701209,12.463040000000001,26.085432558139537,0.47934769230769236,-5.200695374999999,32.26499274999992,5.34685,1.811592623331451,-1.5,0.23722772684384608,0.09296363073177856
q_p2_refit|but|ev0.10|w-0.15|cmax8|g1,q_p2_refit,but,0.1,-0.15,8.0,1,76,0.06998158379373849,18.554850000000005,20.874206250000007,0.2613359154929578,-5.694179499999997,43.622982,11.6959,1.8059546936788382,-2.0,0.19758194361712725,0.06485184523903847,37,0.06390328151986183,13.96304,29.22496744186046,0.56992,-3.3065737499999996,33.911395,5.0,1.801892191108255,-1.5,0.2672102916628421,0.09298052647716931
q_p2_refit|but|ev0.10|w-0.15|cmax15|g0,q_p2_refit,but,0.1,-0.15,15.0,0,98,0.09023941068139964,17.164600000000004,19.310175000000005,0.1995883720930233,-9.655492749999999,45.77070925,14.9299,1.8299771479314857,-3.5,0.1512851608063575,0.06166343475084288,46,0.07944732297063903,33.526540000000004,70.17182790697674,1.1175513333333336,-1.1820587499999997,80.17763949999994,5.846850000000003,3.956339252576269,-2.0,0.2824710577096269,0.14084481736143883
q_p2_refit|but|ev0.10|w-0.15|cmax15|g1,q_p2_refit,but,0.1,-0.15,15.0,1,88,0.08103130755064457,12.797400000000001,14.397075000000001,0.16620000000000001,-12.719487499999998,40.18198399999998,11.6959,1.7550081488456541,-3.0,0.11761180570877669,0.064362134075845,41,0.07081174438687392,32.75354,68.55392093023256,1.213094074074074,0.5168793750000013,77.50276224999992,5.0,3.836903254245703,-1.5,0.28454839601664667,0.150916602877037
q_p2_refit|but|ev0.10|w+0.00|cmax8|g0,q_p2_refit,but,0.1,0.0,8.0,0,125,0.1151012891344383,35.36898,39.7901025,0.2875526829268293,-0.3390462499999915,73.12772200000002,12.517999999999997,2.425366797269277,-5.0,0.23906460042048666,0.03150939464400448,49,0.0846286701208981,13.558200000000005,28.377627906976755,0.36643783783783795,-5.579042874999999,35.638479874999994,6.34685,1.786957798068651,-2.0,0.21678024141130872,0.06598313820876965
q_p2_refit|but|ev0.10|w+0.00|cmax8|g1,q_p2_refit,but,0.1,0.0,8.0,1,108,0.09944751381215469,28.18690000000001,31.71026250000001,0.2684466666666667,-2.924000999999994,61.92572875,11.064899999999998,2.1258889530460485,-4.0,0.2173586382330872,0.03278282070754631,44,0.07599309153713299,16.558200000000006,34.656697674418616,0.48700588235294134,-2.6511414999999987,38.502419875,5.5,1.7628537370209652,-2.0,0.2683668069767958,0.06376562156894865
q_p2_refit|but|ev0.10|w+0.00|cmax15|g0,q_p2_refit,but,0.1,0.0,15.0,0,140,0.1289134438305709,32.04623000000001,36.05200875000001,0.24556498084291195,-4.150066749999998,71.40993399999984,13.017999999999997,2.2915513927891307,-5.0,0.19696497033972918,0.03150939464400448,55,0.09499136442141623,34.6217,72.46402325581394,0.8444317073170731,-1.5882496249999973,81.56986749999997,6.846850000000003,3.6379581941723727,-2.0,0.2572106581984778,0.10323405675569486
q_p2_refit|but|ev0.10|w+0.00|cmax15|g1,q_p2_refit,but,0.1,0.0,15.0,1,119,0.10957642725598526,21.758550000000007,24.47836875000001,0.19780500000000006,-11.658771749999993,59.26829649999995,11.064899999999998,2.0515800558681927,-4.0,0.1493767936706411,0.03136732503487033,48,0.08290155440414508,35.3487,73.9856511627907,0.9684575342465753,1.926076250000002,80.222703,5.5,3.5164762026077847,-2.0,0.27168398567912305,0.1076769418492262
q_p2_refit|but|ev0.10|w+0.15|cmax8|g0,q_p2_refit,but,0.1,0.15,8.0,0,220,0.20257826887661143,35.96035000000001,40.45539375000001,0.15737571115973747,-16.810404749999982,91.161194375,19.44046999999999,2.97015013000865,-10.0,0.14587048127240662,0.002550957369410741,74,0.12780656303972365,8.881970000000003,18.590169767441864,0.15582403508771933,-12.210628999999997,31.67074175,10.90645,1.7970839529749036,-2.0,0.11232806025076873,0.022297230714396727
q_p2_refit|but|ev0.10|w+0.15|cmax8|g1,q_p2_refit,but,0.1,0.15,8.0,1,177,0.16298342541436464,38.36287000000001,43.158228750000006,0.20680792452830193,-5.710925374999986,85.580945125,14.512519999999995,2.5432460909310843,-6.0,0.1817375261718521,0.0038913846989488644,65,0.11226252158894647,14.881970000000003,31.14830930232559,0.29180333333333336,-6.236824874999998,37.29221449999998,8.40645,1.7457411585953082,-2.0,0.19374383724861097,0.022319815323936988
q_p2_refit|but|ev0.10|w+0.15|cmax15|g0,q_p2_refit,but,0.1,0.15,15.0,0,235,0.21639042357274402,32.63760000000001,36.717300000000016,0.13829491525423734,-18.25359399999999,87.96245200000003,19.94046999999999,2.8247675429824266,-10.0,0.12423745676196138,0.002550957369410741,80,0.1381692573402418,29.945470000000004,62.67656511627908,0.49090934426229516,-7.296768249999998,78.57989450000001,11.406450000000007,3.257985398555349,-2.5,0.1998131969988355,0.04545946582991308
q_p2_refit|but|ev0.10|w+0.15|cmax15|g1,q_p2_refit,but,0.1,0.15,15.0,1,188,0.1731123388581952,35.27632000000001,39.68586000000001,0.18517753280839902,-9.495475499999987,82.47786699999996,14.512519999999995,2.445722950173888,-6.0,0.1550933104627553,0.0032897073539620643,69,0.11917098445595854,33.672470000000004,70.4772627906977,0.6293919626168225,-2.071553999999998,82.75867049999994,8.406450000000007,3.255324965636381,-2.0,0.22486548197752795,0.047700683063236854
avg_ens_v2|but+ast|ev0.04|w-0.15|cmax8|g0,avg_ens_v2,but+ast,0.04,-0.15,8.0,0,639,0.5883977900552486,69.90068500000001,78.638270625,0.15886519318181822,16.647288250000017,131.86518025000004,10.193729999999995,2.4572077906838126,-3.0,0.20465612546317632,0.004017745263437522,324,0.5595854922279793,-10.683324999999993,-22.36044767441859,-0.05549779220779217,-46.445693874999996,23.482972375000003,29.895829999999997,2.107382625829461,-6.0,-0.0649932781306364,0.038695136712756525
avg_ens_v2|but+ast|ev0.04|w-0.15|cmax8|g1,avg_ens_v2,but+ast,0.04,-0.15,8.0,1,413,0.38029465930018413,47.13031000000002,53.021598750000024,0.16223858864027546,4.432563125000017,97.4074615,9.50844999999999,2.0268079360140954,-3.5,0.16729112433024745,0.010787178504207824,242,0.41796200345423146,4.7862650000000055,10.017763953488384,0.03244925423728817,-28.537831624999992,38.85149762500001,22.380239999999993,2.0520711390167587,-4.5,0.029902653289238985,0.04210673856291831
avg_ens_v2|but+ast|ev0.04|w-0.15|cmax15|g0,avg_ens_v2,but+ast,0.04,-0.15,15.0,0,667,0.6141804788213628,68.83668500000002,77.44127062500002,0.15162265418502208,14.33169137500001,131.83359362500002,10.965129999999988,2.5144280479139116,-3.05,0.19695451220055885,0.004017745263437522,365,0.6303972366148531,10.801925000000011,22.60868023255816,0.050476285046729026,-38.39183075,68.30668712499998,27.141879999999993,3.05460178332501,-6.5,0.04533691386704173,0.04433116369040954
avg_ens_v2|but+ast|ev0.04|w-0.15|cmax15|g1,avg_ens_v2,but+ast,0.04,-0.15,15.0,1,423,0.38950276243093923,48.19761000000001,54.22231125000002,0.16449696245733791,3.6472091250000096,99.77291724999999,15.151359999999997,2.114743115130205,-3.5,0.1639657286043956,0.011528224721581598,264,0.45595854922279794,24.063165000000012,50.36476395348839,0.15134066037735858,-23.304470749999993,79.65203749999993,18.544329999999995,3.0083097443131677,-4.5,0.10254998374678674,0.04879819329511688
avg_ens_v2|but+ast|ev0.04|w+0.00|cmax8|g0,avg_ens_v2,but+ast,0.04,0.0,8.0,0,955,0.8793738489871087,96.97367000000001,109.09537875000001,0.13366460372157135,21.08251775000002,177.05187075000003,14.879935000000003,3.298846213484294,-5.10445,0.19997441142768618,-0.029635251767115723,465,0.8031088082901554,-14.84813499999999,-31.077491860465095,-0.051466672443674144,-56.347751249999995,27.233144749999987,36.58443,2.411873531775208,-7.0,-0.07695332489651385,-0.0006739636088903211
avg_ens_v2|but+ast|ev0.04|w+0.00|cmax8|g1,avg_ens_v2,but+ast,0.04,0.0,8.0,1,558,0.5138121546961326,70.16803000000002,78.93903375000002,0.16020098173515984,13.422132625000016,128.901450875,15.02376,2.493623366964075,-5.14996,0.1914216652517609,-0.024996739482402927,305,0.5267702936096719,-3.2376649999999927,-6.776508139534869,-0.016434847715736004,-40.42370237499998,36.71491412499993,28.251459999999994,2.20551589939866,-4.5,-0.018349816707752764,0.004067102100746398
avg_ens_v2|but+ast|ev0.04|w+0.00|cmax15|g0,avg_ens_v2,but+ast,0.04,0.0,15.0,0,983,0.9051565377532228,95.90967000000003,107.89837875000003,0.1296952941176471,17.903443000000028,178.864867375,14.879935000000003,3.3519085040566585,-5.10445,0.19464932706374646,-0.029635251767115723,506,0.8739205526770294,6.637115000000007,13.891636046511643,0.021410048387096797,-44.12399624999999,64.90172537500001,29.987370000000006,3.1387462486296203,-7.5,0.026432190093806502,0.003059517516048768
avg_ens_v2|but+ast|ev0.04|w+0.00|cmax15|g1,avg_ens_v2,but+ast,0.04,0.0,15.0,1,565,0.5202578268876611,77.53813000000002,87.23039625000003,0.1774327917620138,18.587303375000015,140.84366212499995,15.023760000000003,2.588845999442025,-5.14996,0.20374725735811614,-0.024915205510546646,320,0.5526770293609672,17.091060000000013,35.77198604651166,0.0839855528255529,-30.89742349999999,74.269830375,20.54433,3.115330039746597,-4.5,0.06857644207012419,0.009207958009713694
avg_ens_v2|but+ast|ev0.04|w+0.15|cmax8|g0,avg_ens_v2,but+ast,0.04,0.15,8.0,0,1460,1.3443830570902393,139.81105500000004,157.28743687500005,0.11758709419680408,48.12258750000004,234.14673675000003,19.602984999999997,3.979338690341009,-7.400899999999999,0.2281444391024415,-0.05528998973701848,717,1.238341968911917,-13.090139999999984,-27.39796744186043,-0.02842592833876218,-64.19672312499999,38.40710862499999,36.116035,2.8492716676960788,-9.5,-0.05535187532609275,-0.033725829689648795
avg_ens_v2|but+ast|ev0.04|w+0.15|cmax8|g1,avg_ens_v2,but+ast,0.04,0.15,8.0,1,713,0.6565377532228361,107.89804500000001,121.38530062500001,0.167543548136646,39.29524362500002,174.94555462499991,13.592009999999995,2.8774867306806398,-4.6404499999999995,0.24348910053129158,-0.05266799898472805,381,0.6580310880829016,4.567925000000013,9.56077325581398,0.017270037807183416,-38.34043649999999,52.009909624999885,19.549169999999993,2.5759238212524207,-5.5,0.02136524399898492,-0.026034742203449538
avg_ens_v2|but+ast|ev0.04|w+0.15|cmax15|g0,avg_ens_v2,but+ast,0.04,0.15,15.0,0,1487,1.369244935543278,137.84705500000004,155.07793687500003,0.1146337255717256,47.04712950000003,234.36397812500005,19.60298499999999,4.005106448116542,-7.400899999999999,0.22349237363570837,-0.05522334994542168,758,1.309153713298791,8.395110000000024,17.57116046511633,0.017417240663900463,-52.50382262499998,73.31129549999997,31.861144999999993,3.4684115311714225,-10.0,0.029162024951605737,-0.031391093368105534
avg_ens_v2|but+ast|ev0.04|w+0.15|cmax15|g1,avg_ens_v2,but+ast,0.04,0.15,15.0,1,718,0.6611418047882136,119.96814500000002,134.96416312500003,0.1873038953942233,52.174398750000016,187.34245550000003,13.592009999999995,2.872883529045189,-4.675,0.2711609853638363,-0.053107255445188795,392,0.6770293609671848,27.70942500000002,57.9964709302326,0.10358663551401877,-28.54719587499999,91.50387962500002,21.305500000000006,3.380513729513746,-6.0,0.09875673364708526,-0.02256925116679046
avg_ens_v2|but+ast|ev0.06|w-0.15|cmax8|g0,avg_ens_v2,but+ast,0.06,-0.15,8.0,0,346,0.31860036832412525,60.31914500000002,67.85903812500001,0.21736628828828836,15.499171625000011,110.16689637500001,14.742,2.341665582378846,-3.5,0.23206376043187038,0.016472484946686572,202,0.3488773747841105,5.244665000000003,10.977205813953494,0.040814513618677065,-29.48531187499999,41.007176125,22.209739999999996,2.282018460677927,-5.0,0.03482207641235053,0.04985452549634179
avg_ens_v2|but+ast|ev0.06|w-0.15|cmax8|g1,avg_ens_v2,but+ast,0.06,-0.15,8.0,1,256,0.23572744014732966,42.76430500000001,48.10984312500001,0.20860636585365858,2.285125625000008,87.45617037499993,9.5,2.0806480579827027,-3.0,0.18516538995188966,0.02263655855537878,162,0.27979274611398963,13.637765000000003,28.54415930232559,0.12926791469194315,-18.944107374999998,48.736304625,19.137439999999998,2.1615284123133316,-4.0,0.09559569138818699,0.05266111087033564
avg_ens_v2|but+ast|ev0.06|w-0.15|cmax15|g0,avg_ens_v2,but+ast,0.06,-0.15,15.0,0,372,0.3425414364640884,60.25514500000001,67.78703812500001,0.20741874354561107,10.881969750000005,111.69649375000002,15.742,2.4175760133907755,-3.75,0.21486021630561727,0.016472484946686572,242,0.41796200345423146,27.229915000000005,56.992845348837214,0.18213989966555189,-20.314246624999992,82.22371612499994,20.47615,3.2623509536324033,-5.5,0.12096689009990233,0.05933574084399467
avg_ens_v2|but+ast|ev0.06|w-0.15|cmax15|g1,avg_ens_v2,but+ast,0.06,-0.15,15.0,1,268,0.24677716390423574,44.531605000000006,50.09805562500001,0.21306988038277516,-0.01053712499998926,90.854103125,14.063950000000002,2.1911698385603873,-3.0,0.1752000870931778,0.023467278702949797,187,0.3229706390328152,31.414665000000007,65.75162441860466,0.2651026582278482,-14.591219999999995,83.32129925,14.952699999999993,3.121792111476784,-4.0,0.14584090924127063,0.06431844781764709
avg_ens_v2|but+ast|ev0.06|w+0.00|cmax8|g0,avg_ens_v2,but+ast,0.06,0.0,8.0,0,599,0.5515653775322283,107.61453,121.06634625,0.20754972034715527,39.23931087500002,178.14975374999997,11.981699999999996,3.0450540550294325,-4.25445,0.2598585425820565,-0.023010316709783388,288,0.49740932642487046,4.748455000000007,9.938626744186061,0.024413650385604148,-36.19467374999999,48.301186875,26.189409999999995,2.482192332718331,-5.5,0.02585146604676607,0.005154093916189717
avg_ens_v2|but+ast|ev0.06|w+0.00|cmax8|g1,avg_ens_v2,but+ast,0.06,0.0,8.0,1,394,0.36279926335174956,72.33588000000002,81.37786500000001,0.2118180966325037,18.22603325000001,128.47426750000002,14.12846,2.4164045582347797,-4.64996,0.2201127575163916,-0.018687137689613664,211,0.3644214162348877,13.813335000000006,28.911631395348852,0.09396826530612248,-23.666672749999996,54.90055862499994,19.931929999999994,2.3228759915626735,-4.0,0.08036016122565913,0.006275030103574163
avg_ens_v2|but+ast|ev0.06|w+0.00|cmax15|g0,avg_ens_v2,but+ast,0.06,0.0,15.0,0,625,0.5755064456721916,107.55053000000001,120.99434625,0.20235283160865478,37.770971750000015,177.914093625,12.481699999999996,3.12190743917031,-4.55,0.2514617682490097,-0.023010316709783388,328,0.5664939550949913,26.733705000000008,55.954266279069785,0.12405431554524365,-24.548548374999992,88.04288024999998,24.795,3.304387011066558,-6.0,0.10787156552977398,0.011383477667564139
avg_ens_v2|but+ast|ev0.06|w+0.00|cmax15|g1,avg_ens_v2,but+ast,0.06,0.0,15.0,1,404,0.3720073664825046,78.20598000000001,87.9817275,0.22867245614035092,23.74416325000001,133.28940887499994,14.219860000000011,2.5390054035783205,-4.64996,0.2248307815881562,-0.018637708300245102,234,0.40414507772020725,31.02856000000001,64.94349767441862,0.19576378548895906,-17.073523874999992,86.548594875,14.271949999999993,3.183059245223843,-4.5,0.1299737458402977,0.014278301968051745
avg_ens_v2|but+ast|ev0.06|w+0.15|cmax8|g0,avg_ens_v2,but+ast,0.06,0.15,8.0,0,998,0.9189686924493554,128.07037000000003,144.07916625000001,0.1378583100107643,38.00622925000004,222.394042125,18.933009999999996,3.8124779596627887,-7.4575,0.2224663734896405,-0.05179234432951257,481,0.8307426597582038,0.21066500000001298,0.4409267441860737,0.0006279135618480268,-47.41109062499999,48.244425750000005,28.971664999999998,2.7353827935494763,-6.5,0.0009508001860906269,-0.02863540057090705
avg_ens_v2|but+ast|ev0.06|w+0.15|cmax8|g1,avg_ens_v2,but+ast,0.06,0.15,8.0,1,575,0.5294659300184162,109.23465500000003,122.88898687500004,0.192483973568282,39.199125125000016,175.13370287500007,15.154309999999995,2.8359918503544685,-6.3589,0.2550812376868643,-0.05071771543372278,304,0.5250431778929189,8.594825000000009,17.989168604651184,0.0385418161434978,-33.74589087499999,52.974936750000005,20.169850000000004,2.528126580024935,-4.5,0.04197137574347148,-0.024611308762457703
avg_ens_v2|but+ast|ev0.06|w+0.15|cmax15|g0,avg_ens_v2,but+ast,0.06,0.15,15.0,0,1024,0.9429097605893186,128.00637000000003,144.00716625000004,0.13588786624203825,39.76822887500002,220.29007962499998,18.93301000000001,3.868300241168811,-7.4575,0.21914646014643913,-0.05179234432951257,521,0.8998272884283247,22.195915000000017,46.456566279069804,0.06226063113604493,-35.12163199999999,87.43430537499998,31.429164999999994,3.4126967963584183,-7.0,0.08029533777149812,-0.02512341581843534
avg_ens_v2|but+ast|ev0.06|w+0.15|cmax15|g1,avg_ens_v2,but+ast,0.06,0.15,15.0,1,581,0.5349907918968693,120.80475500000003,135.90534937500004,0.21400310894596994,52.84686200000004,188.068733125,15.154309999999995,2.8688056321708046,-6.3589,0.278872671293819,-0.051104614669816244,321,0.5544041450777202,29.395175000000016,61.52478488372097,0.12808355119825715,-24.587826249999992,91.15605424999994,22.250049999999995,3.403098079486436,-5.5,0.10663912311234194,-0.020704601756185027
avg_ens_v2|but+ast|ev0.08|w-0.15|cmax8|g0,avg_ens_v2,but+ast,0.08,-0.15,8.0,0,203,0.1869244935543278,58.33292000000001,65.62453500000001,0.3222813259668509,16.42277412500001,104.22826925000001,10.980600000000003,2.494654666781222,-4.0,0.27509605084710853,0.023174684532589477,128,0.22107081174438686,8.802135000000003,18.42307325581396,0.10235040697674423,-21.487025374999995,39.395585125000004,18.9444,2.1471625554561613,-3.0,0.0706797666018448,0.062359946497224386
avg_ens_v2|but+ast|ev0.08|w-0.15|cmax8|g1,avg_ens_v2,but+ast,0.08,-0.15,8.0,1,167,0.15377532228360957,47.06691000000001,52.95027375000001,0.3245993793103449,9.204417250000008,86.6648265,7.0504,2.255621560643433,-3.0,0.2454881450872554,0.027357375576380065,110,0.18998272884283246,12.079535000000003,25.28274767441861,0.15999384105960268,-18.073912499999995,42.75732324999999,17.313150000000004,2.0952797482403307,-3.0,0.09939858627588744,0.05902712579582326
avg_ens_v2|but+ast|ev0.08|w-0.15|cmax15|g0,avg_ens_v2,but+ast,0.08,-0.15,15.0,0,223,0.20534069981583794,56.95692000000001,64.076535,0.2982037696335079,14.78667162500001,107.20674912499996,11.980600000000003,2.4869236584316394,-4.0,0.24894087698380263,0.023174684532589477,153,0.26424870466321243,29.528635000000005,61.804119767441875,0.29677020100502516,-15.824178749999996,83.69594799999999,17.2818,3.249645938786324,-3.5,0.14656006082603865,0.07830554308705251
avg_ens_v2|but+ast|ev0.08|w-0.15|cmax15|g1,avg_ens_v2,but+ast,0.08,-0.15,15.0,1,178,0.16390423572744015,44.02221,49.52498625,0.2944629431438127,6.16480350000001,90.52448924999999,10.881750000000004,2.271882749688844,-3.0,0.210619268390603,0.027747822646961025,129,0.22279792746113988,27.762885000000004,58.108363953488386,0.32471210526315797,-15.167185874999994,80.650505875,15.746949999999998,3.15826384825595,-3.0,0.14178310909305833,0.07879073170958145
avg_ens_v2|but+ast|ev0.08|w+0.00|cmax8|g0,avg_ens_v2,but+ast,0.08,0.0,8.0,0,352,0.3241252302025783,83.06412500000002,93.44714062500002,0.23631330014224755,26.840200000000014,140.65762675000002,11.909300000000002,2.8554552288025534,-5.0,0.26445114651914026,-0.02081025818525054,174,0.3005181347150259,4.512875000000005,9.445552325581405,0.03458141762452111,-33.404394249999996,42.52970362499998,20.397340000000003,2.4040279405066616,-5.0,0.029331469358937212,0.02132542482014032
avg_ens_v2|but+ast|ev0.08|w+0.00|cmax8|g1,avg_ens_v2,but+ast,0.08,0.0,8.0,1,249,0.2292817679558011,64.84902500000001,72.95515312500001,0.26148800403225814,15.621361000000011,113.717844375,10.69435,2.448401007241644,-4.5,0.2407843278798762,-0.016863736789708497,139,0.24006908462867013,12.937305000000002,27.078080232558143,0.12205004716981134,-22.362689124999992,51.98747237499994,16.786460000000005,2.3582658356405557,-3.5,0.0857178133058494,0.023653456150360713
avg_ens_v2|but+ast|ev0.08|w+0.00|cmax15|g0,avg_ens_v2,but+ast,0.08,0.0,15.0,0,372,0.3425414364640884,81.68812500000001,91.89914062500002,0.22596991701244817,24.091145750000013,143.38559812499992,11.909300000000002,2.855574084736499,-5.0,0.2509346557773239,-0.02081025818525054,199,0.3436960276338515,25.239375000000013,52.82659883720933,0.1752734375000001,-23.682164374999992,82.34082224999997,19.2599,3.3012343030939744,-5.5,0.1141109824283549,0.03214166643622762
avg_ens_v2|but+ast|ev0.08|w+0.00|cmax15|g1,avg_ens_v2,but+ast,0.08,0.0,15.0,1,258,0.23756906077348067,68.60712500000001,77.18301562500001,0.27608501006036223,17.814020625000012,119.39174762499998,10.69435,2.50303237977762,-4.5,0.24043511814992197,-0.016820047391448028,157,0.2711571675302245,29.120655000000006,60.9502081395349,0.2521268831168832,-17.609388124999995,86.66435874999998,13.682549999999999,3.2691010791867066,-4.0,0.13295295289528786,0.036558386015845795
avg_ens_v2|but+ast|ev0.08|w+0.15|cmax8|g0,avg_ens_v2,but+ast,0.08,0.15,8.0,0,629,0.5791896869244936,129.73301500000002,145.94964187500003,0.190224362170088,50.91290787500002,216.81159249999996,13.97455,3.6603518036969,-5.3,0.2625390530291968,-0.05014301865357941,301,0.5198618307426598,14.240520000000014,29.805739534883752,0.060856923076923135,-29.32065349999999,57.52028274999999,21.8958,2.681179773857716,-6.0,0.07275738029221332,-0.02114925186471214
avg_ens_v2|but+ast|ev0.08|w+0.15|cmax8|g1,avg_ens_v2,but+ast,0.08,0.15,8.0,1,420,0.3867403314917127,95.39629500000002,107.32083187500002,0.20471307939914168,34.812226750000015,157.71474800000001,15.210950000000004,2.769424443048825,-4.3589,0.2551574295503409,-0.05160976415440764,222,0.38341968911917096,18.797265000000014,39.3431127906977,0.10710692307692316,-23.30398362499999,61.53840674999993,16.2143,2.530764235076829,-3.5,0.10174664919511985,-0.01763515447747435
avg_ens_v2|but+ast|ev0.08|w+0.15|cmax15|g0,avg_ens_v2,but+ast,0.08,0.15,15.0,0,649,0.5976058931860037,128.35701500000002,144.40164187500002,0.1854870158959538,48.35482587500002,214.26320350000003,13.97455,3.6865431572369305,-5.3,0.2579090120882579,-0.05014301865357941,326,0.5630397236614854,34.96702000000002,73.18678604651167,0.14128088888888896,-17.484418124999998,94.506707125,22.85329999999999,3.321269472396265,-5.5,0.14227309805017818,-0.015413880510297488
avg_ens_v2|but+ast|ev0.08|w+0.15|cmax15|g1,avg_ens_v2,but+ast,0.08,0.15,15.0,1,427,0.39318600368324125,102.15439500000002,114.92369437500001,0.2203978317152104,40.51421762500002,166.89479049999997,15.210949999999997,2.8106037243575823,-4.3589,0.2692301357407404,-0.0520957720591079,236,0.4075993091537133,34.342365000000015,71.87936860465119,0.18869431318681326,-16.654800374999986,97.38430925,14.768449999999987,3.301957220540588,-4.0,0.14054876623675178,-0.011026386648906516
avg_ens_v2|but+ast|ev0.10|w-0.15|cmax8|g0,avg_ens_v2,but+ast,0.1,-0.15,8.0,0,102,0.09392265193370165,35.58974000000001,40.038457500000014,0.3506378325123154,0.9760907500000066,75.9373695,9.580200000000001,2.4179476710043137,-4.5,0.2537756355337837,0.03063127503901503,61,0.10535405872193437,8.534685,17.86329418604651,0.1796775789473684,-14.803795875,32.15552124999998,9.127749999999999,1.9314475830651114,-2.0,0.11047005721035258,0.06974443719439205
avg_ens_v2|but+ast|ev0.10|w-0.15|cmax8|g1,avg_ens_v2,but+ast,0.1,-0.15,8.0,1,90,0.08287292817679558,26.81161000000001,30.16306125000001,0.309960809248555,-4.830537749999995,62.5924685,8.844150000000003,2.1904329587599913,-4.5,0.21104007592760388,0.033831040847240236,58,0.1001727115716753,11.534685000000003,24.142363953488378,0.2592064044943821,-11.594034124999999,36.01663237499999,9.127749999999999,1.9679591676045594,-2.0,0.14653105092165428,0.07253327275715837
avg_ens_v2|but+ast|ev0.10|w-0.15|cmax15|g0,avg_ens_v2,but+ast,0.1,-0.15,15.0,0,115,0.10589318600368323,33.401740000000004,37.576957500000006,0.3092753703703704,-0.2861452499999943,72.94480799999998,10.080200000000001,2.3479422184512155,-4.5,0.22228067769242846,0.03063127503901503,82,0.14162348877374784,31.261185000000005,65.43038720930234,0.5298505932203391,-6.344413374999997,82.46500087499999,10.627750000000006,3.3930241704129727,-3.0,0.19602913576171974,0.10896037068876802
avg_ens_v2|but+ast|ev0.10|w-0.15|cmax15|g1,avg_ens_v2,but+ast,0.1,-0.15,15.0,1,98,0.09023941068139964,25.213010000000004,28.364636250000007,0.2817096089385475,-5.536355249999998,59.848632999999964,11.754750000000001,2.1126271413995306,-4.5,0.18647553727300026,0.035570814866700134,76,0.13126079447322972,29.523685000000008,61.7937593023256,0.5467349074074076,-7.058925,79.54098449999998,10.627750000000006,3.355382032819245,-3.0,0.18721072727164398,0.11636797570603824
avg_ens_v2|but+ast|ev0.10|w+0.00|cmax8|g0,avg_ens_v2,but+ast,0.1,0.0,8.0,0,210,0.19337016574585636,70.77545,79.62238125000002,0.3037572961373391,20.11216150000001,128.465895,13.059600000000003,3.092711712267888,-4.5,0.28605741734371154,-0.01082579199333094,101,0.17443868739205526,6.860375000000003,14.358924418604657,0.08167113095238099,-21.270060749999995,36.29908549999997,17.0,2.130249320518905,-3.5,0.06314620338899031,0.03004886730404158
avg_ens_v2|but+ast|ev0.10|w+0.00|cmax8|g1,avg_ens_v2,but+ast,0.1,0.0,8.0,1,162,0.14917127071823205,55.66692000000001,62.625285000000005,0.3109883798882682,10.687242750000006,105.89050975,9.837799999999994,2.713150655243989,-3.5,0.25646806551456497,-0.007325669315688045,88,0.15198618307426598,12.979575000000004,27.166552325581407,0.1753996621621622,-15.222780249999998,42.36029912500001,15.0,2.064327856390378,-2.5,0.12328539277343716,0.03343478450652195
avg_ens_v2|but+ast|ev0.10|w+0.00|cmax15|g0,avg_ens_v2,but+ast,0.1,0.0,15.0,0,223,0.20534069981583794,68.58745000000002,77.16088125000002,0.2863776617954072,18.691367250000006,126.25533449999999,13.059600000000003,3.0265576179767963,-4.5,0.26978414587414673,-0.01082579199333094,122,0.21070811744386875,29.586875000000006,61.92601744186047,0.3098102094240838,-11.773412499999997,84.07755112499999,16.310050000000004,3.2730626689183744,-3.5,0.1614197792754223,0.04914714593151376
avg_ens_v2|but+ast|ev0.10|w+0.00|cmax15|g1,avg_ens_v2,but+ast,0.1,0.0,15.0,1,167,0.15377532228360957,56.613020000000006,63.6896475,0.3180506741573034,10.063271500000011,108.89559974999987,9.837799999999994,2.717515011804739,-3.5,0.24800765437609668,-0.00769292309178618,105,0.18134715025906736,29.662925000000005,62.08519186046513,0.3573846385542169,-11.411196374999994,82.30443450000001,14.810050000000004,3.2436660733013043,-3.0,0.1633013625063467,0.05522305643360781
avg_ens_v2|but+ast|ev0.10|w+0.15|cmax8|g0,avg_ens_v2,but+ast,0.1,0.15,8.0,0,389,0.358195211786372,126.05417000000001,141.81094125,0.26763093418259026,58.32587050000002,199.54422824999997,11.242100000000008,3.3210217061177265,-4.5,0.3216647684049293,-0.04293792266452123,177,0.30569948186528495,-1.9991649999999943,-4.18429883720929,-0.012613028391167156,-40.41552487499999,37.54748937499999,23.005699999999997,2.473089871712866,-5.0,-0.011887754517289479,-0.013233802427337057
avg_ens_v2|but+ast|ev0.10|w+0.15|cmax8|g1,avg_ens_v2,but+ast,0.1,0.15,8.0,1,267,0.24585635359116023,90.18814000000002,101.46165750000003,0.2704292053973014,34.05557725000001,147.88446850000003,11.870450000000002,2.651098587042124,-4.5,0.28829794369857453,-0.045492366814150274,141,0.24352331606217617,9.50408000000001,19.8922604651163,0.07603264000000008,-25.195947625000002,47.01428224999999,17.0057,2.296047686976981,-3.0,0.060872377845496595,-0.00553182829857663
avg_ens_v2|but+ast|ev0.10|w+0.15|cmax15|g0,avg_ens_v2,but+ast,0.1,0.15,15.0,0,402,0.3701657458563536,123.86617000000001,139.34944125,0.25940559162303667,54.42237100000002,195.37617624999993,10.883649999999996,3.298872937598629,-4.5,0.3155296383229763,-0.04293792266452123,198,0.34196891191709844,20.72733500000001,43.38279418604654,0.12192550000000006,-27.351057374999993,76.84369049999994,22.15805,3.292220636127347,-4.0,0.09124423683026518,-0.0033999087074734757
avg_ens_v2|but+ast|ev0.10|w+0.15|cmax15|g1,avg_ens_v2,but+ast,0.1,0.15,15.0,1,271,0.24953959484346225,93.63424,105.33852000000002,0.2837401212121212,39.81620200000002,152.24241075000006,11.870450000000002,2.6598180317084092,-4.5,0.295825633017378,-0.04628273592958273,157,0.2711571675302245,25.38178000000001,53.12465581395351,0.1908404511278196,-21.749555624999992,81.19803349999995,15.005699999999997,3.207123685656793,-3.5,0.11469837777168175,0.004973437401438051
avg_ens_v2|but|ev0.04|w-0.15|cmax8|g0,avg_ens_v2,but,0.04,-0.15,8.0,0,409,0.3766114180478821,9.823185000000015,11.051083125000016,0.040258954918032844,-33.16955412499998,55.87110737500001,25.23268499999999,2.1638803619651656,-4.0,0.037517484115300176,0.0436178159025512,294,0.5077720207253886,-1.695824999999994,-3.549401162790685,-0.010004867256637132,-35.399027624999995,33.458795125,24.681779999999996,2.048137252268676,-5.5,-0.010894527120869945,0.05207014674420426
avg_ens_v2|but|ev0.04|w-0.15|cmax8|g1,avg_ens_v2,but,0.04,-0.15,8.0,1,293,0.26979742173112337,5.249530000000008,5.905721250000009,0.029826875000000044,-30.15672812499999,42.837360125000004,22.28317,1.7154511060875748,-3.0,0.025290458760723625,0.050066254411802555,229,0.3955094991364421,4.673765000000008,9.78229883720932,0.034620481481481544,-27.36281574999999,38.427359874999944,22.118739999999995,1.9565759236134894,-4.0,0.03143088246796055,0.05368093063973579
avg_ens_v2|but|ev0.04|w-0.15|cmax15|g0,avg_ens_v2,but,0.04,-0.15,15.0,0,437,0.40239410681399634,8.759185000000015,9.854083125000017,0.0339503294573644,-33.778872124999985,59.380532125,27.805634999999988,2.1619900707197566,-4.5,0.03241156421068655,0.0436178159025512,335,0.5785837651122625,19.789425000000005,41.41972674418606,0.10360955497382202,-28.691608749999993,75.2478665,25.157829999999997,3.061305084564679,-6.0,0.0850575698467698,0.05831227729550437
avg_ens_v2|but|ev0.04|w-0.15|cmax15|g1,avg_ens_v2,but,0.04,-0.15,15.0,1,308,0.283609576427256,2.630330000000012,2.9591212500000132,0.014412767123287736,-33.2908245,42.96440374999996,29.562954999999995,1.7667385273774927,-3.0,0.011910443834173529,0.05060933638062286,251,0.43350604490500866,23.950665000000008,50.12929883720931,0.1634857679180888,-22.89914299999999,78.039320875,18.044329999999995,2.9707628049013874,-4.0,0.10608060947424898,0.0616016933476747
avg_ens_v2|but|ev0.04|w+0.00|cmax8|g0,avg_ens_v2,but,0.04,0.0,8.0,0,519,0.47790055248618785,19.82367000000002,22.301628750000024,0.06071568147013789,-35.179091499999984,79.10520850000002,29.63830499999998,2.619687671737072,-6.0,0.05866037471681465,0.018603785106335025,399,0.689119170984456,1.0193650000000094,2.1335546511628105,0.00442240780911067,-38.713977374999985,42.22536262499996,25.424429999999994,2.3269559720528017,-6.5,0.005616256692537743,0.016311646414745248
avg_ens_v2|but|ev0.04|w+0.00|cmax8|g1,avg_ens_v2,but,0.04,0.0,8.0,1,361,0.3324125230202578,26.510410000000018,29.82421125000002,0.11627372807017551,-20.634017499999985,76.40481237499998,19.037219999999984,2.261929619640729,-4.0,0.09085475183626955,0.020822488217583878,277,0.4784110535405872,3.3498350000000077,7.011282558139552,0.020240694864048385,-33.287888749999986,40.75410824999998,23.857759999999995,2.137708111288466,-4.0,0.02009002180293797,0.020961868675454146
avg_ens_v2|but|ev0.04|w+0.00|cmax15|g0,avg_ens_v2,but,0.04,0.0,15.0,0,547,0.503683241252302,18.75967000000002,21.104628750000025,0.05509447870778274,-37.57771574999998,79.74427250000001,31.87075499999999,2.6268117157119666,-6.5,0.05451612193203806,0.018603785106335025,440,0.7599309153713298,22.504615000000005,47.10268255813955,0.0893040277777778,-28.724004874999988,80.83918549999999,24.883470000000003,3.143749058413504,-7.0,0.09177599730997854,0.02069849191347933
avg_ens_v2|but|ev0.04|w+0.00|cmax15|g1,avg_ens_v2,but,0.04,0.0,15.0,1,374,0.3443830570902394,28.69401000000002,32.280761250000026,0.12341509677419363,-20.762290124999982,83.25323174999996,22.39459999999999,2.3341594266515964,-4.0,0.09384031003787281,0.02071678998751675,293,0.5060449050086355,22.678560000000004,47.466753488372106,0.1310899421965318,-27.64173049999999,82.87577624999997,20.04433,3.085225364121539,-4.5,0.09423971830775976,0.027729741386220908
avg_ens_v2|but|ev0.04|w+0.15|cmax8|g0,avg_ens_v2,but,0.04,0.15,8.0,0,755,0.6952117863720073,42.820395000000026,48.17294437500003,0.08589848545636916,-19.28749374999997,110.04154674999998,17.698385,2.783905040950118,-4.688,0.10908804007812163,-0.015757419472010366,581,1.003454231433506,6.319860000000018,13.22761395348841,0.018670192023633733,-39.782624249999984,48.958835500000006,21.729699999999994,2.547339746678971,-9.0,0.030629193873602308,-0.016234982176793426
avg_ens_v2|but|ev0.04|w+0.15|cmax8|g1,avg_ens_v2,but,0.04,0.15,8.0,1,478,0.44014732965009207,41.31233000000002,46.476371250000014,0.1267249386503068,-13.337737249999984,101.78832725,21.98724,2.492064148993498,-4.9128,0.11757131065237077,-0.012764451286594864,346,0.5975820379965457,13.389200000000013,28.023906976744215,0.062420512820512884,-26.778120499999986,55.25017312499998,19.536555,2.324089760969675,-4.5,0.07112408832399471,-0.011408731763735983
avg_ens_v2|but|ev0.04|w+0.15|cmax15|g0,avg_ens_v2,but,0.04,0.15,15.0,0,783,0.7209944751381215,41.75639500000004,46.97594437500005,0.0814758926829269,-21.601761249999978,106.21980387500001,20.066194999999986,2.768165384147085,-4.996499999999999,0.10622888408414745,-0.015757419472010366,622,1.0742659758203799,27.805110000000017,58.19674186046515,0.07723641666666671,-28.01322187499998,89.551756125,23.528320000000004,3.289586697977496,-9.5,0.10435139562487113,-0.013332360034993579
avg_ens_v2|but|ev0.04|w+0.15|cmax15|g1,avg_ens_v2,but,0.04,0.15,15.0,1,489,0.45027624309392267,44.10943000000002,49.623108750000014,0.13447996951219518,-13.350801499999974,102.41745787499997,17.675239999999995,2.4980279558665344,-4.9128,0.12435000497207846,-0.013506114001027058,358,0.6183074265975821,35.030700000000024,73.32006976744191,0.15995753424657547,-17.868714999999987,93.3246105,18.025250000000014,3.206782920123473,-5.5,0.13486344057274882,-0.006644728470850247
avg_ens_v2|but|ev0.06|w-0.15|cmax8|g0,avg_ens_v2,but,0.06,-0.15,8.0,0,230,0.21178637200736647,15.041645000000006,16.92185062500001,0.09961354304635765,-23.068178249999992,56.01363537499999,21.10675,2.0999976694595044,-4.5,0.07619889408790881,0.05593620289325647,184,0.3177892918825561,8.132165000000004,17.020810465116288,0.07196606194690269,-26.899899249999997,42.8114885,19.122239999999998,2.245787812785162,-5.0,0.05657928919269432,0.06411981616564646
avg_ens_v2|but|ev0.06|w-0.15|cmax8|g1,avg_ens_v2,but,0.06,-0.15,8.0,1,180,0.16574585635359115,11.029785000000007,12.408508125000008,0.0930783544303798,-20.5874085,47.40757475,16.58287,1.7941416456412198,-3.5,0.06540071046393674,0.06257355705486005,153,0.26424870466321243,10.525265000000005,22.02962441860466,0.10963817708333339,-21.832392874999993,42.939007874999994,18.473889999999997,2.0692832066507787,-4.0,0.07947547493568126,0.06463210932146805
avg_ens_v2|but|ev0.06|w-0.15|cmax15|g0,avg_ens_v2,but,0.06,-0.15,15.0,0,256,0.23572744014732966,14.97764500000001,16.84985062500001,0.09132710365853665,-24.0600885,57.11872162499999,19.3414,2.1296531212827294,-4.5,0.06963270843007771,0.05593620289325647,224,0.38687392055267705,30.117415000000012,63.03645000000003,0.22475682835820904,-19.076773124999992,89.28971387499999,19.53705,3.3057260864259392,-5.5,0.13598030960950547,0.07469741487330527
avg_ens_v2|but|ev0.06|w-0.15|cmax15|g1,avg_ens_v2,but,0.06,-0.15,15.0,1,194,0.17863720073664824,8.910585000000008,10.02440812500001,0.07157096385542175,-25.814812749999994,47.33514325000001,21.496474999999997,1.884797604087654,-3.5,0.046808004037171565,0.06435778004931596,178,0.307426597582038,28.302165000000006,59.23708953488373,0.2596528899082569,-17.32607287499999,83.32956512500002,14.423549999999999,3.104465153734619,-4.0,0.13606864700225865,0.07821828997477495
avg_ens_v2|but|ev0.06|w+0.00|cmax8|g0,avg_ens_v2,but,0.06,0.0,8.0,0,327,0.3011049723756906,33.25203000000001,37.40853375000002,0.1461627692307693,-18.943846624999992,88.52637812499994,24.49886,2.6058523267250053,-7.5,0.11706898824778933,0.026801761504890054,244,0.4214162348877375,17.623455000000007,36.886301162790716,0.11671162251655634,-18.96878862499999,56.83430575,19.064409999999995,2.4712032962766113,-5.5,0.10335547532215605,0.026870014807011764
avg_ens_v2|but|ev0.06|w+0.00|cmax8|g1,avg_ens_v2,but,0.06,0.0,8.0,1,241,0.22191528545119704,34.64941000000002,38.98058625000002,0.20810456456456466,-12.796239124999992,84.68059662499994,16.73013,2.3625567712504725,-4.5,0.13455105048950497,0.030736381271835464,189,0.32642487046632124,20.01333500000001,41.888375581395366,0.16677779166666673,-14.689907499999995,56.75614750000001,17.66802,2.2835584966519633,-4.0,0.12701594189883356,0.02705032338072165
avg_ens_v2|but|ev0.06|w+0.00|cmax15|g0,avg_ens_v2,but,0.06,0.0,15.0,0,353,0.3250460405156538,33.18803000000001,37.336533750000015,0.13799596673596679,-20.71139887499999,86.80760250000003,22.186859999999996,2.5703214473840847,-7.5,0.11227839440514423,0.026801761504890054,284,0.4905008635578584,39.60870500000001,82.90194069767443,0.2302831686046512,-10.533787624999988,98.04246587500002,20.0982,3.3931914194510413,-6.0,0.16675706522583558,0.03436820051930514
avg_ens_v2|but|ev0.06|w+0.00|cmax15|g1,avg_ens_v2,but,0.06,0.0,15.0,1,255,0.23480662983425415,36.333010000000016,40.87463625000002,0.2118542857142858,-13.327725749999988,86.87940812499996,13.357019999999991,2.387584941680921,-4.5,0.13232585441290107,0.030636020402512665,212,0.36614853195164077,37.22856000000001,77.92024186046514,0.2831069201520913,-8.878812374999992,94.38737037499997,12.771949999999997,3.2240757125916857,-4.5,0.1649578418247048,0.037743340310717084
avg_ens_v2|but|ev0.06|w+0.15|cmax8|g0,avg_ens_v2,but,0.06,0.15,8.0,0,513,0.4723756906077348,35.09434000000002,39.481132500000015,0.09396074966532802,-27.17435587499997,99.46622075000002,27.453449999999993,2.828286508587713,-9.4128,0.09472015100924548,-0.01011565494613403,400,0.690846286701209,19.623165000000007,41.071740697674436,0.07960716024340773,-23.49524024999999,65.78249974999999,22.280440000000002,2.5894801624318147,-6.5,0.09841600735105435,-0.011503560578873624
avg_ens_v2|but|ev0.06|w+0.15|cmax8|g1,avg_ens_v2,but,0.06,0.15,8.0,1,355,0.3268876611418048,48.41406500000002,54.46582312500002,0.18443453333333343,-5.9486417499999895,105.4964972499999,22.60774,2.487230983814182,-4.9128,0.1485881358314512,-0.007534653902757558,271,0.4680483592400691,17.041425000000007,35.668098837209314,0.09655198300283291,-21.565804374999992,56.87425587499996,16.770554999999995,2.331274118018251,-4.0,0.0949340131568669,-0.0095043273231561
avg_ens_v2|but|ev0.06|w+0.15|cmax15|g0,avg_ens_v2,but,0.06,0.15,15.0,0,539,0.496316758747698,35.030340000000024,39.40913250000003,0.09063477360931442,-28.190797999999976,101.18198150000002,25.812549999999984,2.854283505848402,-9.4128,0.09227745404334171,-0.01011565494613403,440,0.7599309153713298,41.608415000000015,87.08738023255817,0.15554547663551407,-13.003162124999987,104.2099115,24.237939999999995,3.3559313701823092,-7.0,0.1610190931719414,-0.007237784568671335
avg_ens_v2|but|ev0.06|w+0.15|cmax15|g1,avg_ens_v2,but,0.06,0.15,15.0,1,365,0.3360957642725598,51.711165000000015,58.175060625000015,0.19587562500000005,-4.383954499999993,109.66530950000002,18.295740000000002,2.5299236223272943,-4.9128,0.15368280229821096,-0.008290473438074425,289,0.4991364421416235,36.34177500000002,76.06418023255819,0.19697439024390254,-16.379727624999987,95.73760724999995,18.556349999999995,3.2859995507455193,-5.0,0.14363090944094148,-0.004299098634089342
avg_ens_v2|but|ev0.08|w-0.15|cmax8|g0,avg_ens_v2,but,0.08,-0.15,8.0,0,134,0.12338858195211787,17.110420000000005,19.249222500000005,0.17731005181347156,-12.778953874999992,52.5570365,16.14135,2.0560667103089862,-4.0,0.12608967723611852,0.06399290183926581,118,0.20379965457685664,12.377135,25.905631395348838,0.1628570394736842,-17.518113374999995,42.355468124999994,13.444400000000002,2.1402250553185165,-3.0,0.10709443996747922,0.07607233938845982
avg_ens_v2|but|ev0.08|w-0.15|cmax8|g1,avg_ens_v2,but,0.08,-0.15,8.0,1,115,0.10589318600368323,18.22039000000001,20.49793875000001,0.22356306748466268,-10.719543499999995,51.35286524999999,11.91497,1.9837236498652209,-3.5,0.1391658133280167,0.0651590844569632,102,0.17616580310880828,13.654535000000003,28.579259302325585,0.20228940740740745,-14.883613125000002,42.70704550000001,13.813150000000004,2.1025140363070287,-3.0,0.12026638343085672,0.07335655787758086
avg_ens_v2|but|ev0.08|w-0.15|cmax15|g0,avg_ens_v2,but,0.08,-0.15,15.0,0,154,0.141804788213628,15.734420000000004,17.701222500000004,0.1477410328638498,-15.869994999999992,50.491776375,17.14135,1.995349236617777,-4.0,0.10514062541867399,0.06399290183926581,143,0.2469775474956822,33.10363500000001,69.28667790697676,0.3698730167597767,-10.336646624999997,85.75322837499999,15.824300000000001,3.3269965576186475,-3.5,0.17155182390532212,0.09364041068350318
avg_ens_v2|but|ev0.08|w-0.15|cmax15|g1,avg_ens_v2,but,0.08,-0.15,15.0,1,126,0.11602209944751381,13.289190000000003,14.950338750000004,0.1545254651162791,-17.100848124999995,48.95085550000001,16.366120000000002,1.9516079573649077,-3.5,0.09079139041800367,0.0674480365905522,121,0.20898100172711573,29.337885000000004,61.40487558139536,0.3785533548387097,-12.720695249999995,80.75570399999994,14.746949999999998,3.2392606849469603,-3.0,0.15615464534820495,0.09614238941869872
avg_ens_v2|but|ev0.08|w+0.00|cmax8|g0,avg_ens_v2,but,0.08,0.0,8.0,0,186,0.1712707182320442,28.299125000000007,31.83651562500001,0.19382962328767128,-10.659538499999991,73.54907125000001,17.938049999999997,2.559039978223126,-6.0,0.15148620180780234,0.033859331136870986,146,0.25215889464594127,14.48787500000001,30.323459302325602,0.14708502538071075,-20.653038499999994,51.96825824999989,13.522340000000003,2.4097068398183636,-4.5,0.10547890781319853,0.04739382335544642
avg_ens_v2|but|ev0.08|w+0.00|cmax8|g1,avg_ens_v2,but,0.08,0.0,8.0,1,140,0.1289134438305709,31.649355000000007,35.60552437500001,0.2903610550458716,-6.6532796249999935,76.965577375,13.88297,2.5382311083682247,-4.5,0.1708090357847281,0.03847895364824339,123,0.21243523316062177,16.212305000000008,33.93273139534885,0.19415934131736537,-17.38475325,51.091354,14.69435,2.298459673722265,-3.5,0.12374652762480474,0.04968818341483243
avg_ens_v2|but|ev0.08|w+0.00|cmax15|g0,avg_ens_v2,but,0.08,0.0,15.0,0,206,0.18968692449355432,26.923125000000006,30.28851562500001,0.17258413461538466,-13.466863999999987,69.23695712499998,18.938049999999997,2.4467425448097204,-6.0,0.13584766405617407,0.033859331136870986,171,0.29533678756476683,35.214375000000004,73.70450581395349,0.31441406250000004,-8.931310124999992,89.21322737499989,14.802399999999999,3.372725169844974,-5.0,0.17116272657700973,0.06067275131504347
avg_ens_v2|but|ev0.08|w+0.00|cmax15|g1,avg_ens_v2,but,0.08,0.0,15.0,1,151,0.13904235727440148,30.520955000000008,34.33607437500001,0.27129737777777785,-10.036215374999994,74.42934862499999,13.88297,2.4633602835188064,-4.5,0.15296256747389028,0.038100691785893995,141,0.24352331606217617,32.395655000000005,67.80485930232558,0.3483403763440861,-12.648433499999994,87.14441087499996,11.98885,3.3086837750147344,-4.0,0.16050984245934624,0.06631452399331957
avg_ens_v2|but|ev0.08|w+0.15|cmax8|g0,avg_ens_v2,but,0.08,0.15,8.0,0,299,0.27532228360957645,39.34551500000001,44.26370437500002,0.15551586956521743,-16.21389137499998,97.38871150000001,27.20176,2.948143579382634,-7.4128,0.13480667876008592,-0.001176341573710935,247,0.4265975820379965,30.793020000000006,64.4505069767442,0.18606054380664655,-6.226516999999993,68.83136137499999,14.845799999999993,2.428941215146401,-5.0,0.18110783536923578,-3.483006975144192e-05
avg_ens_v2|but|ev0.08|w+0.15|cmax8|g1,avg_ens_v2,but,0.08,0.15,8.0,1,223,0.20534069981583794,44.39762500000002,49.94732812500003,0.23367171052631588,-3.877234874999985,96.39467962500001,21.217150000000004,2.6078747110537335,-4.0,0.17196411188199082,-0.001461498122061222,194,0.33506044905008636,24.847265000000004,52.005903488372105,0.184738029739777,-10.724101124999997,62.192716874999995,13.908804999999997,2.3365468959589557,-3.5,0.15191688606179124,0.0031340114155856296
avg_ens_v2|but|ev0.08|w+0.15|cmax15|g0,avg_ens_v2,but,0.08,0.15,15.0,0,319,0.2937384898710866,37.969515000000015,42.715704375000016,0.14437077946768068,-18.378278374999987,97.90844799999996,28.35646,2.883534584889107,-7.4128,0.12540665559082775,-0.001176341573710935,272,0.4697754749568221,51.519520000000014,107.83155348837212,0.2878185474860336,1.1776790000000095,104.49192762499999,15.84579999999999,3.157878190942296,-5.5,0.2297831006701996,0.007053939657816398
avg_ens_v2|but|ev0.08|w+0.15|cmax15|g1,avg_ens_v2,but,0.08,0.15,15.0,1,233,0.214548802946593,43.38272500000001,48.80556562500001,0.22654164490861622,-8.713176999999986,97.683001125,21.217150000000004,2.6040569055668774,-4.0,0.15866351024839334,-0.0028235880960864007,208,0.3592400690846287,40.39236500000001,84.54215930232562,0.2864706737588653,-9.946150124999988,94.49555037499992,13.349854999999998,3.1915855889821096,-4.0,0.1782520109314116,0.012040046300925538
avg_ens_v2|but|ev0.10|w-0.15|cmax8|g0,avg_ens_v2,but,0.1,-0.15,8.0,0,69,0.06353591160220995,9.727240000000004,10.943145000000005,0.17848146788990832,-14.252614249999997,37.816312249999996,9.8164,1.951229884190554,-2.5,0.11078186667818532,0.07204690793558576,55,0.09499136442141623,12.584685,26.340038372093023,0.3069435365853659,-10.479358374999999,36.24176712499997,7.627749999999999,1.9680021491347788,-2.0,0.1776291674717032,0.08883485378584068
avg_ens_v2|but|ev0.10|w-0.15|cmax8|g1,avg_ens_v2,but,0.1,-0.15,8.0,1,63,0.058011049723756904,9.148590000000004,10.292163750000004,0.18482000000000007,-14.056424749999998,35.83785749999996,8.617219999999998,1.8795811542995906,-1.5,0.108163459468053,0.07579035692446509,53,0.09153713298791019,14.084685000000007,29.47957325581397,0.3565743037974685,-9.370541999999997,38.351085749999974,7.627749999999999,2.008943448787864,-2.0,0.19474975775752337,0.0882445097450604
avg_ens_v2|but|ev0.10|w-0.15|cmax15|g0,avg_ens_v2,but,0.1,-0.15,15.0,0,82,0.07550644567219153,7.539240000000004,8.481645000000004,0.1235940983606558,-16.19414225,33.866638249999966,10.680349999999999,1.8680192819043695,-2.5,0.07761450110278197,0.07204690793558576,76,0.13126079447322972,35.31118500000001,73.90713139534886,0.6725940000000001,-1.2156562499999974,87.28299124999998,10.627750000000006,3.4902109747430075,-3.0,0.22993651032149254,0.13376011795377896
avg_ens_v2|but|ev0.10|w-0.15|cmax15|g1,avg_ens_v2,but,0.1,-0.15,15.0,1,72,0.06629834254143646,7.049990000000003,7.931238750000003,0.13301867924528307,-14.985953999999996,31.93433824999999,10.45397,1.7813432779806226,-2.0,0.07610926677923871,0.07676380308959661,71,0.1226252158894646,32.07368500000001,67.13096860465119,0.6545650000000003,-4.041242874999996,84.17089537499984,10.627750000000006,3.459351154810529,-3.0,0.2107179507781312,0.13915514042665955
avg_ens_v2|but|ev0.10|w+0.00|cmax8|g0,avg_ens_v2,but,0.1,0.0,8.0,0,117,0.10773480662983426,33.39045000000001,37.564256250000014,0.3355824120603016,-1.9497639999999925,72.6762195,13.83635,2.604981188794149,-4.5,0.23305315735892834,0.03696160775907374,86,0.14853195164075994,9.410375000000005,19.696133720930245,0.14589728682170552,-19.3146375,38.153568375,14.0,2.1427873430855984,-3.5,0.09547068225194631,0.05251699994061844
avg_ens_v2|but|ev0.10|w+0.00|cmax8|g1,avg_ens_v2,but,0.1,0.0,8.0,1,96,0.08839779005524862,31.15100000000001,35.04487500000001,0.3822208588957057,-2.392338499999995,71.67828349999999,12.24822,2.5206733185460517,-3.5,0.22469465361283414,0.04036868025572846,78,0.13471502590673576,11.529575000000001,24.131668604651168,0.19708675213675217,-15.711061249999997,38.645630624999974,12.5,2.051447764351252,-2.5,0.12217856049669967,0.05796997177889615
avg_ens_v2|but|ev0.10|w+0.00|cmax15|g0,avg_ens_v2,but,0.1,0.0,15.0,0,130,0.11970534069981584,31.202450000000002,35.102756250000006,0.29436273584905664,-3.2131997499999927,70.26224875,13.83635,2.474297726627716,-4.5,0.2067316185379395,0.03696160775907374,107,0.1848013816925734,32.13687500000001,67.26322674418607,0.4228536184210528,-7.5713234999999965,84.187594875,15.310050000000004,3.404221774038225,-3.5,0.1851039226431119,0.07556540386080085
avg_ens_v2|but|ev0.10|w+0.00|cmax15|g1,avg_ens_v2,but,0.1,0.0,15.0,1,102,0.09392265193370165,28.210600000000003,31.736925000000003,0.3419466666666667,-5.739851249999992,65.833666,12.24822,2.424559685131232,-3.5,0.1907434390232323,0.03996364648440273,95,0.16407599309153714,28.212925000000002,59.050308139534884,0.41796925925925926,-11.364930999999997,80.99935537500001,13.810050000000004,3.363782433376428,-3.0,0.16445612009688246,0.08456539707634517
avg_ens_v2|but|ev0.10|w+0.15|cmax8|g0,avg_ens_v2,but,0.1,0.15,8.0,0,181,0.16666666666666666,44.34667000000002,49.89000375000002,0.2593372514619884,-2.9147662499999853,96.86657949999997,24.7345,3.023572267271399,-9.0,0.21569086303111268,0.013897708948679297,139,0.24006908462867013,14.80083500000001,30.978491860465134,0.14096033333333344,-20.018312124999998,53.151358375,16.5057,2.3934993975601087,-4.0,0.10137317752893603,0.012537375698711094
avg_ens_v2|but|ev0.10|w+0.15|cmax8|g1,avg_ens_v2,but,0.1,0.15,8.0,1,134,0.12338858195211787,43.84652000000001,49.32733500000002,0.33989550387596906,1.4275942500000094,95.19183699999999,21.61855,2.810607479662387,-6.0,0.22941722363285566,0.015198577935085557,119,0.20552677029360966,13.954080000000008,29.20621395348839,0.15334153846153856,-17.756084374999997,50.947046124999986,14.005700000000001,2.2583547193562348,-3.0,0.10129294918792672,0.01710643722640597
avg_ens_v2|but|ev0.10|w+0.15|cmax15|g0,avg_ens_v2,but,0.1,0.15,15.0,0,194,0.17863720073664824,42.15867000000002,47.428503750000026,0.23751363380281704,-4.616550749999993,89.61641375,25.2345,2.8981476169865497,-9.0,0.1965778945894877,0.013897708948679297,160,0.2763385146804836,37.52733500000001,78.54558488372095,0.3221230472103005,-10.137090874999995,93.174771375,16.650550000000003,3.3181851177303305,-3.5,0.17951740574812466,0.02531112063169558
avg_ens_v2|but|ev0.10|w+0.15|cmax15|g1,avg_ens_v2,but,0.1,0.15,15.0,1,140,0.1289134438305709,40.51962000000002,45.58457250000002,0.31532778210116746,-0.5660597499999898,88.89778400000002,21.61855,2.7417340755390716,-6.0,0.19971391000958857,0.013564232374285695,135,0.23316062176165803,29.831780000000006,62.438609302325595,0.30133111111111116,-15.828068999999994,84.45311374999999,13.005699999999997,3.249923582711013,-3.5,0.14570198511108298,0.030681121822965934
