timestamp,phase,retrain,price,market,period,n_bets,stake,profit,roi,hit_rate,avg_odds,roi_ci_lo,roi_ci_hi,mkt_edge,mkt_edge_cov,ll_model,ll_pinnacle,auc_model,auc_pinnacle,ece_band,profit_ci_lo,profit_ci_hi,night_std,worst_night,max_dd,sharpe_night,n_nights
2026-10-03 23:58,baseline,quarterly,exec,but,val,10,5.0,-5.0,-1.0,0.0,6.260400000000001,-1.0,-1.0,0.0105033823399003,0.3,0.55604041617093,0.5546851482750904,0.6078973554865362,0.6103282774980149,0.0172199918981996,,,,,,,
2026-10-03 23:58,baseline,quarterly,exec,but,test,35,18.5,6.128,0.3312432432432432,0.2285714285714285,5.8233,-0.4398192170111287,1.0909124999999995,-0.0888249230047854,0.4,0.5580393359270415,0.5547973044961976,0.5851364574396549,0.5956934171168874,0.0174787892820079,,,,,,,
2026-10-03 23:58,baseline,quarterly,exec,but,all,45,23.5,1.1279999999999997,0.0479999999999999,0.1777777777777777,5.920433333333334,-0.579186046511628,0.7159999999999999,-0.0712963985321938,0.3777777777777777,0.5567002784077315,0.5547221720999361,0.60067748662573,0.605544453011665,0.0112853900971511,,,,,,,
2026-10-03 23:58,baseline,quarterly,exec,ast,val,84,48.5,-3.1285500000000024,-0.0645061855670103,0.2976190476190476,2.9701761904761903,-0.4052947154523144,0.2729903465346532,-0.133302307736033,0.9404761904761904,0.6391481378420595,0.6360939279431315,0.6135072437901423,0.6175541781484223,0.0178983141721139,,,,,,,
2026-10-03 23:58,baseline,quarterly,exec,ast,test,94,63.0,-0.8425000000000031,-0.0133730158730159,0.2978723404255319,3.016600000000001,-0.3438766935904116,0.3390394678435883,-0.142505198225888,0.9361702127659576,0.633317045099653,0.6307561007899554,0.5940467994797304,0.6049387908029453,0.0203741191829667,,,,,,,
2026-10-03 23:58,baseline,quarterly,exec,ast,all,178,111.5,-3.971050000000005,-0.035614798206278,0.297752808988764,2.994692134831461,-0.2911725414240932,0.2218982395170499,-0.1381517350600284,0.9382022471910112,0.6371123572772759,0.6342303587535038,0.6069689249972692,0.6134170738162475,0.0168113520630536,,,,,,,
2026-10-03 23:58,baseline,quarterly,exec,total,val,94,53.5,-8.128549999999999,-0.1519355140186915,0.2659574468085106,3.3202,-0.4611205649399399,0.1651199296331433,-0.1280411239527671,0.8723404255319149,,,,,,,,,,,,
2026-10-03 23:58,baseline,quarterly,exec,total,test,129,81.5,5.2854999999999945,0.0648527607361962,0.2790697674418604,3.778107751937984,-0.2250172998153433,0.3802634615384613,-0.1351373173131876,0.7906976744186046,,,,,,,,,,,,
2026-10-03 23:58,baseline,quarterly,exec,total,all,223,135.0,-2.8430500000000034,-0.0210596296296296,0.273542600896861,3.5850883408071748,-0.2339539645748656,0.2066891134455535,-0.1319748833156089,0.8251121076233184,,,,,,,,,,,,
2026-10-03 23:58,baseline,quarterly,soft_median,but,val,57,29.0,-5.0,-0.1724137931034483,0.1578947368421052,5.8543859649122805,-0.6275909961685823,0.3649258373205741,-0.0140431283399752,0.4736842105263157,0.55604041617093,0.5546851482750904,0.6078973554865362,0.6103282774980149,0.0172199918981996,,,,,,,
2026-10-03 23:58,baseline,quarterly,soft_median,but,test,113,59.5,5.337499999999999,0.0897058823529411,0.168141592920354,5.884734513274336,-0.3108546902654867,0.5351247825141364,-0.0456226867426894,0.4424778761061947,0.5580393359270415,0.5547973044961976,0.5851364574396549,0.5956934171168874,0.0174787892820079,,,,,,,
2026-10-03 23:58,baseline,quarterly,soft_median,but,all,170,88.5,0.3374999999999986,0.0038135593220338,0.1647058823529411,5.874558823529411,-0.3093747877955429,0.3343551741248641,-0.0345493350949844,0.4529411764705882,0.5567002784077315,0.5547221720999361,0.60067748662573,0.605544453011665,0.0112853900971511,,,,,,,
2026-10-03 23:58,baseline,quarterly,soft_median,ast,val,277,166.5,2.827500000000001,0.0169819819819819,0.3285198555956679,3.0405956678700363,-0.1665302638850511,0.2049841464524644,-0.077029149773631,0.9386281588447654,0.6391481378420595,0.6360939279431315,0.6135072437901423,0.6175541781484223,0.0178983141721139,,,,,,,
2026-10-03 23:58,baseline,quarterly,soft_median,ast,test,242,170.0,-7.572499999999999,-0.0445441176470588,0.3140495867768595,3.0681404958677687,-0.2523430272108843,0.164425548245614,-0.088961721424476,0.9669421487603306,0.633317045099653,0.6307561007899554,0.5940467994797304,0.6049387908029453,0.0203741191829667,,,,,,,
2026-10-03 23:58,baseline,quarterly,soft_median,ast,all,519,336.5,-4.7449999999999966,-0.0141010401188707,0.3217726396917148,3.053439306358382,-0.1490505042381536,0.1248482142857141,-0.0826814205556102,0.9518304431599228,0.6371123572772759,0.6342303587535038,0.6069689249972692,0.6134170738162475,0.0168113520630536,,,,,,,
2026-10-03 23:58,baseline,quarterly,soft_median,total,val,334,195.5,-2.1725000000000003,-0.0111125319693094,0.2994011976047904,3.5207934131736534,-0.1642052426818991,0.1546376879241977,-0.0711036355621024,0.8592814371257484,,,,,,,,,,,,
2026-10-03 23:58,baseline,quarterly,soft_median,total,test,355,229.5,-2.2349999999999994,-0.0097385620915032,0.2676056338028169,3.9646901408450703,-0.1874643918430238,0.1549321345707656,-0.0813316096847248,0.8,,,,,,,,,,,,
2026-10-03 23:58,baseline,quarterly,soft_median,total,all,689,425.0,-4.407500000000001,-0.0103705882352941,0.2830188679245283,3.749506531204644,-0.1247605955590777,0.1077837247416512,-0.0761907540399041,0.8287373004354136,,,,,,,,,,,,
2026-10-03 23:58,baseline,quarterly,soft_max,but,val,508,284.0,43.0,0.1514084507042253,0.1771653543307086,6.644192913385827,-0.0790970662757294,0.4030293055320588,0.1487294764688469,0.4547244094488189,0.55604041617093,0.5546851482750904,0.6078973554865362,0.6103282774980149,0.0172199918981996,,,,,,,
2026-10-03 23:58,baseline,quarterly,soft_max,but,test,511,314.0,106.85,0.3402866242038216,0.1702544031311154,6.714872798434443,0.0022249300909257,0.7023496705107082,0.1863435809169363,0.4735812133072407,0.5580393359270415,0.5547973044961976,0.5851364574396549,0.5956934171168874,0.0174787892820079,,,,,,,
2026-10-03 23:58,baseline,quarterly,soft_max,but,all,1019,598.0,149.85000000000002,0.2505852842809365,0.1736997055937193,6.679636898920511,0.04492182206261,0.4679520196118699,0.1679739020004275,0.4641805691854759,0.5567002784077315,0.5547221720999361,0.60067748662573,0.605544453011665,0.0112853900971511,,,,,,,
2026-10-03 23:58,baseline,quarterly,soft_max,ast,val,448,282.0,-1.439999999999995,-0.0051063829787233,0.3236607142857143,3.0795089285714283,-0.143377680619266,0.127291087979128,-0.0498547664607818,0.9486607142857144,0.6391481378420595,0.6360939279431315,0.6135072437901423,0.6175541781484223,0.0178983141721139,,,,,,,
2026-10-03 23:58,baseline,quarterly,soft_max,ast,test,314,220.5,-1.7249999999999996,-0.0078231292517006,0.3089171974522293,3.111210191082802,-0.1643962722298221,0.1593865336164064,-0.0658477422665012,0.9745222929936306,0.633317045099653,0.6307561007899554,0.5940467994797304,0.6049387908029453,0.0203741191829667,,,,,,,
2026-10-03 23:58,baseline,quarterly,soft_max,ast,all,762,502.5,-3.164999999999991,-0.0062985074626865,0.3175853018372703,3.09257217847769,-0.1111502564378935,0.094797574036376,-0.05654950051899,0.9593175853018372,0.6371123572772759,0.6342303587535038,0.6069689249972692,0.6134170738162475,0.0168113520630536,,,,,,,
2026-10-03 23:58,baseline,quarterly,soft_max,total,val,956,566.0,41.56,0.0734275618374558,0.2458158995815899,4.973713389121339,-0.0623449866280576,0.2273899123088781,0.0200735264001087,0.6861924686192469,,,,,,,,,,,,
2026-10-03 23:58,baseline,quarterly,soft_max,total,test,825,534.5,105.125,0.1966791393826005,0.223030303030303,5.34329696969697,-0.0129995455220479,0.4213612425675144,0.0455214187013671,0.6642424242424242,,,,,,,,,,,,
2026-10-03 23:58,baseline,quarterly,soft_max,total,all,1781,1100.5,146.68500000000003,0.1332894139027715,0.2352610892756878,5.144912970241437,0.0142900662534809,0.2599331701646354,0.0316561218993526,0.6760247052217855,,,,,,,,,,,,
2026-10-03 23:59,p0,quarterly,exec,but,val,25,13.0,-7.219,-0.5553076923076923,0.08,5.827999999999999,-1.0,0.1664545454545454,-0.0139073729767561,0.24,0.5600703984160571,0.5573593101274583,0.5957883291109916,0.6039338001205871,0.0120623046481951,,,,,,,
2026-10-03 23:59,p0,quarterly,exec,but,test,85,46.5,23.44775,0.5042526881720429,0.2,5.582770588235294,-0.2077620192307693,1.4109827941845905,-0.0509902179789879,0.4470588235294118,0.5621890009684072,0.5593662703245569,0.5765190061393761,0.5879524787692303,0.0157238599204343,,,,,,,
2026-10-03 23:59,p0,quarterly,exec,but,all,110,59.5,16.228749999999994,0.272752100840336,0.1727272727272727,5.638504545454546,-0.2856602066115702,0.9969299593599176,-0.0459334663877745,0.4,0.5607781750727651,0.5580297896267267,0.5894834980168244,0.5986926654904001,0.0110605858699534,,,,,,,
2026-10-03 23:59,p0,quarterly,exec,ast,val,84,48.5,-3.1285500000000024,-0.0645061855670103,0.2976190476190476,2.9701761904761903,-0.4052947154523144,0.2729903465346532,-0.133302307736033,0.9404761904761904,0.6391481378420595,0.6360939279431315,0.6135072437901423,0.6175541781484223,0.0178983141721139,,,,,,,
2026-10-03 23:59,p0,quarterly,exec,ast,test,94,63.0,-0.8425000000000031,-0.0133730158730159,0.2978723404255319,3.016600000000001,-0.3438766935904116,0.3390394678435883,-0.142505198225888,0.9361702127659576,0.633317045099653,0.6307561007899554,0.5940467994797304,0.6049387908029453,0.0203741191829667,,,,,,,
2026-10-03 23:59,p0,quarterly,exec,ast,all,178,111.5,-3.971050000000005,-0.035614798206278,0.297752808988764,2.994692134831461,-0.2911725414240932,0.2218982395170499,-0.1381517350600284,0.9382022471910112,0.6371123572772759,0.6342303587535038,0.6069689249972692,0.6134170738162475,0.0168113520630536,,,,,,,
2026-10-03 23:59,p0,quarterly,exec,total,val,109,61.5,-10.347550000000004,-0.1682528455284553,0.2477064220183486,3.6256403669724775,-0.466300290938209,0.1513810483682982,-0.1248744299883193,0.7798165137614679,,,,,,,,,,,,
2026-10-03 23:59,p0,quarterly,exec,total,test,179,109.5,22.60524999999999,0.2064406392694063,0.2513966480446927,4.235172625698324,-0.1588207834101383,0.6289928031878026,-0.1149054422784102,0.7039106145251397,,,,,,,,,,,,
2026-10-03 23:59,p0,quarterly,exec,total,all,288,171.0,12.25769999999999,0.0716824561403508,0.25,4.004481597222222,-0.1787217841305037,0.3694766443605468,-0.1189213851947243,0.7326388888888888,,,,,,,,,,,,
2026-10-03 23:59,p0,quarterly,soft_median,but,val,114,59.5,-16.775,-0.2819327731092437,0.131578947368421,5.599342105263158,-0.6093805823245975,0.0943398277276456,-0.0367385041628766,0.4473684210526316,0.5600703984160571,0.5573593101274583,0.5957883291109916,0.6039338001205871,0.0120623046481951,,,,,,,
2026-10-03 23:59,p0,quarterly,soft_median,but,test,239,131.0,19.212499999999995,0.1466603053435114,0.1715481171548117,5.644351464435147,-0.201170920963365,0.610497615461847,-0.0368390744785653,0.5230125523012552,0.5621890009684072,0.5593662703245569,0.5765190061393761,0.5879524787692303,0.0157238599204343,,,,,,,
2026-10-03 23:59,p0,quarterly,soft_median,but,all,353,190.5,2.437500000000001,0.0127952755905511,0.1586402266288951,5.629815864022662,-0.2620449108077728,0.3182035730730083,-0.0368099319439055,0.4985835694050991,0.5607781750727651,0.5580297896267267,0.5894834980168244,0.5986926654904001,0.0110605858699534,,,,,,,
2026-10-03 23:59,p0,quarterly,soft_median,ast,val,277,166.5,2.827500000000001,0.0169819819819819,0.3285198555956679,3.0405956678700363,-0.1665302638850511,0.2049841464524644,-0.077029149773631,0.9386281588447654,0.6391481378420595,0.6360939279431315,0.6135072437901423,0.6175541781484223,0.0178983141721139,,,,,,,
2026-10-03 23:59,p0,quarterly,soft_median,ast,test,242,170.0,-7.572499999999999,-0.0445441176470588,0.3140495867768595,3.0681404958677687,-0.2523430272108843,0.164425548245614,-0.088961721424476,0.9669421487603306,0.633317045099653,0.6307561007899554,0.5940467994797304,0.6049387908029453,0.0203741191829667,,,,,,,
2026-10-03 23:59,p0,quarterly,soft_median,ast,all,519,336.5,-4.7449999999999966,-0.0141010401188707,0.3217726396917148,3.053439306358382,-0.1490505042381536,0.1248482142857141,-0.0826814205556102,0.9518304431599228,0.6371123572772759,0.6342303587535038,0.6069689249972692,0.6134170738162475,0.0168113520630536,,,,,,,
2026-10-03 23:59,p0,quarterly,soft_median,total,val,391,226.0,-13.947500000000003,-0.0617146017699115,0.2710997442455243,3.786624040920717,-0.219031434451693,0.0956480927495676,-0.0704220021011278,0.7953964194373402,,,,,,,,,,,,
2026-10-03 23:59,p0,quarterly,soft_median,total,test,481,301.0,11.639999999999995,0.0386710963455149,0.2432432432432432,4.348212058212058,-0.1397271312561143,0.2445370131160572,-0.07081316747395,0.7463617463617463,,,,,,,,,,,,
2026-10-03 23:59,p0,quarterly,soft_median,total,all,872,527.0,-2.307499999999997,-0.0043785578747628,0.2557339449541284,4.096399082568808,-0.128875754147813,0.1346677689055386,-0.0706315966814908,0.768348623853211,,,,,,,,,,,,
2026-10-03 23:59,p0,quarterly,soft_max,but,val,991,566.5,-12.35,-0.0218005295675198,0.1594349142280524,6.275731584258325,-0.1751511390186915,0.1375505724434292,0.1036594444151194,0.5418768920282543,0.5600703984160571,0.5573593101274583,0.5957883291109916,0.6039338001205871,0.0120623046481951,,,,,,,
2026-10-03 23:59,p0,quarterly,soft_max,but,test,975,595.0,167.14999999999998,0.2809243697478991,0.1774358974358974,6.431794871794872,0.0458830482603013,0.5197543796316474,0.1262819427381646,0.5025641025641026,0.5621890009684072,0.5593662703245569,0.5765190061393761,0.5879524787692303,0.0157238599204343,,,,,,,
2026-10-03 23:59,p0,quarterly,soft_max,but,all,1966,1161.5,154.79999999999998,0.133275936289281,0.1683621566632757,6.353128179043743,-0.0097596756606157,0.2782158175479676,0.1144530414728527,0.5223804679552391,0.5607781750727651,0.5580297896267267,0.5894834980168244,0.5986926654904001,0.0110605858699534,,,,,,,
2026-10-03 23:59,p0,quarterly,soft_max,ast,val,444,279.5,1.0600000000000032,0.0037924865831842,0.3265765765765765,3.079211711711712,-0.1350715364775239,0.136565433915936,-0.0497422023731393,0.9481981981981982,0.6391481378420595,0.6360939279431315,0.6135072437901423,0.6175541781484223,0.0178983141721139,,,,,,,
2026-10-03 23:59,p0,quarterly,soft_max,ast,test,213,150.0,-11.150000000000002,-0.0743333333333333,0.2863849765258216,3.1117370892018776,-0.2722783773205099,0.115220997089166,-0.0654332003400953,0.971830985915493,0.633317045099653,0.6307561007899554,0.5940467994797304,0.6049387908029453,0.0203741191829667,,,,,,,
2026-10-03 23:59,p0,quarterly,soft_max,ast,all,657,429.5,-10.09,-0.0234924330616996,0.3135464231354642,3.0897564687975643,-0.1373448336785671,0.091111884068706,-0.0549142351425022,0.9558599695585996,0.6371123572772759,0.6342303587535038,0.6069689249972692,0.6134170738162475,0.0168113520630536,,,,,,,
2026-10-03 23:59,p0,quarterly,soft_max,total,val,1435,846.0,-11.29,-0.0133451536643026,0.2111498257839721,5.286703832752614,-0.1301327796070887,0.1023592888057279,0.0362459858578574,0.667595818815331,,,,,,,,,,,,
2026-10-03 23:59,p0,quarterly,soft_max,total,test,1188,745.0,156.0,0.2093959731543624,0.1969696969696969,5.836531986531987,0.0172465962860458,0.4021701229585018,0.0693450207622681,0.5867003367003367,,,,,,,,,,,,
2026-10-03 23:59,p0,quarterly,soft_max,total,all,2623,1591.0,144.70999999999998,0.0909553739786297,0.2047274113610369,5.535730080060999,-0.0189984290533723,0.2070241601512312,0.0501855794097452,0.6309569195577583,,,,,,,,,,,,
2026-10-04 00:25,p1a,quarterly,exec,but,val,13,6.5,-3.915,-0.6023076923076923,0.0769230769230769,6.1280769230769225,-1.0,-0.030625,-0.0238498619270408,0.3076923076923077,0.5581593921898048,0.5573593101274583,0.6028921876032773,0.6039338001205871,0.0147362010324169,,,,,,,
2026-10-04 00:25,p1a,quarterly,exec,but,test,11,6.0,8.758,1.4596666666666664,0.1818181818181818,6.28090909090909,-1.0,5.030461538461537,0.2166902228917727,0.5454545454545454,0.5590925928243605,0.5593662703245568,0.5883494805126195,0.5879524787692303,0.0126205587520788,,,,,,,
2026-10-04 00:25,p1a,quarterly,exec,but,all,24,12.5,4.842999999999999,0.3874399999999999,0.125,6.198125,-1.0,2.347927499999995,0.1204741889642472,0.4166666666666667,0.5584711531779293,0.5580297896267267,0.5980301422936951,0.5986926654904001,0.0122876510901725,,,,,,,
2026-10-04 00:25,p1a,quarterly,exec,ast,val,49,26.0,2.926149999999998,0.1125442307692306,0.3673469387755102,3.041763265306122,-0.3826656260869566,0.6130458749999999,-0.1236306940027284,0.979591836734694,0.6367512546462119,0.6360939279431315,0.6211640287720727,0.6175541781484223,0.019421926961205,,,,,,,
2026-10-04 00:25,p1a,quarterly,exec,ast,test,18,9.0,0.4939999999999991,0.0548888888888887,0.3333333333333333,3.0455999999999994,-0.6416681985294119,0.7019565789473681,-0.1461688823683631,0.9444444444444444,0.6309729399961644,0.6307561007899554,0.6032155888931456,0.6049387908029453,0.0173818858654336,,,,,,,
2026-10-04 00:25,p1a,quarterly,exec,ast,all,67,35.0,3.420149999999998,0.0977185714285713,0.3582089552238806,3.042794029850746,-0.3189425649151503,0.4963189932432431,-0.1295252971137405,0.9701492537313432,0.6347339002357386,0.6342303587535038,0.6152147877790954,0.6134170738162475,0.0129427123378042,,,,,,,
2026-10-04 00:25,p1a,quarterly,exec,total,val,62,32.5,-0.9888500000000008,-0.0304261538461538,0.3064516129032258,3.688893548387097,-0.4797133825757576,0.3909454166666655,-0.1159552453815216,0.8387096774193549,,,,,,,,,,,,
2026-10-04 00:25,p1a,quarterly,exec,total,test,29,15.0,9.252,0.6168,0.2758620689655172,4.272786206896551,-0.5958087037037038,2.25118448275862,-0.0515099853439798,0.7931034482758621,,,,,,,,,,,,
2026-10-04 00:25,p1a,quarterly,exec,total,all,91,47.5,8.263149999999998,0.1739610526315789,0.2967032967032967,3.874969230769231,-0.3056882707979627,0.7868808164639003,-0.0961920323033422,0.8241758241758241,,,,,,,,,,,,
2026-10-04 00:25,p1a,quarterly,soft_median,but,val,54,27.0,-8.25,-0.3055555555555556,0.1111111111111111,6.145833333333333,-0.7734525240384615,0.2642047785069726,0.0310830136931493,0.4259259259259259,0.5581593921898048,0.5573593101274583,0.6028921876032773,0.6039338001205871,0.0147362010324169,,,,,,,
2026-10-04 00:25,p1a,quarterly,soft_median,but,test,59,30.0,16.637500000000003,0.5545833333333334,0.2203389830508474,6.003813559322034,-0.1505501853813559,1.3603236607142852,0.0334501910811227,0.5084745762711864,0.5590925928243605,0.5593662703245568,0.5883494805126195,0.5879524787692303,0.0126205587520788,,,,,,,
2026-10-04 00:25,p1a,quarterly,soft_median,but,all,113,57.0,8.3875,0.1471491228070175,0.168141592920354,6.071681415929204,-0.3408315826330532,0.6850045877171513,0.0324229254221909,0.4690265486725664,0.5584711531779293,0.5580297896267267,0.5980301422936951,0.5986926654904001,0.0122876510901725,,,,,,,
2026-10-04 00:25,p1a,quarterly,soft_median,ast,val,219,119.5,27.5325,0.2303974895397489,0.410958904109589,3.0134474885844744,0.0074863653712699,0.4617803094903691,-0.0723110943718413,0.954337899543379,0.6367512546462119,0.6360939279431315,0.6211640287720727,0.6175541781484223,0.019421926961205,,,,,,,
2026-10-04 00:25,p1a,quarterly,soft_median,ast,test,74,42.0,-2.732500000000001,-0.0650595238095238,0.2837837837837837,3.0458783783783785,-0.3622076781129653,0.2029002679231335,-0.0899419519064087,0.9594594594594594,0.6309729399961644,0.6307561007899554,0.6032155888931456,0.6049387908029453,0.0173818858654336,,,,,,,
2026-10-04 00:25,p1a,quarterly,soft_median,ast,all,293,161.5,24.8,0.1535603715170278,0.378839590443686,3.0216382252559724,-0.018965074663204,0.3415895159219311,-0.0767817761038209,0.955631399317406,0.6347339002357386,0.6342303587535038,0.6152147877790954,0.6134170738162475,0.0129427123378042,,,,,,,
2026-10-04 00:25,p1a,quarterly,soft_median,total,val,273,146.5,19.2825,0.1316211604095563,0.3516483516483517,3.633040293040293,-0.0902045371968389,0.3564433588435373,-0.0620608164171224,0.8498168498168498,,,,,,,,,,,,
2026-10-04 00:25,p1a,quarterly,soft_median,total,test,133,72.0,13.905,0.193125,0.2556390977443609,4.358045112781955,-0.160313419117647,0.5958173387096771,-0.0532908203259538,0.7593984962406015,,,,,,,,,,,,
2026-10-04 00:25,p1a,quarterly,soft_median,total,all,406,218.5,33.18750000000001,0.1518878718535469,0.3201970443349753,3.870541871921183,-0.0307219141225565,0.3520801960989932,-0.0594008476327139,0.8201970443349754,,,,,,,,,,,,
2026-10-04 00:25,p1a,quarterly,soft_max,but,val,1044,566.0,34.349999999999994,0.0606890459363957,0.1685823754789272,6.297749042145594,-0.0979155589676367,0.2237940702545923,0.1264096850826345,0.5938697318007663,0.5581593921898048,0.5573593101274583,0.6028921876032773,0.6039338001205871,0.0147362010324169,,,,,,,
2026-10-04 00:25,p1a,quarterly,soft_max,but,test,710,381.5,158.475,0.415399737876802,0.1816901408450704,6.454084507042253,0.1167696288499611,0.763891391104187,0.1665357550569831,0.5619718309859155,0.5590925928243605,0.5593662703245568,0.5883494805126195,0.5879524787692303,0.0126205587520788,,,,,,,
2026-10-04 00:25,p1a,quarterly,soft_max,but,all,1754,947.5,192.825,0.203509234828496,0.1738882554161915,6.361031927023945,0.0480415251921075,0.3682082677607912,0.1421214632178308,0.5809578107183581,0.5584711531779293,0.5580297896267267,0.5980301422936951,0.5986926654904001,0.0122876510901725,,,,,,,
2026-10-04 00:25,p1a,quarterly,soft_max,ast,val,402,229.0,39.03,0.1704366812227074,0.390547263681592,3.0196517412935324,0.0028961909009812,0.3375913624777568,-0.0434519958019924,0.9477611940298508,0.6367512546462119,0.6360939279431315,0.6211640287720727,0.6175541781484223,0.019421926961205,,,,,,,
2026-10-04 00:25,p1a,quarterly,soft_max,ast,test,136,75.5,-1.5250000000000004,-0.0201986754966887,0.3161764705882353,3.0611029411764705,-0.2433397435897435,0.1795358113393996,-0.0639206949897224,0.9705882352941176,0.6309729399961644,0.6307561007899554,0.6032155888931456,0.6049387908029453,0.0173818858654336,,,,,,,
2026-10-04 00:25,p1a,quarterly,soft_max,ast,all,538,304.5,37.505,0.1231691297208538,0.3717472118959107,3.0301301115241634,-0.0104542597804991,0.2610213990092991,-0.0487187955929872,0.9535315985130112,0.6347339002357386,0.6342303587535038,0.6152147877790954,0.6134170738162475,0.0129427123378042,,,,,,,
2026-10-04 00:25,p1a,quarterly,soft_max,total,val,1446,795.0,73.38000000000001,0.0923018867924528,0.2302904564315352,5.386410788381744,-0.0264498060340904,0.2140930074729296,0.0617570373133609,0.6922544951590595,,,,,,,,,,,,
2026-10-04 00:25,p1a,quarterly,soft_max,total,test,846,457.0,156.95000000000002,0.3434354485776805,0.2033096926713948,5.908640661938533,0.085342019472889,0.6310495097507968,0.1092471460058246,0.6276595744680851,,,,,,,,,,,,
2026-10-04 00:25,p1a,quarterly,soft_max,total,all,2292,1252.0,230.33,0.1839696485623003,0.2203315881326352,5.579171029668411,0.0630532209315399,0.3145398564495145,0.0782173817753049,0.6684118673647469,,,,,,,,,,,,
2026-10-04 00:27,p1b_lgbm,quarterly,exec,but,val,7,4.0,-4.0,-1.0,0.0,5.821285714285714,-1.0,-1.0,-0.0757834445473014,0.4285714285714285,0.5571147820219834,0.5573593101274583,0.6058207885798592,0.6039338001205871,0.0116340748763887,,,,,,,
2026-10-04 00:27,p1b_lgbm,quarterly,exec,but,test,13,7.0,10.178499999999998,1.4540714285714282,0.2307692307692307,6.61253846153846,-1.0,3.665368421052632,0.4253250066216593,0.2307692307692307,0.5584735244682414,0.5593662703245568,0.5923959127355317,0.5879524787692303,0.0161998623062636,,,,,,,
2026-10-04 00:27,p1b_lgbm,quarterly,exec,but,all,20,11.0,6.1785,0.5616818181818182,0.15,6.3356,-1.0,2.450750444444441,0.1747707810371789,0.3,0.5575687067965349,0.5580297896267267,0.6009928899437849,0.5986926654904001,0.0116943834834481,,,,,,,
2026-10-04 00:27,p1b_lgbm,quarterly,exec,ast,val,88,54.5,6.639949999999997,0.1218339449541283,0.3636363636363636,2.8429659090909087,-0.2074779033613445,0.4533451559760372,-0.1314217740746706,0.9659090909090908,0.6335094881187103,0.6360939279431315,0.6235033198944477,0.6175541781484223,0.0170611901389821,,,,,,,
2026-10-04 00:27,p1b_lgbm,quarterly,exec,ast,test,17,10.5,-7.78575,-0.7415,0.1176470588235294,2.7636000000000003,-1.0,-0.3067499999999999,-0.1305564077644565,1.0,0.6310429157769295,0.6307561007899554,0.6040263678500173,0.6049387908029453,0.0273043090403943,,,,,,,
2026-10-04 00:27,p1b_lgbm,quarterly,exec,ast,all,105,65.0,-1.145800000000003,-0.0176276923076923,0.3238095238095238,2.8301161904761902,-0.321641099137931,0.2843615306987787,-0.1312775463563016,0.9714285714285714,0.6326483459182934,0.6342303587535038,0.6164597946829499,0.6134170738162475,0.0093980864700602,,,,,,,
2026-10-04 00:27,p1b_lgbm,quarterly,exec,total,val,95,58.5,2.639949999999996,0.0451273504273503,0.3368421052631579,3.062421052631579,-0.2741735924112607,0.3473382712073896,-0.129525012840783,0.9263157894736842,,,,,,,,,,,,
2026-10-04 00:27,p1b_lgbm,quarterly,exec,total,test,30,17.5,2.3927499999999977,0.1367285714285713,0.1666666666666666,4.431473333333332,-0.8211915322580645,1.4728896419637227,-0.0471741956065391,0.6666666666666666,,,,,,,,,,,,
2026-10-04 00:27,p1b_lgbm,quarterly,exec,total,all,125,76.0,5.032699999999995,0.0662197368421051,0.296,3.3909936000000003,-0.2928907723535458,0.4694016533059901,-0.1142748615011082,0.864,,,,,,,,,,,,
2026-10-04 00:27,p1b_lgbm,quarterly,soft_median,but,val,49,26.5,-12.6,-0.4754716981132075,0.1020408163265306,5.910714285714286,-0.909625,0.0300550847457623,-0.0230319596294013,0.5306122448979592,0.5571147820219834,0.5573593101274583,0.6058207885798592,0.6039338001205871,0.0116340748763887,,,,,,,
2026-10-04 00:27,p1b_lgbm,quarterly,soft_median,but,test,67,36.5,20.1625,0.5523972602739726,0.2537313432835821,6.304477611940298,-0.1219894622093022,1.408026438531028,0.0409608153191756,0.4328358208955223,0.5584735244682414,0.5593662703245568,0.5923959127355317,0.5879524787692303,0.0161998623062636,,,,,,,
2026-10-04 00:27,p1b_lgbm,quarterly,soft_median,but,all,116,63.0,7.5625,0.1200396825396825,0.1896551724137931,6.138146551724137,-0.3530054858934169,0.650976022465437,0.0107096853434846,0.4741379310344827,0.5575687067965349,0.5580297896267267,0.6009928899437849,0.5986926654904001,0.0116943834834481,,,,,,,
2026-10-04 00:27,p1b_lgbm,quarterly,soft_median,ast,val,318,206.0,33.2,0.1611650485436893,0.4150943396226415,2.820801886792453,-0.0145806891634055,0.344361204954955,-0.0746117981589121,0.9528301886792452,0.6335094881187103,0.6360939279431315,0.6235033198944477,0.6175541781484223,0.0170611901389821,,,,,,,
2026-10-04 00:27,p1b_lgbm,quarterly,soft_median,ast,test,61,42.5,-12.9675,-0.3051176470588235,0.2786885245901639,2.871147540983606,-0.5789491285403051,-0.0128401434470771,-0.0809167050511611,0.9344262295081968,0.6310429157769295,0.6307561007899554,0.6040263678500173,0.6049387908029453,0.0273043090403943,,,,,,,
2026-10-04 00:27,p1b_lgbm,quarterly,soft_median,ast,all,379,248.5,20.2325,0.0814185110663983,0.3931398416886543,2.828905013192613,-0.0732792939752328,0.2447657724319029,-0.0756100750835182,0.949868073878628,0.6326483459182934,0.6342303587535038,0.6164597946829499,0.6134170738162475,0.0093980864700602,,,,,,,
2026-10-04 00:27,p1b_lgbm,quarterly,soft_median,total,val,367,232.5,20.6,0.0886021505376344,0.3732970027247956,3.233351498637602,-0.0847949818418008,0.2659658422293942,-0.0705355799164583,0.896457765667575,,,,,,,,,,,,
2026-10-04 00:27,p1b_lgbm,quarterly,soft_median,total,test,128,79.0,7.195,0.0910759493670886,0.265625,4.66828125,-0.2571699056603774,0.5278752587991713,-0.039818471437908,0.671875,,,,,,,,,,,,
2026-10-04 00:27,p1b_lgbm,quarterly,soft_median,total,all,495,311.5,27.795,0.0892295345104333,0.3454545454545454,3.60440404040404,-0.0653811342787343,0.2613595797251505,-0.0641701068341563,0.8383838383838383,,,,,,,,,,,,
2026-10-04 00:27,p1b_lgbm,quarterly,soft_max,but,val,730,420.0,40.6,0.0966666666666666,0.1726027397260274,6.451438356164383,-0.0945287629821413,0.2979069222848982,0.1350563537852794,0.5438356164383562,0.5571147820219834,0.5573593101274583,0.6058207885798592,0.6039338001205871,0.0116340748763887,,,,,,,
2026-10-04 00:27,p1b_lgbm,quarterly,soft_max,but,test,544,310.0,171.1,0.5519354838709677,0.1838235294117647,7.069485294117648,0.1805324519230769,0.936017935735221,0.2328339897125041,0.4227941176470588,0.5584735244682414,0.5593662703245568,0.5923959127355317,0.5879524787692303,0.0161998623062636,,,,,,,
2026-10-04 00:27,p1b_lgbm,quarterly,soft_max,but,all,1274,730.0,211.7,0.29,0.1773940345368916,6.715345368916798,0.0940190966573393,0.4897354690966644,0.1709237481445484,0.4921507064364207,0.5575687067965349,0.5580297896267267,0.6009928899437849,0.5986926654904001,0.0116943834834481,,,,,,,
2026-10-04 00:27,p1b_lgbm,quarterly,soft_max,ast,val,523,353.5,43.65,0.1234794908062234,0.3996175908221797,2.8570363288718927,-0.0264177819275858,0.2707031759533695,-0.0483001092162041,0.9541108986615678,0.6335094881187103,0.6360939279431315,0.6235033198944477,0.6175541781484223,0.0170611901389821,,,,,,,
2026-10-04 00:27,p1b_lgbm,quarterly,soft_max,ast,test,102,66.5,-14.390000000000002,-0.216390977443609,0.284313725490196,2.9153921568627448,-0.4689618731869042,0.031595675234598,-0.058768661559698,0.9607843137254902,0.6310429157769295,0.6307561007899554,0.6040263678500173,0.6049387908029453,0.0273043090403943,,,,,,,
2026-10-04 00:27,p1b_lgbm,quarterly,soft_max,ast,all,625,420.0,29.26,0.0696666666666666,0.3808,2.86656,-0.0597253568340455,0.2014936020022551,-0.0500185650447843,0.9552,0.6326483459182934,0.6342303587535038,0.6164597946829499,0.6134170738162475,0.0093980864700602,,,,,,,
2026-10-04 00:27,p1b_lgbm,quarterly,soft_max,total,val,1253,773.5,84.25,0.1089204912734324,0.2673583399840383,4.951141260973664,-0.0120854464683069,0.2372166996656584,0.0329415378949442,0.7150837988826816,,,,,,,,,,,,
2026-10-04 00:27,p1b_lgbm,quarterly,soft_max,total,test,646,376.5,156.70999999999998,0.4162284196547144,0.1996904024767802,6.413575851393189,0.1041850263274134,0.7739012515262514,0.1457088073201998,0.5077399380804953,,,,,,,,,,,,
2026-10-04 00:27,p1b_lgbm,quarterly,soft_max,total,all,1899,1150.0,240.96,0.2095304347826087,0.2443391258557135,5.448630858346498,0.0758762516517689,0.344901436316972,0.0631602179370062,0.6445497630331753,,,,,,,,,,,,
2026-10-04 00:34,p1b_ens,quarterly,exec,but,val,2,1.0,-1.0,-1.0,0.0,6.768,-1.0,-1.0,-0.0999770114942529,0.5,0.556689738931933,0.5573593101274583,0.6068555524045703,0.6039338001205871,0.0119630620218741,,,,,,,
2026-10-04 00:34,p1b_ens,quarterly,exec,but,test,9,5.0,14.3875,2.8775,0.3333333333333333,7.611388888888888,-0.3994444444444445,6.477272727272728,1.5005338078291812,0.1111111111111111,0.5579015574437362,0.5593662703245568,0.5946337506309631,0.5879524787692303,0.0113497963566836,,,,,,,
2026-10-04 00:34,p1b_ens,quarterly,exec,but,all,11,6.0,13.3875,2.23125,0.2727272727272727,7.458045454545453,-1.0,5.799333333333333,0.7002783981674641,0.1818181818181818,0.5570945797803825,0.5580297896267267,0.6025706670221387,0.5986926654904001,0.0095896326330204,,,,,,,
2026-10-04 00:34,p1b_ens,quarterly,exec,ast,val,76,45.5,3.1872999999999987,0.0700505494505494,0.3684210526315789,2.849375,-0.2773351551396257,0.4304283823529405,-0.1294411405107474,0.9736842105263158,0.6332924956777954,0.6360939279431315,0.6237563644713555,0.6175541781484223,0.0246198546792975,,,,,,,
2026-10-04 00:34,p1b_ens,quarterly,exec,ast,test,12,7.5,-3.39925,-0.4532333333333333,0.1666666666666666,2.7557666666666663,-1.0,0.2862333333333334,-0.126193892591416,1.0,0.6309814943827309,0.6307561007899554,0.6035285627538958,0.6049387908029453,0.0194986924409261,,,,,,,
2026-10-04 00:34,p1b_ens,quarterly,exec,ast,all,88,53.0,-0.2119500000000016,-0.0039990566037736,0.3409090909090909,2.836610227272727,-0.3298398165137615,0.3289276995581735,-0.1289880361499104,0.9772727272727272,0.6324856672273632,0.6342303587535038,0.6164515200567446,0.6134170738162475,0.0132231063536698,,,,,,,
2026-10-04 00:34,p1b_ens,quarterly,exec,total,val,78,46.5,2.187299999999998,0.0470387096774193,0.358974358974359,2.949852564102564,-0.2806151630434783,0.4064689797083063,-0.1290482854571941,0.9615384615384616,,,,,,,,,,,,
2026-10-04 00:34,p1b_ens,quarterly,exec,total,test,21,12.5,10.98825,0.87906,0.238095238095238,4.836747619047618,-0.6497616621376812,2.9409695083013987,-0.0010609925590623,0.6190476190476191,,,,,,,,,,,,
2026-10-04 00:34,p1b_ens,quarterly,exec,total,all,99,59.0,13.175549999999994,0.2233144067796609,0.3333333333333333,3.3501030303030297,-0.2215238354700855,0.782124006410256,-0.1101410717336065,0.8888888888888888,,,,,,,,,,,,
2026-10-04 00:34,p1b_ens,quarterly,soft_median,but,val,39,20.0,7.0875,0.354375,0.2307692307692307,6.156410256410256,-0.3534589987714988,1.1049826388888884,0.014041043791394,0.5384615384615384,0.556689738931933,0.5573593101274583,0.6068555524045703,0.6039338001205871,0.0119630620218741,,,,,,,
2026-10-04 00:34,p1b_ens,quarterly,soft_median,but,test,33,17.5,9.75,0.5571428571428572,0.1515151515151515,7.225,-0.6293220766129032,2.052796052631578,0.3077960381665304,0.1515151515151515,0.5579015574437362,0.5593662703245568,0.5946337506309631,0.5879524787692303,0.0113497963566836,,,,,,,
2026-10-04 00:34,p1b_ens,quarterly,soft_median,but,all,72,37.5,16.8375,0.4489999999999999,0.1944444444444444,6.646180555555556,-0.2510166666666666,1.2668182174185465,0.0705323888635356,0.3611111111111111,0.5570945797803825,0.5580297896267267,0.6025706670221387,0.5986926654904001,0.0095896326330204,,,,,,,
2026-10-04 00:34,p1b_ens,quarterly,soft_median,ast,val,282,183.0,28.395000000000003,0.1551639344262295,0.4042553191489361,2.840531914893617,-0.0256923773770872,0.3486913546546438,-0.073489490849779,0.9609929078014184,0.6332924956777954,0.6360939279431315,0.6237563644713555,0.6175541781484223,0.0246198546792975,,,,,,,
2026-10-04 00:34,p1b_ens,quarterly,soft_median,ast,test,54,34.0,-1.5874999999999997,-0.0466911764705882,0.3333333333333333,2.820092592592592,-0.4128733368347339,0.3028219696969695,-0.0828575236768446,0.9629629629629628,0.6309814943827309,0.6307561007899554,0.6035285627538958,0.6049387908029453,0.0194986924409261,,,,,,,
2026-10-04 00:34,p1b_ens,quarterly,soft_median,ast,all,336,217.0,26.8075,0.123536866359447,0.3928571428571428,2.837247023809524,-0.0400535325106444,0.3094997696069211,-0.0749976571253437,0.9613095238095238,0.6324856672273632,0.6342303587535038,0.6164515200567446,0.6134170738162475,0.0132231063536698,,,,,,,
2026-10-04 00:34,p1b_ens,quarterly,soft_median,total,val,321,203.0,35.4825,0.1747906403940886,0.3831775700934579,3.243395638629284,-0.0083278496009311,0.357007139860591,-0.067194486646133,0.909657320872274,,,,,,,,,,,,
2026-10-04 00:34,p1b_ens,quarterly,soft_median,total,test,87,51.5,8.162500000000001,0.1584951456310679,0.264367816091954,4.490919540229887,-0.3065139705882352,0.6874145833333333,-0.0485896673747941,0.6551724137931034,,,,,,,,,,,,
2026-10-04 00:34,p1b_ens,quarterly,soft_median,total,all,408,254.5,43.645,0.1714931237721021,0.3578431372549019,3.5094117647058827,0.0010894575906042,0.3538845959743715,-0.0641558771949401,0.8553921568627451,,,,,,,,,,,,
2026-10-04 00:34,p1b_ens,quarterly,soft_max,but,val,646,363.0,28.525,0.0785812672176308,0.1594427244582043,6.698839009287926,-0.131207384408972,0.2930494445135347,0.1619219478978499,0.5154798761609907,0.556689738931933,0.5573593101274583,0.6068555524045703,0.6039338001205871,0.0119630620218741,,,,,,,
2026-10-04 00:34,p1b_ens,quarterly,soft_max,but,test,477,269.0,168.075,0.624814126394052,0.1865828092243186,7.223899371069183,0.2408727961089924,1.0637603653299523,0.2677575858797473,0.4088050314465409,0.5579015574437362,0.5593662703245568,0.5946337506309631,0.5879524787692303,0.0113497963566836,,,,,,,
2026-10-04 00:34,p1b_ens,quarterly,soft_max,but,all,1123,632.0,196.6,0.3110759493670886,0.1709706144256456,6.921861086375779,0.1075075546914445,0.5347311119519935,0.2010089732888915,0.4701691896705254,0.5570945797803825,0.5580297896267267,0.6025706670221387,0.5986926654904001,0.0095896326330204,,,,,,,
2026-10-04 00:34,p1b_ens,quarterly,soft_max,ast,val,475,322.5,49.225,0.1526356589147286,0.3936842105263158,2.866589473684211,-0.000717538736496,0.2950793961512936,-0.0466685670959429,0.9621052631578948,0.6332924956777954,0.6360939279431315,0.6237563644713555,0.6175541781484223,0.0246198546792975,,,,,,,
2026-10-04 00:34,p1b_ens,quarterly,soft_max,ast,test,81,52.5,-2.8899999999999992,-0.055047619047619,0.3209876543209876,2.902716049382716,-0.3625996212121212,0.2532076888267233,-0.0588046306360009,0.9753086419753086,0.6309814943827309,0.6307561007899554,0.6035285627538958,0.6049387908029453,0.0194986924409261,,,,,,,
2026-10-04 00:34,p1b_ens,quarterly,soft_max,ast,all,556,375.0,46.335,0.1235599999999999,0.3830935251798561,2.871852517985612,-0.0155646097897537,0.2634987935499058,-0.0484572779535261,0.9640287769784172,0.6324856672273632,0.6342303587535038,0.6164515200567446,0.6134170738162475,0.0132231063536698,,,,,,,
2026-10-04 00:34,p1b_ens,quarterly,soft_max,total,val,1121,685.5,77.75,0.1134208606856309,0.2586975914362177,5.0750044603033,-0.0045362205076979,0.236594418869848,0.0412562955533393,0.7047279214986619,,,,,,,,,,,,
2026-10-04 00:34,p1b_ens,quarterly,soft_max,total,test,558,321.5,165.185,0.5137947122861586,0.2060931899641577,6.59663082437276,0.1715284757291559,0.907263920221836,0.1736027862273965,0.4910394265232975,,,,,,,,,,,,
2026-10-04 00:34,p1b_ens,quarterly,soft_max,total,all,1679,1007.0,242.935,0.2412462760675273,0.2412150089338892,5.580702799285289,0.1019359040835389,0.3949906882676995,0.0753380046178991,0.6337105419892793,,,,,,,,,,,,
2026-10-04 00:37,p2,quarterly,exec,but,val,0,0.0,0.0,,,,,,,,0.556689738931933,0.5573593101274583,0.6068555524045703,0.6039338001205871,0.0119630620218741,,,,,,,
2026-10-04 00:37,p2,quarterly,exec,but,test,0,0.0,0.0,,,,,,,,0.5579015574437362,0.5593662703245568,0.5946337506309631,0.5879524787692303,0.0113497963566836,,,,,,,
2026-10-04 00:37,p2,quarterly,exec,but,all,0,0.0,0.0,,,,,,,,0.5570945797803825,0.5580297896267267,0.6025706670221387,0.5986926654904001,0.0095896326330204,,,,,,,
2026-10-04 00:37,p2,quarterly,exec,ast,val,94,71.0,23.3572,0.328974647887324,0.5425531914893617,2.48855,0.0687160625524328,0.588417485095613,-0.1063464017968152,1.0,0.6276762526854567,0.6300469265006733,0.6158799622781208,0.6119762656933161,0.0130658729635441,,,,,,,
2026-10-04 00:37,p2,quarterly,exec,ast,test,14,9.0,-5.13425,-0.5704722222222222,0.2142857142857142,2.470857142857142,-1.0,0.0466692647058816,-0.1045682491929779,1.0,0.623034254781234,0.6234329300823913,0.6119102197820055,0.6116792268366493,0.0163845610053359,,,,,,,
2026-10-04 00:37,p2,quarterly,exec,ast,all,108,80.0,18.22295,0.2277868749999999,0.5,2.4862564814814814,-0.0048973921000458,0.4775984588324432,-0.1061159005333548,1.0,0.626063575485429,0.6277491569960542,0.614482697777754,0.6120545160266594,0.0071698041076,,,,,,,
2026-10-04 00:37,p2,quarterly,exec,total,val,94,71.0,23.3572,0.328974647887324,0.5425531914893617,2.48855,0.0687160625524328,0.588417485095613,-0.1063464017968152,1.0,,,,,,,,,,,,
2026-10-04 00:37,p2,quarterly,exec,total,test,14,9.0,-5.13425,-0.5704722222222222,0.2142857142857142,2.470857142857142,-1.0,0.0466692647058816,-0.1045682491929779,1.0,,,,,,,,,,,,
2026-10-04 00:37,p2,quarterly,exec,total,all,108,80.0,18.22295,0.2277868749999999,0.5,2.4862564814814814,-0.0048973921000458,0.4775984588324432,-0.1061159005333548,1.0,,,,,,,,,,,,
2026-10-04 00:37,p2,quarterly,soft_median,but,val,0,0.0,0.0,,,,,,,,0.556689738931933,0.5573593101274583,0.6068555524045703,0.6039338001205871,0.0119630620218741,,,,,,,
2026-10-04 00:37,p2,quarterly,soft_median,but,test,0,0.0,0.0,,,,,,,,0.5579015574437362,0.5593662703245568,0.5946337506309631,0.5879524787692303,0.0113497963566836,,,,,,,
2026-10-04 00:37,p2,quarterly,soft_median,but,all,0,0.0,0.0,,,,,,,,0.5570945797803825,0.5580297896267267,0.6025706670221387,0.5986926654904001,0.0095896326330204,,,,,,,
2026-10-04 00:37,p2,quarterly,soft_median,ast,val,444,343.5,59.21750000000001,0.1723944687045124,0.4481981981981981,2.5788400900900896,0.0595752715338498,0.2798433849211128,-0.0597726451462496,1.0,0.6276762526854567,0.6300469265006733,0.6158799622781208,0.6119762656933161,0.0130658729635441,,,,,,,
2026-10-04 00:37,p2,quarterly,soft_median,ast,test,72,50.5,-9.95,-0.197029702970297,0.3194444444444444,2.6310416666666665,-0.4411826636904761,0.0662140012254898,-0.0687508770132794,1.0,0.623034254781234,0.6234329300823913,0.6119102197820055,0.6116792268366493,0.0163845610053359,,,,,,,
2026-10-04 00:37,p2,quarterly,soft_median,ast,all,516,394.0,49.2675,0.1250444162436548,0.4302325581395348,2.586124031007752,0.0156425631858995,0.2287507862276884,-0.0610254216858351,1.0,0.626063575485429,0.6277491569960542,0.614482697777754,0.6120545160266594,0.0071698041076,,,,,,,
2026-10-04 00:37,p2,quarterly,soft_median,total,val,444,343.5,59.21750000000001,0.1723944687045124,0.4481981981981981,2.5788400900900896,0.0595752715338498,0.2798433849211128,-0.0597726451462496,1.0,,,,,,,,,,,,
2026-10-04 00:37,p2,quarterly,soft_median,total,test,72,50.5,-9.95,-0.197029702970297,0.3194444444444444,2.6310416666666665,-0.4411826636904761,0.0662140012254898,-0.0687508770132794,1.0,,,,,,,,,,,,
2026-10-04 00:37,p2,quarterly,soft_median,total,all,516,394.0,49.2675,0.1250444162436548,0.4302325581395348,2.586124031007752,0.0156425631858995,0.2287507862276884,-0.0610254216858351,1.0,,,,,,,,,,,,
2026-10-04 00:37,p2,quarterly,soft_max,but,val,0,0.0,0.0,,,,,,,,0.556689738931933,0.5573593101274583,0.6068555524045703,0.6039338001205871,0.0119630620218741,,,,,,,
2026-10-04 00:37,p2,quarterly,soft_max,but,test,0,0.0,0.0,,,,,,,,0.5579015574437362,0.5593662703245568,0.5946337506309631,0.5879524787692303,0.0113497963566836,,,,,,,
2026-10-04 00:37,p2,quarterly,soft_max,but,all,0,0.0,0.0,,,,,,,,0.5570945797803825,0.5580297896267267,0.6025706670221387,0.5986926654904001,0.0095896326330204,,,,,,,
2026-10-04 00:37,p2,quarterly,soft_max,ast,val,771,610.0,88.32000000000001,0.1447868852459016,0.437094682230869,2.604591439688716,0.045993930218922,0.2421754012600314,-0.0367384457586693,1.0,0.6276762526854567,0.6300469265006733,0.6158799622781208,0.6119762656933161,0.0130658729635441,,,,,,,
2026-10-04 00:37,p2,quarterly,soft_max,ast,test,127,90.5,-17.26,-0.1907182320441989,0.3228346456692913,2.632598425196851,-0.3818771512681159,0.0122477597022127,-0.0417670363196361,1.0,0.623034254781234,0.6234329300823913,0.6119102197820055,0.6116792268366493,0.0163845610053359,,,,,,,
2026-10-04 00:37,p2,quarterly,soft_max,ast,all,898,700.5,71.05999999999999,0.1014418272662383,0.4209354120267261,2.608552338530066,0.0085354438680078,0.1912718228702979,-0.0374496161386724,1.0,0.626063575485429,0.6277491569960542,0.614482697777754,0.6120545160266594,0.0071698041076,,,,,,,
2026-10-04 00:37,p2,quarterly,soft_max,total,val,771,610.0,88.32000000000001,0.1447868852459016,0.437094682230869,2.604591439688716,0.045993930218922,0.2421754012600314,-0.0367384457586693,1.0,,,,,,,,,,,,
2026-10-04 00:37,p2,quarterly,soft_max,total,test,127,90.5,-17.26,-0.1907182320441989,0.3228346456692913,2.632598425196851,-0.3818771512681159,0.0122477597022127,-0.0417670363196361,1.0,,,,,,,,,,,,
2026-10-04 00:37,p2,quarterly,soft_max,total,all,898,700.5,71.05999999999999,0.1014418272662383,0.4209354120267261,2.608552338530066,0.0085354438680078,0.1912718228702979,-0.0374496161386724,1.0,,,,,,,,,,,,
2026-10-04 00:39,p2_apriori,quarterly,exec,but,val,19,14.0,5.387499999999999,0.3848214285714285,0.5263157894736842,2.967184210526316,-0.2254724137931034,1.0696976724137923,-0.0680729289892526,1.0,0.556689738931933,0.5573593101274583,0.6068555524045703,0.6039338001205871,0.0119630620218741,,,,,,,
2026-10-04 00:39,p2_apriori,quarterly,exec,but,test,13,10.0,11.690499999999998,1.16905,0.3846153846153846,4.907161538461538,-0.5594799107142857,3.6648968749999993,0.2122010505734411,0.4615384615384615,0.5579015574437362,0.5593662703245568,0.5946337506309631,0.5879524787692303,0.0113497963566836,,,,,,,
2026-10-04 00:39,p2_apriori,quarterly,exec,but,all,32,24.0,17.077999999999996,0.7115833333333331,0.46875,3.7553,-0.1204504658385093,1.8637728641456568,-0.0008071738942061,0.78125,0.5570945797803825,0.5580297896267267,0.6025706670221387,0.5986926654904001,0.0095896326330204,,,,,,,
2026-10-04 00:39,p2_apriori,quarterly,exec,ast,val,110,84.5,19.2478,0.2277846153846153,0.509090909090909,2.5038609090909087,-0.0086950552751743,0.4582976008797092,-0.1074201003138652,0.9636363636363636,0.6276762526854567,0.6300469265006733,0.6158799622781208,0.6119762656933161,0.0130658729635441,,,,,,,
2026-10-04 00:39,p2_apriori,quarterly,exec,ast,test,15,9.5,-5.63425,-0.593078947368421,0.2,2.437733333333333,-1.0,-0.04090625,-0.1040636992467794,1.0,0.623034254781234,0.6234329300823913,0.6119102197820055,0.6116792268366493,0.0163845610053359,,,,,,,
2026-10-04 00:39,p2_apriori,quarterly,exec,ast,all,125,94.0,13.613549999999996,0.1448249999999999,0.472,2.4959256,-0.0798007754567885,0.3731782673745168,-0.1070040175369537,0.968,0.626063575485429,0.6277491569960542,0.614482697777754,0.6120545160266594,0.0071698041076,,,,,,,
2026-10-04 00:39,p2_apriori,quarterly,exec,total,val,129,98.5,24.6353,0.2501045685279187,0.5116279069767442,2.572102325581396,0.023359856617647,0.4785861643518516,-0.1014393302725241,0.9689922480620154,,,,,,,,,,,,
2026-10-04 00:39,p2_apriori,quarterly,exec,total,test,28,19.5,6.056249999999999,0.310576923076923,0.2857142857142857,3.584253571428571,-0.636730702614379,1.7465195121951214,-0.0137023421552878,0.75,,,,,,,,,,,,
2026-10-04 00:39,p2_apriori,quarterly,exec,total,all,157,118.0,30.69155,0.2600978813559322,0.4713375796178344,2.752613375796178,0.0020929776041989,0.5504503990815655,-0.0888196265022367,0.929936305732484,,,,,,,,,,,,
2026-10-04 00:39,p2_apriori,quarterly,soft_median,but,val,134,86.5,8.030000000000001,0.0928323699421965,0.3432835820895522,3.473805970149254,-0.1634590616644385,0.38056731442577,-0.0102927672691243,0.9328358208955224,0.556689738931933,0.5573593101274583,0.6068555524045703,0.6039338001205871,0.0119630620218741,,,,,,,
2026-10-04 00:39,p2_apriori,quarterly,soft_median,but,test,92,53.0,19.800000000000004,0.3735849056603774,0.3043478260869565,4.215652173913044,-0.0997072365600617,0.9284257612533092,0.0278832367230428,0.7934782608695652,0.5579015574437362,0.5593662703245568,0.5946337506309631,0.5879524787692303,0.0113497963566836,,,,,,,
2026-10-04 00:39,p2_apriori,quarterly,soft_median,but,all,226,139.5,27.83,0.1994982078853046,0.3274336283185841,3.775796460176991,-0.0441617545076282,0.4788231201231779,0.0037822241017251,0.8761061946902655,0.5570945797803825,0.5580297896267267,0.6025706670221387,0.5986926654904001,0.0095896326330204,,,,,,,
2026-10-04 00:39,p2_apriori,quarterly,soft_median,ast,val,521,409.0,63.6625,0.1556540342298288,0.4472168905950096,2.596333973128599,0.0454781238752435,0.2585710935803326,-0.0591336886590714,0.9769673704414588,0.6276762526854567,0.6300469265006733,0.6158799622781208,0.6119762656933161,0.0130658729635441,,,,,,,
2026-10-04 00:39,p2_apriori,quarterly,soft_median,ast,test,83,58.5,-12.0575,-0.2061111111111111,0.3253012048192771,2.600843373493976,-0.4070928899082568,0.0161674311926604,-0.0698618732364812,1.0,0.623034254781234,0.6234329300823913,0.6119102197820055,0.6116792268366493,0.0163845610053359,,,,,,,
2026-10-04 00:39,p2_apriori,quarterly,soft_median,ast,all,604,467.5,51.605,0.1103850267379679,0.4304635761589404,2.596953642384106,0.0133728442112991,0.206095278476468,-0.0606378091319177,0.9801324503311258,0.626063575485429,0.6277491569960542,0.614482697777754,0.6120545160266594,0.0071698041076,,,,,,,
2026-10-04 00:39,p2_apriori,quarterly,soft_median,total,val,655,495.5,71.6925,0.1446871846619576,0.4259541984732824,2.7758473282442746,0.0415882780048113,0.2430254361402961,-0.0495041694575834,0.96793893129771,,,,,,,,,,,,
2026-10-04 00:39,p2_apriori,quarterly,soft_median,total,test,175,111.5,7.7425,0.069439461883408,0.3142857142857143,3.4497714285714287,-0.179580757484226,0.3689686170212765,-0.0241221743451654,0.8914285714285715,,,,,,,,,,,,
2026-10-04 00:39,p2_apriori,quarterly,soft_median,total,all,830,607.0,79.435,0.1308649093904448,0.4024096385542168,2.917939759036145,0.038155306372966,0.226725006308937,-0.0444920286505743,0.9518072289156626,,,,,,,,,,,,
2026-10-04 00:39,p2_apriori,quarterly,soft_max,but,val,1275,748.0,77.65499999999999,0.103816844919786,0.2533333333333333,4.693003921568628,-0.0176576379949556,0.2293961113749283,0.0804507103202878,0.8470588235294118,0.556689738931933,0.5573593101274583,0.6068555524045703,0.6039338001205871,0.0119630620218741,,,,,,,
2026-10-04 00:39,p2_apriori,quarterly,soft_max,but,test,1058,571.5,15.080000000000004,0.0263867016622922,0.2344045368620037,4.745340264650284,-0.1072278936877076,0.1699246986270788,0.0861377913231698,0.8232514177693762,0.5579015574437362,0.5593662703245568,0.5946337506309631,0.5879524787692303,0.0113497963566836,,,,,,,
2026-10-04 00:39,p2_apriori,quarterly,soft_max,but,all,2333,1319.5,92.735,0.0702804092459264,0.2447492498928418,4.716738105443635,-0.0167373673384569,0.1637298887819963,0.0829896378208056,0.836262323189027,0.5570945797803825,0.5580297896267267,0.6025706670221387,0.5986926654904001,0.0095896326330204,,,,,,,
2026-10-04 00:39,p2_apriori,quarterly,soft_max,ast,val,693,573.5,73.155,0.1275588491717524,0.4343434343434343,2.666839826839827,0.0266069051205732,0.2251197802468094,-0.0348012193667868,0.974025974025974,0.6276762526854567,0.6300469265006733,0.6158799622781208,0.6119762656933161,0.0130658729635441,,,,,,,
2026-10-04 00:39,p2_apriori,quarterly,soft_max,ast,test,140,100.0,-12.635000000000002,-0.12635,0.3357142857142857,2.7192857142857148,-0.3041687598116169,0.0744121088861076,-0.0409791026076717,0.9928571428571428,0.623034254781234,0.6234329300823913,0.6119102197820055,0.6116792268366493,0.0163845610053359,,,,,,,
2026-10-04 00:39,p2_apriori,quarterly,soft_max,ast,all,833,673.5,60.52,0.0898589458054936,0.4177671068427371,2.6756542617046817,-0.0033033616039809,0.1774875102934133,-0.0358561650307709,0.9771908763505402,0.626063575485429,0.6277491569960542,0.614482697777754,0.6120545160266594,0.0071698041076,,,,,,,
2026-10-04 00:39,p2_apriori,quarterly,soft_max,total,val,1968,1321.5,150.81,0.1141203178206583,0.3170731707317073,3.9795223577235777,0.0328562110557821,0.1922935194693718,0.0361230450560283,0.8917682926829268,,,,,,,,,,,,
2026-10-04 00:39,p2_apriori,quarterly,soft_max,total,test,1198,671.5,2.4450000000000074,0.0036411020104244,0.2462437395659432,4.508572621035059,-0.1126216938108289,0.1255933031562485,0.0686434861188263,0.8430717863105175,,,,,,,,,,,,
2026-10-04 00:39,p2_apriori,quarterly,soft_max,total,all,3166,1993.0,153.255,0.0768966382338183,0.2902716361339229,4.1797125710675935,0.0055532528103628,0.1492356336757815,0.0480021211766163,0.8733417561591914,,,,,,,,,,,,
2026-10-04 00:39,p2_model,quarterly,exec,but,val,95,75.0,4.246699999999995,0.0566226666666666,0.3894736842105263,2.819653684210526,-0.2213625792919992,0.3711592563718133,-0.1158306927370734,1.0,0.556689738931933,0.5573593101274583,0.6068555524045703,0.6039338001205871,0.0119630620218741,,,,,,,
2026-10-04 00:39,p2_model,quarterly,exec,but,test,48,31.5,18.1508,0.576215873015873,0.4166666666666667,3.6754979166666666,-0.0900713210227273,1.5259160496089927,-0.0669957058738911,0.8541666666666666,0.5579015574437362,0.5593662703245568,0.5946337506309631,0.5879524787692303,0.0113497963566836,,,,,,,
2026-10-04 00:39,p2_model,quarterly,exec,but,all,143,106.5,22.3975,0.2103051643192487,0.3986013986013986,3.106930069930069,-0.0768108790983607,0.5557400986347166,-0.101108380520967,0.951048951048951,0.5570945797803825,0.5580297896267267,0.6025706670221387,0.5986926654904001,0.0095896326330204,,,,,,,
2026-10-04 00:39,p2_model,quarterly,exec,ast,val,257,216.5,28.193749999999987,0.1302251732101616,0.4591439688715953,2.500125680933852,-0.0177368485000617,0.27113284373135,-0.1205144529372191,0.9844357976653696,0.6276762526854567,0.6300469265006733,0.6158799622781208,0.6119762656933161,0.0130658729635441,,,,,,,
2026-10-04 00:39,p2_model,quarterly,exec,ast,test,39,29.5,-7.539250000000002,-0.2555677966101695,0.3076923076923077,2.567043589743589,-0.5704013068181818,0.1169455019556709,-0.1212842434126948,1.0,0.623034254781234,0.6234329300823913,0.6119102197820055,0.6116792268366493,0.0163845610053359,,,,,,,
2026-10-04 00:39,p2_model,quarterly,exec,ast,all,296,246.0,20.654499999999988,0.083961382113821,0.4391891891891892,2.5089425675675674,-0.0526411506523662,0.2159548731614454,-0.1206172674185326,0.9864864864864864,0.626063575485429,0.6277491569960542,0.614482697777754,0.6120545160266594,0.0071698041076,,,,,,,
2026-10-04 00:39,p2_model,quarterly,exec,total,val,352,291.5,32.44044999999998,0.1112879931389364,0.4403409090909091,2.586361931818182,-0.0167651866749175,0.239926156078237,-0.1192358402389035,0.9886363636363636,,,,,,,,,,,,
2026-10-04 00:39,p2_model,quarterly,exec,total,test,87,61.0,10.611549999999996,0.1739598360655737,0.367816091954023,3.17860459770115,-0.2133309623752611,0.7226601465837016,-0.0934613679240579,0.9195402298850576,,,,,,,,,,,,
2026-10-04 00:39,p2_model,quarterly,exec,total,all,439,352.5,43.05199999999999,0.1221333333333332,0.4259681093394077,2.703731207289294,-0.01255678865992,0.2588562949244534,-0.1144181818622968,0.9749430523917996,,,,,,,,,,,,
2026-10-04 00:39,p2_model,quarterly,soft_median,but,val,335,241.0,22.572500000000005,0.0936618257261411,0.3552238805970149,3.2013134328358213,-0.0725422441364605,0.2595503696156943,-0.0720763370758153,0.9761194029850746,0.556689738931933,0.5573593101274583,0.6068555524045703,0.6039338001205871,0.0119630620218741,,,,,,,
2026-10-04 00:39,p2_model,quarterly,soft_median,but,test,251,149.5,27.4675,0.1837290969899665,0.3187250996015936,3.766573705179282,-0.0514003787878787,0.4501023223955645,-0.0464834304862604,0.9243027888446216,0.5579015574437362,0.5593662703245568,0.5946337506309631,0.5879524787692303,0.0113497963566836,,,,,,,
2026-10-04 00:39,p2_model,quarterly,soft_median,but,all,586,390.5,50.040000000000006,0.1281434058898848,0.3395904436860068,3.4434300341296926,-0.0109327970560888,0.2738324537595496,-0.061454594090526,0.953924914675768,0.5570945797803825,0.5580297896267267,0.6025706670221387,0.5986926654904001,0.0095896326330204,,,,,,,
2026-10-04 00:39,p2_model,quarterly,soft_median,ast,val,764,676.0,69.66500000000002,0.1030547337278106,0.4267015706806282,2.5776832460732986,0.0113367338179793,0.193417799925189,-0.0684488240780557,0.9842931937172776,0.6276762526854567,0.6300469265006733,0.6158799622781208,0.6119762656933161,0.0130658729635441,,,,,,,
2026-10-04 00:39,p2_model,quarterly,soft_median,ast,test,158,129.0,-16.584999999999997,-0.1285658914728682,0.379746835443038,2.628892405063292,-0.3022478649604777,0.034971566601847,-0.0745273605566956,1.0,0.623034254781234,0.6234329300823913,0.6119102197820055,0.6116792268366493,0.0163845610053359,,,,,,,
2026-10-04 00:39,p2_model,quarterly,soft_median,ast,all,922,805.0,53.08000000000001,0.0659378881987577,0.4186550976138828,2.586458785249458,-0.0206122381269595,0.146941443412762,-0.0695042183237975,0.9869848156182212,0.626063575485429,0.6277491569960542,0.614482697777754,0.6120545160266594,0.0071698041076,,,,,,,
2026-10-04 00:39,p2_model,quarterly,soft_median,total,val,1099,917.0,92.23750000000004,0.1005861504907306,0.4049135577797998,2.7677797998180163,0.018573171300777,0.1780835948432602,-0.0695481723174138,0.9818016378525932,,,,,,,,,,,,
2026-10-04 00:39,p2_model,quarterly,soft_median,total,test,409,278.5,10.8825,0.0390754039497307,0.3422982885085575,3.327078239608801,-0.1144802298090372,0.2018443692934217,-0.0578448175404367,0.9535452322738386,,,,,,,,,,,,
2026-10-04 00:39,p2_model,quarterly,soft_median,total,all,1508,1195.5,103.12,0.0862567963195315,0.3879310344827586,2.919472811671088,0.0139079165517974,0.1577548223637115,-0.0664410869783933,0.9741379310344828,,,,,,,,,,,,
2026-10-04 00:39,p2_model,quarterly,soft_max,but,val,1375,949.5,87.34500000000001,0.0919905213270142,0.2690909090909091,4.377723636363636,-0.0038646559703795,0.1908327518151814,0.0361138675951894,0.8734545454545455,0.556689738931933,0.5573593101274583,0.6068555524045703,0.6039338001205871,0.0119630620218741,,,,,,,
2026-10-04 00:39,p2_model,quarterly,soft_max,but,test,1051,635.0,62.42500000000001,0.0983070866141732,0.2568981921979067,4.659153187440533,-0.0249635256513999,0.2209133312444046,0.0550086113658172,0.829686013320647,0.5579015574437362,0.5593662703245568,0.5946337506309631,0.5879524787692303,0.0113497963566836,,,,,,,
2026-10-04 00:39,p2_model,quarterly,soft_max,but,all,2426,1584.5,149.77,0.0945219312085831,0.2638087386644682,4.499645507007419,0.0197336050358357,0.1676379453099205,0.0440618736578944,0.8544929925803793,0.5570945797803825,0.5580297896267267,0.6025706670221387,0.5986926654904001,0.0095896326330204,,,,,,,
2026-10-04 00:39,p2_model,quarterly,soft_max,ast,val,673,657.0,86.96999999999998,0.1323744292237442,0.4309063893016345,2.669227340267459,0.0347785241074714,0.2314469483721741,-0.0411649794673218,0.976225854383358,0.6276762526854567,0.6300469265006733,0.6158799622781208,0.6119762656933161,0.0130658729635441,,,,,,,
2026-10-04 00:39,p2_model,quarterly,soft_max,ast,test,178,152.0,-17.89,-0.1176973684210526,0.348314606741573,2.721179775280899,-0.3069354182879378,0.0711601241789818,-0.051010194018519,0.99438202247191,0.623034254781234,0.6234329300823913,0.6119102197820055,0.6116792268366493,0.0163845610053359,,,,,,,
2026-10-04 00:39,p2_model,quarterly,soft_max,ast,all,851,809.0,69.08000000000001,0.085389369592089,0.4136310223266745,2.680094007050529,-0.0089276946859471,0.1763830523297254,-0.0432544314763888,0.9800235017626322,0.626063575485429,0.6277491569960542,0.614482697777754,0.6120545160266594,0.0071698041076,,,,,,,
2026-10-04 00:39,p2_model,quarterly,soft_max,total,val,2048,1606.5,174.315,0.1085060690943043,0.322265625,3.8162890625,0.0350638789095304,0.1787249446617755,0.0087876014379935,0.9072265625,,,,,,,,,,,,
2026-10-04 00:39,p2_model,quarterly,soft_max,total,test,1229,787.0,44.535,0.0565883100381194,0.2701383238405207,4.378470301057771,-0.0539558130056326,0.1666548947052592,0.0371198329549235,0.853539462978031,,,,,,,,,,,,
2026-10-04 00:39,p2_model,quarterly,soft_max,total,all,3277,2393.5,218.85,0.0914351368289116,0.3027158986878242,4.027128471162649,0.0308290185790185,0.1523531656493769,0.0190113753840752,0.8870918523039365,,,,,,,,,,,,
2026-10-04 01:04,x_ev3,quarterly,exec,but,val,30,19.5,5.362999999999998,0.2750256410256409,0.4666666666666667,2.7813033333333337,-0.2180511627906977,0.7964158854166659,-0.0875498434288926,0.9666666666666668,0.556689738931933,0.5573593101274583,0.6068555524045703,0.6039338001205871,0.0119630620218741,,,,,,,
2026-10-04 01:04,x_ev3,quarterly,exec,but,test,15,11.0,10.690499999999998,0.9718636363636364,0.3333333333333333,4.5402,-0.5635714285714286,3.2607262499999985,0.1375996218575912,0.5333333333333333,0.5579015574437362,0.5593662703245568,0.5946337506309631,0.5879524787692303,0.0113497963566836,,,,,,,
2026-10-04 01:04,x_ev3,quarterly,exec,but,all,45,30.5,16.053499999999996,0.5263442622950818,0.4222222222222222,3.367602222222223,-0.1267904399671053,1.461402589285714,-0.0388688779615447,0.8222222222222222,0.5570945797803825,0.5580297896267267,0.6025706670221387,0.5986926654904001,0.0095896326330204,,,,,,,
2026-10-04 01:04,x_ev3,quarterly,exec,ast,val,173,118.0,21.4725,0.1819703389830508,0.4971098265895953,2.425036994219653,-0.0076673941575637,0.3654726334951455,-0.1095148139574619,0.9710982658959536,0.6276762526854567,0.6300469265006733,0.6158799622781208,0.6119762656933161,0.0130658729635441,,,,,,,
2026-10-04 01:04,x_ev3,quarterly,exec,ast,test,22,13.0,-4.258000000000001,-0.3275384615384616,0.3181818181818182,2.4303272727272724,-0.7253141412466844,0.1575428571428561,-0.1098032489295606,1.0,0.623034254781234,0.6234329300823913,0.6119102197820055,0.6116792268366493,0.0163845610053359,,,,,,,
2026-10-04 01:04,x_ev3,quarterly,exec,ast,all,195,131.0,17.214499999999997,0.1314083969465648,0.4769230769230769,2.425633846153846,-0.038608016113642,0.3083795439560436,-0.1095482116910733,0.9743589743589745,0.626063575485429,0.6277491569960542,0.614482697777754,0.6120545160266594,0.0071698041076,,,,,,,
2026-10-04 01:04,x_ev3,quarterly,exec,total,val,203,137.5,26.83549999999999,0.1951672727272726,0.4926108374384236,2.477687192118226,0.0197711426665119,0.3752986739130434,-0.1062813918999568,0.9704433497536946,,,,,,,,,,,,
2026-10-04 01:04,x_ev3,quarterly,exec,total,test,37,24.0,6.432499999999999,0.2680208333333333,0.3243243243243243,3.2856810810810804,-0.5093621794871794,1.4104918976244334,-0.0438291500529867,0.8108108108108109,,,,,,,,,,,,
2026-10-04 01:04,x_ev3,quarterly,exec,total,all,240,161.5,33.267999999999994,0.2059938080495355,0.4666666666666667,2.6022529166666666,0.0018694538834951,0.4260502291881663,-0.0980277916558638,0.9458333333333332,,,,,,,,,,,,
2026-10-04 01:04,x_ev3,quarterly,soft_median,but,val,164,101.5,5.042500000000001,0.049679802955665,0.3353658536585366,3.304939024390244,-0.2032820149253731,0.3377727737291147,-0.020974663766298,0.9390243902439024,0.556689738931933,0.5573593101274583,0.6068555524045703,0.6039338001205871,0.0119630620218741,,,,,,,
2026-10-04 01:04,x_ev3,quarterly,soft_median,but,test,105,59.5,16.9475,0.2848319327731092,0.2952380952380952,4.02347619047619,-0.130221862001468,0.8037157485875704,0.017543054358192,0.819047619047619,0.5579015574437362,0.5593662703245568,0.5946337506309631,0.5879524787692303,0.0113497963566836,,,,,,,
2026-10-04 01:04,x_ev3,quarterly,soft_median,but,all,269,161.0,21.99,0.136583850931677,0.3197026022304832,3.5854089219330856,-0.105870580754557,0.4019062200383508,-0.0071724814383557,0.8921933085501859,0.5570945797803825,0.5580297896267267,0.6025706670221387,0.5986926654904001,0.0095896326330204,,,,,,,
2026-10-04 01:04,x_ev3,quarterly,soft_median,ast,val,737,525.0,60.245000000000005,0.1147523809523809,0.4436906377204884,2.5260515603799187,0.0198167862573223,0.2098207435232451,-0.0611646903543577,0.9742198100407056,0.6276762526854567,0.6300469265006733,0.6158799622781208,0.6119762656933161,0.0130658729635441,,,,,,,
2026-10-04 01:04,x_ev3,quarterly,soft_median,ast,test,129,82.0,-5.6525,-0.0689329268292682,0.4186046511627907,2.5010852713178293,-0.2543471889952153,0.1191837574850298,-0.0668182113332773,0.992248062015504,0.623034254781234,0.6234329300823913,0.6119102197820055,0.6116792268366493,0.0163845610053359,,,,,,,
2026-10-04 01:04,x_ev3,quarterly,soft_median,ast,all,866,607.0,54.5925,0.0899382207578253,0.4399538106235566,2.5223325635103926,0.0053211791224175,0.1752944664751556,-0.062020069414998,0.976905311778291,0.626063575485429,0.6277491569960542,0.614482697777754,0.6120545160266594,0.0071698041076,,,,,,,
2026-10-04 01:04,x_ev3,quarterly,soft_median,total,val,901,626.5,65.28750000000001,0.1042098962490024,0.4239733629300777,2.667824639289678,0.0151364407475478,0.185654777621977,-0.0540669104294022,0.9678135405105438,,,,,,,,,,,,
2026-10-04 01:04,x_ev3,quarterly,soft_median,total,test,234,141.5,11.294999999999993,0.0798233215547702,0.3632478632478632,3.184209401709402,-0.1405851137329932,0.3458100306848716,-0.0329160204479205,0.9145299145299144,,,,,,,,,,,,
2026-10-04 01:04,x_ev3,quarterly,soft_median,total,all,1135,768.0,76.58250000000001,0.099716796875,0.411453744493392,2.774286343612335,0.0148731291841719,0.1837612027039326,-0.049899055497508,0.9568281938325992,,,,,,,,,,,,
2026-10-04 01:04,x_ev3,quarterly,soft_max,but,val,1341,781.0,85.41999999999999,0.1093725992317541,0.2624906785980611,4.604071588366891,-0.0046515911623395,0.2251982354118483,0.0751949488830027,0.8516032811334825,0.556689738931933,0.5573593101274583,0.6068555524045703,0.6039338001205871,0.0119630620218741,,,,,,,
2026-10-04 01:04,x_ev3,quarterly,soft_max,but,test,1081,583.5,16.779999999999994,0.0287574978577549,0.2377428307123034,4.70413506012951,-0.0962604544971346,0.1640445798283805,0.0844134307310791,0.8233117483811286,0.5579015574437362,0.5593662703245568,0.5946337506309631,0.5879524787692303,0.0113497963566836,,,,,,,
2026-10-04 01:04,x_ev3,quarterly,soft_max,but,all,2422,1364.5,102.2,0.074899230487358,0.2514450867052023,4.64873245251858,-0.0121893399822734,0.1646684689566684,0.0792325713459889,0.8389760528488852,0.5570945797803825,0.5580297896267267,0.6025706670221387,0.5986926654904001,0.0095896326330204,,,,,,,
2026-10-04 01:04,x_ev3,quarterly,soft_max,ast,val,842,649.5,79.51999999999998,0.1224326404926866,0.4382422802850356,2.6207244655581947,0.0321807164480647,0.214042028142381,-0.0386364383918137,0.973871733966746,0.6276762526854567,0.6300469265006733,0.6158799622781208,0.6119762656933161,0.0130658729635441,,,,,,,
2026-10-04 01:04,x_ev3,quarterly,soft_max,ast,test,194,127.0,-10.89,-0.085748031496063,0.3711340206185567,2.645309278350515,-0.2543645547357585,0.0833216605650229,-0.0433307817702678,0.9845360824742267,0.623034254781234,0.6234329300823913,0.6119102197820055,0.6116792268366493,0.0163845610053359,,,,,,,
2026-10-04 01:04,x_ev3,quarterly,soft_max,ast,all,1036,776.5,68.63,0.0883837733419188,0.4256756756756756,2.6253281853281853,0.0034029102660507,0.1713055537789147,-0.0395233024722141,0.975868725868726,0.626063575485429,0.6277491569960542,0.614482697777754,0.6120545160266594,0.0071698041076,,,,,,,
2026-10-04 01:04,x_ev3,quarterly,soft_max,total,val,2183,1430.5,164.94,0.115302341838518,0.3302794319743472,3.839079248740265,0.0391911265542888,0.1934544866222199,0.0276201590943434,0.8987631699496106,,,,,,,,,,,,
2026-10-04 01:04,x_ev3,quarterly,soft_max,total,test,1275,710.5,5.889999999999986,0.0082899366643208,0.2580392156862745,4.390870588235294,-0.1006306553096777,0.1224107953553758,0.0618425291697865,0.847843137254902,,,,,,,,,,,,
2026-10-04 01:04,x_ev3,quarterly,soft_max,total,all,3458,2141.0,170.83000000000004,0.0797898178421298,0.3036437246963562,4.042530364372469,0.0146547581573008,0.1459206803185715,0.039777366472442,0.8799884326200116,,,,,,,,,,,,
2026-10-04 01:05,x_ev4,quarterly,exec,but,val,24,16.5,6.177499999999998,0.3743939393939393,0.5,2.8891291666666667,-0.1569450969827586,0.9802702272727272,-0.0790802884526204,0.9583333333333334,0.556689738931933,0.5573593101274583,0.6068555524045703,0.6039338001205871,0.0119630620218741,,,,,,,
2026-10-04 01:05,x_ev4,quarterly,exec,but,test,14,10.5,11.190499999999998,1.065761904761905,0.3571428571428571,4.731221428571429,-0.5170097222222223,3.5233023809523805,0.1703988802895007,0.5,0.5579015574437362,0.5593662703245568,0.5946337506309631,0.5879524787692303,0.0113497963566836,,,,,,,
2026-10-04 01:05,x_ev4,quarterly,exec,but,all,38,27.0,17.368,0.6432592592592592,0.4473684210526316,3.567794736842105,-0.0701427218344965,1.6254318121693112,-0.0208684824127921,0.7894736842105263,0.5570945797803825,0.5580297896267267,0.6025706670221387,0.5986926654904001,0.0095896326330204,,,,,,,
2026-10-04 01:05,x_ev4,quarterly,exec,ast,val,133,97.5,19.81435,0.2032241025641025,0.4962406015037593,2.481423308270677,-0.0104305342771437,0.4043726338039397,-0.1067630397176808,0.962406015037594,0.6276762526854567,0.6300469265006733,0.6158799622781208,0.6119762656933161,0.0130658729635441,,,,,,,
2026-10-04 01:05,x_ev4,quarterly,exec,ast,test,19,11.5,-4.074000000000001,-0.3542608695652174,0.3157894736842105,2.4355894736842107,-0.7533758928571428,0.1433582291666661,-0.1060900996442357,1.0,0.623034254781234,0.6234329300823913,0.6119102197820055,0.6116792268366493,0.0163845610053359,,,,,,,
2026-10-04 01:05,x_ev4,quarterly,exec,ast,all,152,109.0,15.74034999999999,0.1444068807339448,0.4736842105263157,2.4756940789473685,-0.0556095673076923,0.3498337162731424,-0.1066760610687321,0.9671052631578948,0.626063575485429,0.6277491569960542,0.614482697777754,0.6120545160266594,0.0071698041076,,,,,,,
2026-10-04 01:05,x_ev4,quarterly,exec,total,val,157,114.0,25.991849999999992,0.2279986842105262,0.4968152866242038,2.543747770700637,0.0383067008050089,0.4225765400022253,-0.10254646171042,0.961783439490446,,,,,,,,,,,,
2026-10-04 01:05,x_ev4,quarterly,exec,total,test,33,22.0,7.116499999999999,0.3234772727272726,0.3333333333333333,3.4094939393939394,-0.5076398067632851,1.6058063808139529,-0.0316507588928451,0.7878787878787878,,,,,,,,,,,,
2026-10-04 01:05,x_ev4,quarterly,exec,total,all,190,136.0,33.10834999999999,0.2434437499999999,0.4684210526315789,2.694114210526316,0.016174203328595,0.5063134128329295,-0.0921324036694203,0.9315789473684212,,,,,,,,,,,,
2026-10-04 01:05,x_ev4,quarterly,soft_median,but,val,150,94.5,7.404999999999999,0.0783597883597883,0.34,3.387233333333333,-0.181708118556701,0.3757004662326195,-0.0151860406581364,0.9333333333333332,0.556689738931933,0.5573593101274583,0.6068555524045703,0.6039338001205871,0.0119630620218741,,,,,,,
2026-10-04 01:05,x_ev4,quarterly,soft_median,but,test,100,57.0,17.425000000000004,0.305701754385965,0.29,4.10895,-0.1153978152654867,0.8358944978632473,0.0231632269871039,0.81,0.5579015574437362,0.5593662703245568,0.5946337506309631,0.5879524787692303,0.0113497963566836,,,,,,,
2026-10-04 01:05,x_ev4,quarterly,soft_median,but,all,250,151.5,24.83,0.1638943894389438,0.32,3.67592,-0.0653674953646114,0.44122729964469,-0.001130426724813,0.884,0.5570945797803825,0.5580297896267267,0.6025706670221387,0.5986926654904001,0.0095896326330204,,,,,,,
2026-10-04 01:05,x_ev4,quarterly,soft_median,ast,val,634,469.5,66.47750000000002,0.1415921192758253,0.4511041009463722,2.5615299684542587,0.0388225300442042,0.2363234631985771,-0.0604158151389413,0.9779179810725552,0.6276762526854567,0.6300469265006733,0.6158799622781208,0.6119762656933161,0.0130658729635441,,,,,,,
2026-10-04 01:05,x_ev4,quarterly,soft_median,ast,test,105,70.0,-10.915,-0.1559285714285714,0.3619047619047619,2.5483333333333333,-0.3565812678247342,0.0667521360759493,-0.0683418132439907,1.0,0.623034254781234,0.6234329300823913,0.6119102197820055,0.6116792268366493,0.0163845610053359,,,,,,,
2026-10-04 01:05,x_ev4,quarterly,soft_median,ast,all,739,539.5,55.5625,0.1029888785912882,0.4384303112313937,2.559654939106901,0.0093858933787731,0.1948178251121076,-0.061563718312776,0.9810554803788905,0.626063575485429,0.6277491569960542,0.614482697777754,0.6120545160266594,0.0071698041076,,,,,,,
2026-10-04 01:05,x_ev4,quarterly,soft_median,total,val,784,564.0,73.88250000000001,0.1309973404255319,0.4298469387755102,2.7195089285714285,0.0322991210353945,0.2250165716229274,-0.0520840145766878,0.9693877551020408,,,,,,,,,,,,
2026-10-04 01:05,x_ev4,quarterly,soft_median,total,test,205,127.0,6.51,0.051259842519685,0.3268292682926829,3.309609756097561,-0.1852581371694275,0.3525326948864645,-0.0284928441110946,0.9073170731707316,,,,,,,,,,,,
2026-10-04 01:05,x_ev4,quarterly,soft_median,total,all,989,691.0,80.39250000000001,0.1163422575976845,0.4084934277047523,2.841825075834176,0.0264917281480782,0.2103397032699879,-0.0474455814830299,0.9565217391304348,,,,,,,,,,,,
2026-10-04 01:05,x_ev4,quarterly,soft_max,but,val,1327,774.0,85.405,0.1103423772609819,0.2607385079125848,4.624212509419744,-0.0049812655666251,0.2287030037697733,0.0765272613994116,0.8515448379804069,0.556689738931933,0.5573593101274583,0.6068555524045703,0.6039338001205871,0.0119630620218741,,,,,,,
2026-10-04 01:05,x_ev4,quarterly,soft_max,but,test,1078,582.0,15.779999999999994,0.0271134020618556,0.2365491651205936,4.712495361781076,-0.0998970968105599,0.1641569452189343,0.0848258106056838,0.8246753246753247,0.5579015574437362,0.5593662703245568,0.5946337506309631,0.5879524787692303,0.0113497963566836,,,,,,,
2026-10-04 01:05,x_ev4,quarterly,soft_max,but,all,2405,1356.0,101.18499999999996,0.0746202064896755,0.2498960498960499,4.663783783783784,-0.0140424761789742,0.165662760356293,0.0801812535957345,0.8395010395010395,0.5570945797803825,0.5580297896267267,0.6025706670221387,0.5986926654904001,0.0095896326330204,,,,,,,
2026-10-04 01:05,x_ev4,quarterly,soft_max,ast,val,765,610.5,74.97,0.1228009828009828,0.4366013071895425,2.642366013071895,0.0243337935971663,0.2177795380684213,-0.0365076079110783,0.9751633986928104,0.6276762526854567,0.6300469265006733,0.6158799622781208,0.6119762656933161,0.0130658729635441,,,,,,,
2026-10-04 01:05,x_ev4,quarterly,soft_max,ast,test,167,113.5,-8.670000000000003,-0.0763876651982379,0.3652694610778443,2.6970658682634734,-0.2513397065947722,0.1165621337939949,-0.0438673508231126,0.994011976047904,0.623034254781234,0.6234329300823913,0.6119102197820055,0.6116792268366493,0.0163845610053359,,,,,,,
2026-10-04 01:05,x_ev4,quarterly,soft_max,ast,all,932,724.0,66.3,0.0915745856353591,0.4238197424892704,2.6521673819742486,0.0028431488203266,0.179593570453279,-0.0378472102393652,0.9785407725321889,0.626063575485429,0.6277491569960542,0.614482697777754,0.6120545160266594,0.0071698041076,,,,,,,
2026-10-04 01:05,x_ev4,quarterly,soft_max,total,val,2092,1384.5,160.375,0.1158360418923799,0.3250478011472275,3.899493307839388,0.0351467267102237,0.1982665873215349,0.031578427441189,0.8967495219885278,,,,,,,,,,,,
2026-10-04 01:05,x_ev4,quarterly,soft_max,total,test,1245,695.5,7.109999999999999,0.0102228612508986,0.2538152610441767,4.442152610441768,-0.1025016658918332,0.1269090433020843,0.0645764600870295,0.8473895582329317,,,,,,,,,,,,
2026-10-04 01:05,x_ev4,quarterly,soft_max,total,all,3337,2080.0,167.485,0.0805216346153846,0.2984716811507342,4.10195385076416,0.0132816844963222,0.1482497608463226,0.0434559178681292,0.8783338327839376,,,,,,,,,,,,
2026-10-04 01:06,x_ev8,quarterly,exec,but,val,6,5.0,5.9275,1.1855,0.8333333333333334,3.1176666666666666,0.1561999999999999,2.3437142857142854,-0.0496663285985438,1.0,0.556689738931933,0.5573593101274583,0.6068555524045703,0.6039338001205871,0.0119630620218741,,,,,,,
2026-10-04 01:06,x_ev8,quarterly,exec,but,test,8,7.5,9.842999999999998,1.3123999999999998,0.375,4.927949999999999,-0.765,4.929230769230768,0.3161837640847812,0.5,0.5579015574437362,0.5593662703245568,0.5946337506309631,0.5879524787692303,0.0113497963566836,,,,,,,
2026-10-04 01:06,x_ev8,quarterly,exec,but,all,14,12.5,15.770499999999997,1.2616399999999997,0.5714285714285714,4.152114285714285,-0.1326482323232324,3.3630458603896067,0.0966737084747862,0.7142857142857143,0.5570945797803825,0.5580297896267267,0.6025706670221387,0.5986926654904001,0.0095896326330204,,,,,,,
2026-10-04 01:06,x_ev8,quarterly,exec,ast,val,47,47.0,15.27265,0.3249499999999999,0.5531914893617021,2.4696,-0.0083644817073171,0.6323338405797101,-0.1005286474598577,0.9574468085106383,0.6276762526854567,0.6300469265006733,0.6158799622781208,0.6119762656933161,0.0130658729635441,,,,,,,
2026-10-04 01:06,x_ev8,quarterly,exec,ast,test,6,4.5,-3.1135,-0.6918888888888889,0.1666666666666666,2.4667166666666667,-1.0,0.0435888392856941,-0.0963588324015351,1.0,0.623034254781234,0.6234329300823913,0.6119102197820055,0.6116792268366493,0.0163845610053359,,,,,,,
2026-10-04 01:06,x_ev8,quarterly,exec,ast,all,53,51.5,12.15915,0.2360999999999999,0.5094339622641509,2.46927358490566,-0.0918263399229636,0.5572629195567246,-0.1000380809824081,0.9622641509433962,0.626063575485429,0.6277491569960542,0.614482697777754,0.6120545160266594,0.0071698041076,,,,,,,
2026-10-04 01:06,x_ev8,quarterly,exec,total,val,53,52.0,21.20015,0.4076951923076923,0.5849056603773585,2.542966037735849,0.0750755675438595,0.7085445993865688,-0.0945448452408796,0.9622641509433962,,,,,,,,,,,,
2026-10-04 01:06,x_ev8,quarterly,exec,total,test,14,12.0,6.729499999999998,0.5607916666666665,0.2857142857142857,3.873135714285713,-0.8433333333333334,2.8576990740740738,0.0686582061929914,0.7142857142857143,,,,,,,,,,,,
2026-10-04 01:06,x_ev8,quarterly,exec,total,all,67,64.0,27.929649999999995,0.4364007812499999,0.5223880597014925,2.820911940298508,0.0019814759615384,0.9430559737838792,-0.0677902466451631,0.9104477611940298,,,,,,,,,,,,
2026-10-04 01:06,x_ev8,quarterly,soft_median,but,val,77,55.0,3.400000000000002,0.0618181818181818,0.3246753246753247,3.7427272727272727,-0.2334893875313283,0.3975704433497529,-0.0042628992796935,0.9090909090909092,0.556689738931933,0.5573593101274583,0.6068555524045703,0.6039338001205871,0.0119630620218741,,,,,,,
2026-10-04 01:06,x_ev8,quarterly,soft_median,but,test,46,29.5,20.0425,0.6794067796610168,0.3260869565217391,4.709456521739131,-0.1437079545454545,1.7344082313245432,0.0753041801238705,0.6956521739130435,0.5579015574437362,0.5593662703245568,0.5946337506309631,0.5879524787692303,0.0113497963566836,,,,,,,
2026-10-04 01:06,x_ev8,quarterly,soft_median,but,all,123,84.5,23.4425,0.2774260355029586,0.3252032520325203,4.104268292682927,-0.0682409170069661,0.735915231788079,0.0206993217096599,0.8292682926829268,0.5570945797803825,0.5580297896267267,0.6025706670221387,0.5986926654904001,0.0095896326330204,,,,,,,
2026-10-04 01:06,x_ev8,quarterly,soft_median,ast,val,258,250.0,51.11000000000001,0.20444,0.4612403100775193,2.6500387596899224,0.058405629161182,0.3426065876224713,-0.0575572315550433,0.9728682170542636,0.6276762526854567,0.6300469265006733,0.6158799622781208,0.6119762656933161,0.0130658729635441,,,,,,,
2026-10-04 01:06,x_ev8,quarterly,soft_median,ast,test,35,30.5,-7.274999999999999,-0.2385245901639343,0.3142857142857143,2.7015714285714285,-0.5905686936936937,0.1880321428571427,-0.0621190457323836,1.0,0.623034254781234,0.6234329300823913,0.6119102197820055,0.6116792268366493,0.0163845610053359,,,,,,,
2026-10-04 01:06,x_ev8,quarterly,soft_median,ast,all,293,280.5,43.83500000000001,0.1562745098039216,0.4436860068259385,2.656194539249148,0.0205407475818253,0.2876750998055567,-0.0581154955277948,0.9761092150170648,0.626063575485429,0.6277491569960542,0.614482697777754,0.6120545160266594,0.0071698041076,,,,,,,
2026-10-04 01:06,x_ev8,quarterly,soft_median,total,val,335,305.0,54.510000000000005,0.1787213114754098,0.4298507462686567,2.9011940298507466,0.0423079285308185,0.3188794285329966,-0.0459354145479577,0.9582089552238806,,,,,,,,,,,,
2026-10-04 01:06,x_ev8,quarterly,soft_median,total,test,81,60.0,12.7675,0.2127916666666666,0.3209876543209876,3.8418518518518527,-0.2368691759492154,0.7855528865441705,0.0035159278109019,0.8271604938271605,,,,,,,,,,,,
2026-10-04 01:06,x_ev8,quarterly,soft_median,total,all,416,365.0,67.27750000000002,0.1843219178082192,0.4086538461538461,3.084350961538461,0.0476891261255432,0.3371432630951486,-0.0373961363571237,0.9326923076923076,,,,,,,,,,,,
2026-10-04 01:06,x_ev8,quarterly,soft_max,but,val,1007,612.5,91.105,0.1487428571428571,0.2492552135054617,4.998709036742801,0.0150022684004594,0.2850047495172709,0.1019589062059603,0.8252234359483615,0.556689738931933,0.5573593101274583,0.6068555524045703,0.6039338001205871,0.0119630620218741,,,,,,,
2026-10-04 01:06,x_ev8,quarterly,soft_max,but,test,810,445.5,9.16000000000001,0.0205611672278339,0.2160493827160493,5.056395061728395,-0.1235550002167868,0.181319352900306,0.1022521619871447,0.7950617283950617,0.5579015574437362,0.5593662703245568,0.5946337506309631,0.5879524787692303,0.0113497963566836,,,,,,,
2026-10-04 01:06,x_ev8,quarterly,soft_max,but,all,1817,1058.0,100.265,0.0947684310018903,0.2344523940561365,5.024424876169511,-0.0076544334201105,0.2075149748031454,0.1020869446622876,0.8117776554760594,0.5570945797803825,0.5580297896267267,0.6025706670221387,0.5986926654904001,0.0095896326330204,,,,,,,
2026-10-04 01:06,x_ev8,quarterly,soft_max,ast,val,441,429.0,70.94500000000001,0.1653729603729604,0.4467120181405896,2.7041950113378683,0.045682537359087,0.2825749479076227,-0.029218652388082,0.979591836734694,0.6276762526854567,0.6300469265006733,0.6158799622781208,0.6119762656933161,0.0130658729635441,,,,,,,
2026-10-04 01:06,x_ev8,quarterly,soft_max,ast,test,73,59.5,-15.25,-0.2563025210084033,0.2602739726027397,2.832465753424658,-0.5346669354838709,0.0514524962742171,-0.0373309127178101,1.0,0.623034254781234,0.6234329300823913,0.6119102197820055,0.6116792268366493,0.0163845610053359,,,,,,,
2026-10-04 01:06,x_ev8,quarterly,soft_max,ast,all,514,488.5,55.69499999999999,0.1140122824974411,0.4202334630350194,2.722412451361868,0.0038451838045899,0.2287078524312649,-0.0303913157624783,0.9824902723735408,0.626063575485429,0.6277491569960542,0.614482697777754,0.6120545160266594,0.0071698041076,,,,,,,
2026-10-04 01:06,x_ev8,quarterly,soft_max,total,val,1448,1041.5,162.04999999999998,0.1555928948631781,0.3093922651933701,4.299896408839779,0.0527203266203842,0.2511044866133664,0.0570905726251002,0.8722375690607734,,,,,,,,,,,,
2026-10-04 01:06,x_ev8,quarterly,soft_max,total,test,883,505.0,-6.089999999999996,-0.012059405940594,0.2197055492638731,4.8725368063420165,-0.1423261427455374,0.1339224840937165,0.088040775022763,0.812004530011325,,,,,,,,,,,,
2026-10-04 01:06,x_ev8,quarterly,soft_max,total,all,2331,1546.5,155.95999999999998,0.1008470740381506,0.2754182754182754,4.516816816816817,0.0177818943494262,0.1883079016166345,0.0682982974327387,0.8494208494208494,,,,,,,,,,,,
2026-10-04 01:06,x_kelly6,quarterly,exec,but,val,25,18.5,1.9449999999999985,0.105135135135135,0.4,3.28812,-0.4268881547619048,0.6823134649122794,-0.0590703515836325,1.0,0.556689738931933,0.5573593101274583,0.6068555524045703,0.6039338001205871,0.0119630620218741,,,,,,,
2026-10-04 01:06,x_kelly6,quarterly,exec,but,test,15,12.0,19.5605,1.6300416666666662,0.4,5.036206666666666,-0.323229375,4.435731869565217,0.1899911899406339,0.4666666666666667,0.5579015574437362,0.5593662703245568,0.5946337506309631,0.5879524787692303,0.0113497963566836,,,,,,,
2026-10-04 01:06,x_kelly6,quarterly,exec,but,all,40,30.5,21.5055,0.7050983606557376,0.4,3.9436525,-0.1954842023172905,1.958798544034091,-0.0045881393751992,0.8,0.5570945797803825,0.5580297896267267,0.6025706670221387,0.5986926654904001,0.0095896326330204,,,,,,,
2026-10-04 01:06,x_kelly6,quarterly,exec,ast,val,109,110.0,26.42455,0.2402231818181818,0.5045871559633027,2.508722018348624,0.0004770213195509,0.4666665830865128,-0.1082420790905008,0.963302752293578,0.6276762526854567,0.6300469265006733,0.6158799622781208,0.6119762656933161,0.0130658729635441,,,,,,,
2026-10-04 01:06,x_kelly6,quarterly,exec,ast,test,15,13.5,-7.09625,-0.5256481481481481,0.2,2.437733333333333,-1.0,0.0465463888888888,-0.1040636992467794,1.0,0.623034254781234,0.6234329300823913,0.6119102197820055,0.6116792268366493,0.0163845610053359,,,,,,,
2026-10-04 01:06,x_kelly6,quarterly,exec,ast,all,124,123.5,19.3283,0.1565044534412955,0.4677419354838709,2.5001346774193545,-0.072992834844338,0.3947290961155377,-0.1077197816100356,0.967741935483871,0.626063575485429,0.6277491569960542,0.614482697777754,0.6120545160266594,0.0071698041076,,,,,,,
2026-10-04 01:06,x_kelly6,quarterly,exec,total,val,134,128.5,28.36955,0.2207747081712061,0.4850746268656716,2.6541320895522387,0.0014157103313352,0.4409073932710279,-0.0987859776468723,0.9701492537313432,,,,,,,,,,,,
2026-10-04 01:06,x_kelly6,quarterly,exec,total,test,30,25.5,12.464249999999996,0.4887941176470586,0.3,3.73697,-0.5609246944444444,2.1507235294117604,-0.0105007799598751,0.7333333333333333,,,,,,,,,,,,
2026-10-04 01:06,x_kelly6,quarterly,exec,total,all,164,154.0,40.83379999999999,0.2651545454545453,0.4512195121951219,2.8522121951219512,0.000689264659131,0.5599473933769341,-0.0860078569290175,0.926829268292683,,,,,,,,,,,,
2026-10-04 01:06,x_kelly6,quarterly,soft_median,but,val,145,104.5,11.56,0.1106220095693779,0.3448275862068966,3.6362758620689655,-0.1493603010271864,0.4083161053342661,-0.0071390163701026,0.9310344827586208,0.556689738931933,0.5573593101274583,0.6068555524045703,0.6039338001205871,0.0119630620218741,,,,,,,
2026-10-04 01:06,x_kelly6,quarterly,soft_median,but,test,117,72.5,32.122499999999995,0.4430689655172413,0.3076923076923077,4.408376068376069,-0.0260559148512777,1.031883459953323,0.0171678442269769,0.7863247863247863,0.5579015574437362,0.5593662703245568,0.5946337506309631,0.5879524787692303,0.0113497963566836,,,,,,,
2026-10-04 01:06,x_kelly6,quarterly,soft_median,but,all,262,177.0,43.6825,0.2467937853107344,0.3282442748091603,3.981068702290077,0.0063426697065621,0.5489750440830722,0.0027122222859824,0.8664122137404581,0.5570945797803825,0.5580297896267267,0.6025706670221387,0.5986926654904001,0.0095896326330204,,,,,,,
2026-10-04 01:06,x_kelly6,quarterly,soft_median,ast,val,509,499.5,85.3725,0.1709159159159159,0.4479371316306483,2.611493123772102,0.0553415987734455,0.2782818798968939,-0.0593230910402887,0.9764243614931236,0.6276762526854567,0.6300469265006733,0.6158799622781208,0.6119762656933161,0.0130658729635441,,,,,,,
2026-10-04 01:06,x_kelly6,quarterly,soft_median,ast,test,85,76.5,-18.3925,-0.2404248366013071,0.3176470588235294,2.6457058823529414,-0.4423079562925543,-0.0278881416202846,-0.0719282907377862,1.0,0.623034254781234,0.6234329300823913,0.6119102197820055,0.6116792268366493,0.0163845610053359,,,,,,,
2026-10-04 01:06,x_kelly6,quarterly,soft_median,ast,all,594,576.0,66.98,0.1162847222222222,0.4292929292929293,2.616388888888889,0.0219862064036592,0.2195238072482276,-0.0611640566318476,0.9797979797979798,0.626063575485429,0.6277491569960542,0.614482697777754,0.6120545160266594,0.0071698041076,,,,,,,
2026-10-04 01:06,x_kelly6,quarterly,soft_median,total,val,654,604.0,96.9325,0.1604842715231788,0.4250764525993883,2.8387003058103977,0.0570600720088557,0.2588235701519213,-0.0481761763559926,0.9663608562691132,,,,,,,,,,,,
2026-10-04 01:06,x_kelly6,quarterly,soft_median,total,test,202,149.0,13.730000000000002,0.0921476510067114,0.3118811881188119,3.666658415841584,-0.1571845445327024,0.4329292452830184,-0.0256184352758754,0.8762376237623762,,,,,,,,,,,,
2026-10-04 01:06,x_kelly6,quarterly,soft_median,total,all,856,753.0,110.66250000000002,0.1469621513944223,0.3983644859813084,3.0340829439252337,0.0530145083512931,0.2470725382171927,-0.0432407991357445,0.9450934579439252,,,,,,,,,,,,
2026-10-04 01:06,x_kelly6,quarterly,soft_max,but,val,1338,874.5,46.37499999999999,0.053030303030303,0.2309417040358744,4.941539611360239,-0.062674424174597,0.1716687468430755,0.0882365066572974,0.8333333333333334,0.556689738931933,0.5573593101274583,0.6068555524045703,0.6039338001205871,0.0119630620218741,,,,,,,
2026-10-04 01:06,x_kelly6,quarterly,soft_max,but,test,1062,663.0,42.325,0.0638386123680241,0.2278719397363465,4.996638418079097,-0.0764919130434782,0.2114080871038634,0.089437727922407,0.7862523540489642,0.5579015574437362,0.5593662703245568,0.5946337506309631,0.5879524787692303,0.0113497963566836,,,,,,,
2026-10-04 01:06,x_kelly6,quarterly,soft_max,but,all,2400,1537.5,88.69999999999997,0.057691056910569,0.2295833333333333,4.965920833333333,-0.0359162347014165,0.1501300957651708,0.0887508757631264,0.8125,0.5570945797803825,0.5580297896267267,0.6025706670221387,0.5986926654904001,0.0095896326330204,,,,,,,
2026-10-04 01:06,x_kelly6,quarterly,soft_max,ast,val,576,613.5,99.38,0.1619885900570497,0.4340277777777778,2.681128472222222,0.0507802761457109,0.2699457676635009,-0.0333035740765689,0.9704861111111112,0.6276762526854567,0.6300469265006733,0.6158799622781208,0.6119762656933161,0.0130658729635441,,,,,,,
2026-10-04 01:06,x_kelly6,quarterly,soft_max,ast,test,112,111.5,-20.68,-0.1854708520179372,0.3214285714285714,2.722678571428572,-0.4090390492457242,0.058403774752475,-0.0384417335537161,0.9910714285714286,0.623034254781234,0.6234329300823913,0.6119102197820055,0.6116792268366493,0.0163845610053359,,,,,,,
2026-10-04 01:06,x_kelly6,quarterly,soft_max,ast,all,688,725.0,78.69999999999999,0.108551724137931,0.4156976744186046,2.6878924418604653,0.0050047628766896,0.212627091785355,-0.0341548213929321,0.9738372093023256,0.626063575485429,0.6277491569960542,0.614482697777754,0.6120545160266594,0.0071698041076,,,,,,,
2026-10-04 01:06,x_kelly6,quarterly,soft_max,total,val,1914,1488.0,145.755,0.097953629032258,0.2920585161964472,4.261290491118077,0.0116490726053125,0.185567313848033,0.0476505418244233,0.8746081504702194,,,,,,,,,,,,
2026-10-04 01:06,x_kelly6,quarterly,soft_max,total,test,1174,774.5,21.645,0.0279470626210458,0.2367972742759795,4.779701873935264,-0.1022072735884018,0.1630797038694197,0.0744328439648492,0.8057921635434412,,,,,,,,,,,,
2026-10-04 01:06,x_kelly6,quarterly,soft_max,total,all,3088,2262.5,167.39999999999998,0.073988950276243,0.2710492227979275,4.458380829015544,-0.0013795395395882,0.1472434465640694,0.0573207929026076,0.8484455958549223,,,,,,,,,,,,
2026-10-04 01:07,x_kelly4,quarterly,exec,but,val,27,23.0,5.411499999999998,0.2352826086956521,0.3703703703703703,3.5954999999999995,-0.3559734436758893,0.8284966294037935,-0.0532740770271372,0.9629629629629628,0.556689738931933,0.5573593101274583,0.6068555524045703,0.6039338001205871,0.0119630620218741,,,,,,,
2026-10-04 01:07,x_kelly4,quarterly,exec,but,test,17,15.5,24.0505,1.5516451612903226,0.4117647058823529,5.4943,-0.2172565628476085,3.8938930442637743,0.1899911899406339,0.4117647058823529,0.5579015574437362,0.5593662703245568,0.5946337506309631,0.5879524787692303,0.0113497963566836,,,,,,,
2026-10-04 01:07,x_kelly4,quarterly,exec,but,all,44,38.5,29.462,0.7652467532467532,0.3863636363636363,4.329127272727273,-0.0263090188860436,1.807127540650405,-0.0016723537309433,0.75,0.5570945797803825,0.5580297896267267,0.6025706670221387,0.5986926654904001,0.0095896326330204,,,,,,,
2026-10-04 01:07,x_kelly4,quarterly,exec,ast,val,109,145.0,33.9901,0.2344144827586206,0.5045871559633027,2.508722018348624,0.0107611468308253,0.4510415975095784,-0.1082420790905008,0.963302752293578,0.6276762526854567,0.6300469265006733,0.6158799622781208,0.6119762656933161,0.0130658729635441,,,,,,,
2026-10-04 01:07,x_kelly4,quarterly,exec,ast,test,15,20.5,-11.617,-0.5666829268292684,0.2,2.437733333333333,-1.0,-0.0352631578947368,-0.1040636992467794,1.0,0.623034254781234,0.6234329300823913,0.6119102197820055,0.6116792268366493,0.0163845610053359,,,,,,,
2026-10-04 01:07,x_kelly4,quarterly,exec,ast,all,124,165.5,22.3731,0.1351848942598187,0.4677419354838709,2.5001346774193545,-0.0811060583982202,0.3703845692695788,-0.1077197816100356,0.967741935483871,0.626063575485429,0.6277491569960542,0.614482697777754,0.6120545160266594,0.0071698041076,,,,,,,
2026-10-04 01:07,x_kelly4,quarterly,exec,total,val,136,168.0,39.4016,0.2345333333333333,0.4779411764705882,2.724479411764705,0.0185931950793513,0.4568324717496428,-0.0973323992916653,0.9632352941176472,,,,,,,,,,,,
2026-10-04 01:07,x_kelly4,quarterly,exec,total,test,32,36.0,12.4335,0.345375,0.3125,4.061534375,-0.508523530020704,1.6096498904109575,-0.0105007799598751,0.6875,,,,,,,,,,,,
2026-10-04 01:07,x_kelly4,quarterly,exec,total,all,168,204.0,51.8351,0.2540936274509803,0.4464285714285714,2.979156547619048,0.0165455372637145,0.5179035045228672,-0.0848468069694471,0.9107142857142856,,,,,,,,,,,,
2026-10-04 01:07,x_kelly4,quarterly,soft_median,but,val,145,130.0,22.565000000000005,0.1735769230769231,0.3379310344827586,4.025379310344828,-0.0992681873566513,0.4927743625756267,-0.0045573328288527,0.8620689655172413,0.556689738931933,0.5573593101274583,0.6068555524045703,0.6039338001205871,0.0119630620218741,,,,,,,
2026-10-04 01:07,x_kelly4,quarterly,soft_median,but,test,126,92.0,29.2975,0.3184510869565217,0.2857142857142857,4.6262301587301575,-0.0841065423654015,0.8049810528856458,0.0195913174165895,0.7619047619047619,0.5579015574437362,0.5593662703245568,0.5946337506309631,0.5879524787692303,0.0113497963566836,,,,,,,
2026-10-04 01:07,x_kelly4,quarterly,soft_median,but,all,271,222.0,51.8625,0.2336148648648648,0.3136531365313653,4.304741697416974,-0.0048711790733181,0.5183267991798871,0.0059325785899818,0.8154981549815498,0.5570945797803825,0.5580297896267267,0.6025706670221387,0.5986926654904001,0.0095896326330204,,,,,,,
2026-10-04 01:07,x_kelly4,quarterly,soft_median,ast,val,482,639.5,106.2925,0.1662118842845973,0.454356846473029,2.6108195020746887,0.051451026486544,0.2755490651190916,-0.0593762181304473,0.975103734439834,0.6276762526854567,0.6300469265006733,0.6158799622781208,0.6119762656933161,0.0130658729635441,,,,,,,
2026-10-04 01:07,x_kelly4,quarterly,soft_median,ast,test,84,106.5,-20.57,-0.1931455399061032,0.3095238095238095,2.653690476190476,-0.4067017231420869,0.0306537572917349,-0.0717266434052995,1.0,0.623034254781234,0.6234329300823913,0.6119102197820055,0.6116792268366493,0.0163845610053359,,,,,,,
2026-10-04 01:07,x_kelly4,quarterly,soft_median,ast,all,566,746.0,85.72250000000001,0.1149095174262734,0.4328621908127208,2.6171819787985866,0.0088975858086773,0.2178398283249858,-0.0612488457894502,0.978798586572438,0.626063575485429,0.6277491569960542,0.614482697777754,0.6120545160266594,0.0071698041076,,,,,,,
2026-10-04 01:07,x_kelly4,quarterly,soft_median,total,val,627,769.5,128.85750000000002,0.1674561403508772,0.4274322169059011,2.937950558213716,0.0534208809576678,0.2756348737338959,-0.0478596455880955,0.94896331738437,,,,,,,,,,,,
2026-10-04 01:07,x_kelly4,quarterly,soft_median,total,test,210,198.5,8.727499999999997,0.0439672544080604,0.2952380952380952,3.837214285714286,-0.1777970791084315,0.3029496350596591,-0.0230237309669587,0.8571428571428571,,,,,,,,,,,,
2026-10-04 01:07,x_kelly4,quarterly,soft_median,total,all,837,968.0,137.58500000000004,0.1421332644628099,0.3942652329749104,3.1635722819593783,0.0464460022522522,0.2423120971841775,-0.0420913041277025,0.925925925925926,,,,,,,,,,,,
2026-10-04 01:07,x_kelly4,quarterly,soft_max,but,val,1256,1043.0,83.43,0.0799904122722914,0.2213375796178344,5.252229299363058,-0.0410493766492286,0.2047047676804285,0.0978781895985174,0.7802547770700637,0.556689738931933,0.5573593101274583,0.6068555524045703,0.6039338001205871,0.0119630620218741,,,,,,,
2026-10-04 01:07,x_kelly4,quarterly,soft_max,but,test,942,773.0,64.285,0.083163001293661,0.2218683651804671,5.326963906581741,-0.0638153370872196,0.2270962216117522,0.0980664956336297,0.7303609341825902,0.5579015574437362,0.5593662703245568,0.5946337506309631,0.5879524787692303,0.0113497963566836,,,,,,,
2026-10-04 01:07,x_kelly4,quarterly,soft_max,but,all,2198,1816.0,147.71499999999995,0.0813408590308369,0.2215650591446769,5.284258416742492,-0.016663261770162,0.1732610938840963,0.0979558601933359,0.7588717015468608,0.5570945797803825,0.5580297896267267,0.6025706670221387,0.5986926654904001,0.0095896326330204,,,,,,,
2026-10-04 01:07,x_kelly4,quarterly,soft_max,ast,val,443,618.5,86.575,0.1399757477768795,0.437923250564334,2.6882618510158016,0.017667939643254,0.2623312448316961,-0.0311803015262093,0.963882618510158,0.6276762526854567,0.6300469265006733,0.6158799622781208,0.6119762656933161,0.0130658729635441,,,,,,,
2026-10-04 01:07,x_kelly4,quarterly,soft_max,ast,test,76,103.5,-4.52,-0.043671497584541,0.3684210526315789,2.701973684210526,-0.3220185096153846,0.2506730921052625,-0.035874439480635,0.986842105263158,0.623034254781234,0.6234329300823913,0.6119102197820055,0.6116792268366493,0.0163845610053359,,,,,,,
2026-10-04 01:07,x_kelly4,quarterly,soft_max,ast,all,519,722.0,82.05499999999999,0.1136495844875346,0.4277456647398844,2.690269749518305,-0.0009558839406207,0.2305887335451815,-0.0318816169576474,0.9672447013487476,0.626063575485429,0.6277491569960542,0.614482697777754,0.6120545160266594,0.0071698041076,,,,,,,
2026-10-04 01:07,x_kelly4,quarterly,soft_max,total,val,1699,1661.5,170.005,0.1023201925970508,0.27781047675103,4.583696291936433,0.0072725678804332,0.1961680095989894,0.0587111848293217,0.8281341965862272,,,,,,,,,,,,
2026-10-04 01:07,x_kelly4,quarterly,soft_max,total,test,1018,876.5,59.765,0.0681859669138619,0.2328094302554027,5.130992141453832,-0.0700706536989524,0.2043441015817503,0.084900610792778,0.74950884086444,,,,,,,,,,,,
2026-10-04 01:07,x_kelly4,quarterly,soft_max,total,all,2717,2538.0,229.77,0.090531914893617,0.2609495767390504,4.788755980861244,0.0085760378689691,0.1691113647988285,0.0679197249261499,0.798675009201325,,,,,,,,,,,,
2026-10-04 01:08,x_caps_wide,quarterly,exec,but,val,19,14.0,5.387499999999999,0.3848214285714285,0.5263157894736842,2.967184210526316,-0.2254724137931034,1.0696976724137923,-0.0680729289892526,1.0,0.556689738931933,0.5573593101274583,0.6068555524045703,0.6039338001205871,0.0119630620218741,,,,,,,
2026-10-04 01:08,x_caps_wide,quarterly,exec,but,test,13,10.0,11.690499999999998,1.16905,0.3846153846153846,4.907161538461538,-0.5594799107142857,3.6648968749999993,0.2122010505734411,0.4615384615384615,0.5579015574437362,0.5593662703245568,0.5946337506309631,0.5879524787692303,0.0113497963566836,,,,,,,
2026-10-04 01:08,x_caps_wide,quarterly,exec,but,all,32,24.0,17.077999999999996,0.7115833333333331,0.46875,3.7553,-0.1204504658385093,1.8637728641456568,-0.0008071738942061,0.78125,0.5570945797803825,0.5580297896267267,0.6025706670221387,0.5986926654904001,0.0095896326330204,,,,,,,
2026-10-04 01:08,x_caps_wide,quarterly,exec,ast,val,113,86.5,21.1723,0.2447664739884392,0.5132743362831859,2.5126699115044246,0.0163014728813558,0.469413279849484,-0.1084327137711631,0.9646017699115044,0.6276762526854567,0.6300469265006733,0.6158799622781208,0.6119762656933161,0.0130658729635441,,,,,,,
2026-10-04 01:08,x_caps_wide,quarterly,exec,ast,test,15,9.5,-5.63425,-0.593078947368421,0.2,2.437733333333333,-1.0,-0.04090625,-0.1040636992467794,1.0,0.623034254781234,0.6234329300823913,0.6119102197820055,0.6116792268366493,0.0163845610053359,,,,,,,
2026-10-04 01:08,x_caps_wide,quarterly,exec,ast,all,128,96.0,15.538049999999997,0.1618546874999999,0.4765625,2.50388828125,-0.0563853036427146,0.3810016820663024,-0.107904203949665,0.96875,0.626063575485429,0.6277491569960542,0.614482697777754,0.6120545160266594,0.0071698041076,,,,,,,
2026-10-04 01:08,x_caps_wide,quarterly,exec,total,val,132,100.5,26.5598,0.2642766169154228,0.5151515151515151,2.578092424242424,0.043842172330097,0.4842217165996985,-0.1024418082175982,0.9696969696969696,,,,,,,,,,,,
2026-10-04 01:08,x_caps_wide,quarterly,exec,total,test,28,19.5,6.056249999999999,0.310576923076923,0.2857142857142857,3.584253571428571,-0.636730702614379,1.7465195121951214,-0.0137023421552878,0.75,,,,,,,,,,,,
2026-10-04 01:08,x_caps_wide,quarterly,exec,total,all,160,120.0,32.61604999999999,0.2718004166666665,0.475,2.7541706249999995,0.0158757411067193,0.5552818334230015,-0.0899349036047894,0.93125,,,,,,,,,,,,
2026-10-04 01:08,x_caps_wide,quarterly,soft_median,but,val,136,88.0,10.045000000000002,0.1141477272727272,0.3529411764705882,3.460147058823529,-0.1470422154837486,0.4018560753621135,-0.0115939627067288,0.9338235294117648,0.556689738931933,0.5573593101274583,0.6068555524045703,0.6039338001205871,0.0119630620218741,,,,,,,
2026-10-04 01:08,x_caps_wide,quarterly,soft_median,but,test,92,53.0,19.800000000000004,0.3735849056603774,0.3043478260869565,4.215652173913044,-0.0997072365600617,0.9284257612533092,0.0278832367230428,0.7934782608695652,0.5579015574437362,0.5593662703245568,0.5946337506309631,0.5879524787692303,0.0113497963566836,,,,,,,
2026-10-04 01:08,x_caps_wide,quarterly,soft_median,but,all,228,141.0,29.845,0.2116666666666667,0.3333333333333333,3.765,-0.0257111994309043,0.4875233217168012,0.0028152150851378,0.8771929824561403,0.5570945797803825,0.5580297896267267,0.6025706670221387,0.5986926654904001,0.0095896326330204,,,,,,,
2026-10-04 01:08,x_caps_wide,quarterly,soft_median,ast,val,537,429.0,68.035,0.1585897435897436,0.4469273743016759,2.5927560521415267,0.0475564404196292,0.2606936564475346,-0.0594566735258052,0.9776536312849162,0.6276762526854567,0.6300469265006733,0.6158799622781208,0.6119762656933161,0.0130658729635441,,,,,,,
2026-10-04 01:08,x_caps_wide,quarterly,soft_median,ast,test,83,58.5,-12.0575,-0.2061111111111111,0.3253012048192771,2.600843373493976,-0.4070928899082568,0.0161674311926604,-0.0698618732364812,1.0,0.623034254781234,0.6234329300823913,0.6119102197820055,0.6116792268366493,0.0163845610053359,,,,,,,
2026-10-04 01:08,x_caps_wide,quarterly,soft_median,ast,all,620,487.5,55.977500000000006,0.114825641025641,0.4306451612903226,2.593838709677419,0.0206550569011117,0.2108194265201325,-0.060877120196835,0.9806451612903224,0.626063575485429,0.6277491569960542,0.614482697777754,0.6120545160266594,0.0071698041076,,,,,,,
2026-10-04 01:08,x_caps_wide,quarterly,soft_median,total,val,673,517.0,78.08000000000001,0.1510251450676983,0.4279346210995542,2.768038632986627,0.048828891186004,0.2457731172545281,-0.0501337221852796,0.9687964338781576,,,,,,,,,,,,
2026-10-04 01:08,x_caps_wide,quarterly,soft_median,total,test,175,111.5,7.7425,0.069439461883408,0.3142857142857143,3.4497714285714287,-0.179580757484226,0.3689686170212765,-0.0241221743451654,0.8914285714285715,,,,,,,,,,,,
2026-10-04 01:08,x_caps_wide,quarterly,soft_median,total,all,848,628.5,85.8225,0.1365513126491646,0.4044811320754717,2.9087264150943395,0.0458120430385248,0.2326105585240306,-0.0451116906715942,0.9528301886792452,,,,,,,,,,,,
2026-10-04 01:08,x_caps_wide,quarterly,soft_max,but,val,1540,895.5,99.405,0.1110050251256281,0.2688311688311688,4.507142857142857,0.0016010825409579,0.2217360204751378,0.0677848433535847,0.8642857142857143,0.556689738931933,0.5573593101274583,0.6068555524045703,0.6039338001205871,0.0119630620218741,,,,,,,
2026-10-04 01:08,x_caps_wide,quarterly,soft_max,but,test,1124,605.5,10.254999999999995,0.016936416184971,0.2339857651245551,4.68035587188612,-0.1187879165288636,0.1541398880325953,0.0831153562391336,0.8327402135231317,0.5579015574437362,0.5593662703245568,0.5946337506309631,0.5879524787692303,0.0113497963566836,,,,,,,
2026-10-04 01:08,x_caps_wide,quarterly,soft_max,but,all,2664,1501.0,109.65999999999998,0.0730579613590939,0.2541291291291291,4.580225225225226,-0.0108165762695075,0.1616517285764647,0.0741145125467359,0.850975975975976,0.5570945797803825,0.5580297896267267,0.6025706670221387,0.5986926654904001,0.0095896326330204,,,,,,,
2026-10-04 01:08,x_caps_wide,quarterly,soft_max,ast,val,905,731.0,89.385,0.1222777017783857,0.4276243093922652,2.667171270718232,0.029821709864979,0.2168382146359306,-0.0352616437932833,0.9790055248618784,0.6276762526854567,0.6300469265006733,0.6158799622781208,0.6119762656933161,0.0130658729635441,,,,,,,
2026-10-04 01:08,x_caps_wide,quarterly,soft_max,ast,test,157,110.5,-13.560000000000002,-0.1227149321266968,0.3439490445859872,2.6997452229299364,-0.2868625290697674,0.0441326813256539,-0.0413301832204999,0.9936305732484076,0.623034254781234,0.6234329300823913,0.6119102197820055,0.6116792268366493,0.0163845610053359,,,,,,,
2026-10-04 01:08,x_caps_wide,quarterly,soft_max,ast,all,1062,841.5,75.825,0.0901069518716577,0.4152542372881356,2.6719868173258003,0.0050516835321344,0.172065520550067,-0.0361701775271085,0.9811676082862524,0.626063575485429,0.6277491569960542,0.614482697777754,0.6120545160266594,0.0071698041076,,,,,,,
2026-10-04 01:08,x_caps_wide,quarterly,soft_max,total,val,2445,1626.5,188.79,0.1160713187826621,0.3276073619631902,3.8260899795501024,0.0419677722741659,0.1878942423342689,0.0266034326128878,0.9067484662576688,,,,,,,,,,,,
2026-10-04 01:08,x_caps_wide,quarterly,soft_max,total,test,1281,716.0,-3.305000000000007,-0.0046159217877095,0.2474629195940671,4.437611241217798,-0.1212802613781158,0.1195084292029922,0.0653374220306145,0.8524590163934426,,,,,,,,,,,,
2026-10-04 01:08,x_caps_wide,quarterly,soft_max,total,all,3726,2342.5,185.485,0.0791824973319103,0.300053676865271,4.036331186258723,0.0144560444907869,0.1432748287085476,0.0393860002901793,0.8880837359098228,,,,,,,,,,,,
2026-10-04 01:09,x_nopin_off,quarterly,exec,but,val,19,14.0,5.387499999999999,0.3848214285714285,0.5263157894736842,2.967184210526316,-0.2254724137931034,1.0696976724137923,-0.0680729289892526,1.0,0.556689738931933,0.5573593101274583,0.6068555524045703,0.6039338001205871,0.0119630620218741,,,,,,,
2026-10-04 01:09,x_nopin_off,quarterly,exec,but,test,6,5.5,11.608,2.1105454545454543,0.5,4.607566666666666,-0.6723708333333333,6.343749999999999,0.2122010505734411,1.0,0.5579015574437362,0.5593662703245568,0.5946337506309631,0.5879524787692303,0.0113497963566836,,,,,,,
2026-10-04 01:09,x_nopin_off,quarterly,exec,but,all,25,19.5,16.9955,0.8715641025641025,0.52,3.360876,-0.0546444295900178,2.308455362726704,-0.0008071738942061,1.0,0.5570945797803825,0.5580297896267267,0.6025706670221387,0.5986926654904001,0.0095896326330204,,,,,,,
2026-10-04 01:09,x_nopin_off,quarterly,exec,ast,val,106,79.5,21.0048,0.2642113207547169,0.5188679245283019,2.500710377358491,0.0278851078616351,0.5020621975806446,-0.1074201003138652,1.0,0.6276762526854567,0.6300469265006733,0.6158799622781208,0.6119762656933161,0.0130658729635441,,,,,,,
2026-10-04 01:09,x_nopin_off,quarterly,exec,ast,test,15,9.5,-5.63425,-0.593078947368421,0.2,2.437733333333333,-1.0,-0.04090625,-0.1040636992467794,1.0,0.623034254781234,0.6234329300823913,0.6119102197820055,0.6116792268366493,0.0163845610053359,,,,,,,
2026-10-04 01:09,x_nopin_off,quarterly,exec,ast,all,121,89.0,15.370549999999994,0.1727028089887639,0.4793388429752066,2.492903305785124,-0.0505135594405594,0.4026675584739262,-0.1070040175369537,1.0,0.626063575485429,0.6277491569960542,0.614482697777754,0.6120545160266594,0.0071698041076,,,,,,,
2026-10-04 01:09,x_nopin_off,quarterly,exec,total,val,125,93.5,26.3923,0.2822705882352941,0.52,2.5716144000000005,0.0544524221863541,0.5175408616594798,-0.1014393302725241,1.0,,,,,,,,,,,,
2026-10-04 01:09,x_nopin_off,quarterly,exec,total,test,21,15.0,5.973749999999999,0.3982499999999999,0.2857142857142857,3.0576857142857143,-0.7267697318007663,2.3053545572916643,-0.0137023421552878,1.0,,,,,,,,,,,,
2026-10-04 01:09,x_nopin_off,quarterly,exec,total,all,146,108.5,32.366049999999994,0.2983046082949308,0.4863013698630137,2.641528767123287,0.0205900336405529,0.6118358872372915,-0.0888196265022367,1.0,,,,,,,,,,,,
2026-10-04 01:09,x_nopin_off,quarterly,soft_median,but,val,125,81.5,5.605,0.0687730061349693,0.344,3.312719999999999,-0.1899256883604505,0.3413487432188065,-0.0102927672691243,1.0,0.556689738931933,0.5573593101274583,0.6068555524045703,0.6039338001205871,0.0119630620218741,,,,,,,
2026-10-04 01:09,x_nopin_off,quarterly,soft_median,but,test,73,42.0,12.549999999999995,0.2988095238095237,0.3150684931506849,3.651506849315069,-0.2273008627608346,1.0184132184305057,0.0278832367230428,1.0,0.5579015574437362,0.5593662703245568,0.5946337506309631,0.5879524787692303,0.0113497963566836,,,,,,,
2026-10-04 01:09,x_nopin_off,quarterly,soft_median,but,all,198,123.5,18.155,0.1470040485829959,0.3333333333333333,3.437626262626264,-0.1147824302134647,0.4587409028017986,0.0037822241017251,1.0,0.5570945797803825,0.5580297896267267,0.6025706670221387,0.5986926654904001,0.0095896326330204,,,,,,,
2026-10-04 01:09,x_nopin_off,quarterly,soft_median,ast,val,509,395.5,55.7875,0.141055625790139,0.4420432220039292,2.591709233791748,0.0245203173457067,0.2452335339715336,-0.0591336886590714,1.0,0.6276762526854567,0.6300469265006733,0.6158799622781208,0.6119762656933161,0.0130658729635441,,,,,,,
2026-10-04 01:09,x_nopin_off,quarterly,soft_median,ast,test,83,58.5,-12.0575,-0.2061111111111111,0.3253012048192771,2.600843373493976,-0.4070928899082568,0.0161674311926604,-0.0698618732364812,1.0,0.623034254781234,0.6234329300823913,0.6119102197820055,0.6116792268366493,0.0163845610053359,,,,,,,
2026-10-04 01:09,x_nopin_off,quarterly,soft_median,ast,all,592,454.0,43.73,0.0963215859030837,0.4256756756756756,2.5929898648648653,7.416940261871848e-05,0.1914343390167004,-0.0606378091319177,1.0,0.626063575485429,0.6277491569960542,0.614482697777754,0.6120545160266594,0.0071698041076,,,,,,,
2026-10-04 01:09,x_nopin_off,quarterly,soft_median,total,val,634,477.0,61.392500000000005,0.1287054507337526,0.4227129337539432,2.7338643533123026,0.0294151119402985,0.227636330108827,-0.0495041694575834,1.0,,,,,,,,,,,,
2026-10-04 01:09,x_nopin_off,quarterly,soft_median,total,test,156,100.5,0.4925000000000019,0.0049004975124378,0.3205128205128205,3.0925,-0.2567942538032629,0.3601662740577378,-0.0241221743451654,1.0,,,,,,,,,,,,
2026-10-04 01:09,x_nopin_off,quarterly,soft_median,total,all,790,577.5,61.885000000000005,0.1071601731601731,0.4025316455696202,2.804683544303798,0.010307402335104,0.2067149313905627,-0.0444920286505743,1.0,,,,,,,,,,,,
2026-10-04 01:09,x_nopin_off,quarterly,soft_max,but,val,1123,667.5,61.65,0.0923595505617977,0.2715939447907391,4.203045414069456,-0.0338038796909005,0.2219304196201206,0.0779073943642441,1.0,0.556689738931933,0.5573593101274583,0.6068555524045703,0.6039338001205871,0.0119630620218741,,,,,,,
2026-10-04 01:09,x_nopin_off,quarterly,soft_max,but,test,908,491.0,-10.695000000000007,-0.0217820773930753,0.2522026431718062,4.095396475770925,-0.1419079804834592,0.1076475802788456,0.0847808466543988,1.0,0.5579015574437362,0.5593662703245568,0.5946337506309631,0.5879524787692303,0.0113497963566836,,,,,,,
2026-10-04 01:09,x_nopin_off,quarterly,soft_max,but,all,2031,1158.5,50.954999999999984,0.0439835994820888,0.2629246676514032,4.154918759231905,-0.0470195062617456,0.133489267477901,0.0809803114885476,1.0,0.5570945797803825,0.5580297896267267,0.6025706670221387,0.5986926654904001,0.0095896326330204,,,,,,,
2026-10-04 01:09,x_nopin_off,quarterly,soft_max,ast,val,709,577.0,72.89999999999999,0.1263431542461005,0.4330042313117066,2.670056417489421,0.0214648357049646,0.2290744352427138,-0.0349203549491007,1.0,0.6276762526854567,0.6300469265006733,0.6158799622781208,0.6119762656933161,0.0130658729635441,,,,,,,
2026-10-04 01:09,x_nopin_off,quarterly,soft_max,ast,test,147,104.5,-12.085,-0.115645933014354,0.3469387755102041,2.714965986394558,-0.2901176916793091,0.0703507839721254,-0.041240037123273,1.0,0.623034254781234,0.6234329300823913,0.6119102197820055,0.6116792268366493,0.0163845610053359,,,,,,,
2026-10-04 01:09,x_nopin_off,quarterly,soft_max,ast,all,856,681.5,60.815,0.0892369772560528,0.4182242990654206,2.6777686915887853,-0.009222662429116,0.1801946699316788,-0.0360056274720018,1.0,0.626063575485429,0.6277491569960542,0.614482697777754,0.6120545160266594,0.0071698041076,,,,,,,
2026-10-04 01:09,x_nopin_off,quarterly,soft_max,total,val,1832,1244.5,134.54999999999998,0.1081157091201285,0.334061135371179,3.609765283842795,0.0260535208740146,0.1923416932876307,0.0342420699847891,1.0,,,,,,,,,,,,
2026-10-04 01:09,x_nopin_off,quarterly,soft_max,total,test,1055,595.5,-22.78,-0.0382535684298908,0.2654028436018957,3.903052132701422,-0.1455237075681169,0.0743907110544226,0.0672215386777943,1.0,,,,,,,,,,,,
2026-10-04 01:09,x_nopin_off,quarterly,soft_max,total,all,2887,1840.0,111.77,0.0607445652173913,0.3089712504329754,3.7169414617249736,-0.0073387582089709,0.1268478498934906,0.0462937982394204,1.0,,,,,,,,,,,,
2026-10-04 01:09,x_nopin_10,quarterly,exec,but,val,19,14.0,5.387499999999999,0.3848214285714285,0.5263157894736842,2.967184210526316,-0.2254724137931034,1.0696976724137923,-0.0680729289892526,1.0,0.556689738931933,0.5573593101274583,0.6068555524045703,0.6039338001205871,0.0119630620218741,,,,,,,
2026-10-04 01:09,x_nopin_10,quarterly,exec,but,test,10,8.5,10.487999999999998,1.2338823529411762,0.4,4.628559999999999,-0.7258333333333334,4.330352941176471,0.2122010505734411,0.6,0.5579015574437362,0.5593662703245568,0.5946337506309631,0.5879524787692303,0.0113497963566836,,,,,,,
2026-10-04 01:09,x_nopin_10,quarterly,exec,but,all,29,22.5,15.875499999999995,0.7055777777777775,0.4827586206896552,3.540072413793104,-0.129390958768008,1.851955232558138,-0.0008071738942061,0.8620689655172413,0.5570945797803825,0.5580297896267267,0.6025706670221387,0.5986926654904001,0.0095896326330204,,,,,,,
2026-10-04 01:09,x_nopin_10,quarterly,exec,ast,val,106,79.5,21.0048,0.2642113207547169,0.5188679245283019,2.500710377358491,0.0278851078616351,0.5020621975806446,-0.1074201003138652,1.0,0.6276762526854567,0.6300469265006733,0.6158799622781208,0.6119762656933161,0.0130658729635441,,,,,,,
2026-10-04 01:09,x_nopin_10,quarterly,exec,ast,test,15,9.5,-5.63425,-0.593078947368421,0.2,2.437733333333333,-1.0,-0.04090625,-0.1040636992467794,1.0,0.623034254781234,0.6234329300823913,0.6119102197820055,0.6116792268366493,0.0163845610053359,,,,,,,
2026-10-04 01:09,x_nopin_10,quarterly,exec,ast,all,121,89.0,15.370549999999994,0.1727028089887639,0.4793388429752066,2.492903305785124,-0.0505135594405594,0.4026675584739262,-0.1070040175369537,1.0,0.626063575485429,0.6277491569960542,0.614482697777754,0.6120545160266594,0.0071698041076,,,,,,,
2026-10-04 01:09,x_nopin_10,quarterly,exec,total,val,125,93.5,26.3923,0.2822705882352941,0.52,2.5716144000000005,0.0544524221863541,0.5175408616594798,-0.1014393302725241,1.0,,,,,,,,,,,,
2026-10-04 01:09,x_nopin_10,quarterly,exec,total,test,25,18.0,4.853749999999998,0.2696527777777777,0.28,3.314064,-0.7094411280487805,1.9071924691650848,-0.0137023421552878,0.84,,,,,,,,,,,,
2026-10-04 01:09,x_nopin_10,quarterly,exec,total,all,150,111.5,31.24605,0.2802336322869954,0.48,2.695356,0.0134640980733299,0.5806800544605807,-0.0888196265022367,0.9733333333333334,,,,,,,,,,,,
2026-10-04 01:09,x_nopin_10,quarterly,soft_median,but,val,127,82.5,7.08,0.0858181818181818,0.3464566929133858,3.3743307086614167,-0.1782354680678241,0.3711371243302005,-0.0102927672691243,0.984251968503937,0.556689738931933,0.5573593101274583,0.6068555524045703,0.6039338001205871,0.0119630620218741,,,,,,,
2026-10-04 01:09,x_nopin_10,quarterly,soft_median,but,test,87,50.5,19.425000000000004,0.3846534653465347,0.3103448275862069,4.123735632183908,-0.0998577275249722,0.9698446969696966,0.0278832367230428,0.8390804597701149,0.5579015574437362,0.5593662703245568,0.5946337506309631,0.5879524787692303,0.0113497963566836,,,,,,,
2026-10-04 01:09,x_nopin_10,quarterly,soft_median,but,all,214,133.0,26.505000000000003,0.1992857142857143,0.3317757009345794,3.678995327102804,-0.0581698226096542,0.49908972157488,0.0037822241017251,0.9252336448598132,0.5570945797803825,0.5580297896267267,0.6025706670221387,0.5986926654904001,0.0095896326330204,,,,,,,
2026-10-04 01:09,x_nopin_10,quarterly,soft_median,ast,val,514,403.0,55.6375,0.1380583126550868,0.4416342412451361,2.592976653696498,0.0211095900530902,0.2438097473808507,-0.0591336886590714,0.990272373540856,0.6276762526854567,0.6300469265006733,0.6158799622781208,0.6119762656933161,0.0130658729635441,,,,,,,
2026-10-04 01:09,x_nopin_10,quarterly,soft_median,ast,test,83,58.5,-12.0575,-0.2061111111111111,0.3253012048192771,2.600843373493976,-0.4070928899082568,0.0161674311926604,-0.0698618732364812,1.0,0.623034254781234,0.6234329300823913,0.6119102197820055,0.6116792268366493,0.0163845610053359,,,,,,,
2026-10-04 01:09,x_nopin_10,quarterly,soft_median,ast,all,597,461.5,43.58,0.0944312026002166,0.4254606365159128,2.594070351758793,-0.0015389361360718,0.1903378150189401,-0.0606378091319177,0.9916247906197656,0.626063575485429,0.6277491569960542,0.614482697777754,0.6120545160266594,0.0071698041076,,,,,,,
2026-10-04 01:09,x_nopin_10,quarterly,soft_median,total,val,641,485.5,62.7175,0.1291812564366632,0.422776911076443,2.7477847113884555,0.0280848561119722,0.2296517120669355,-0.0495041694575834,0.9890795631825272,,,,,,,,,,,,
2026-10-04 01:09,x_nopin_10,quarterly,soft_median,total,test,170,109.0,7.3675,0.067591743119266,0.3176470588235294,3.380205882352941,-0.1810065083318507,0.3741945652173912,-0.0241221743451654,0.9176470588235294,,,,,,,,,,,,
2026-10-04 01:09,x_nopin_10,quarterly,soft_median,total,all,811,594.5,70.085,0.1178889823380992,0.4007398273736128,2.880351418002466,0.0225922085783466,0.2136529488751591,-0.0444920286505743,0.9741060419235512,,,,,,,,,,,,
2026-10-04 01:09,x_nopin_10,quarterly,soft_max,but,val,1246,733.0,81.52,0.1112141882673942,0.2568218298555377,4.657648475120385,-0.0101484088333798,0.2376396122042788,0.0795822013127414,0.8739967897271268,0.556689738931933,0.5573593101274583,0.6068555524045703,0.6039338001205871,0.0119630620218741,,,,,,,
2026-10-04 01:09,x_nopin_10,quarterly,soft_max,but,test,1033,557.0,18.93,0.0339856373429084,0.2381413359148112,4.694307841239109,-0.0977329134353053,0.1729182955242773,0.0857800735966655,0.850919651500484,0.5579015574437362,0.5593662703245568,0.5946337506309631,0.5879524787692303,0.0113497963566836,,,,,,,
2026-10-04 01:09,x_nopin_10,quarterly,soft_max,but,all,2279,1290.0,100.45000000000002,0.0778682170542635,0.248354541465555,4.674265028521282,-0.0096412160462954,0.1704915665158139,0.0823504582932136,0.8635366388767003,0.5570945797803825,0.5580297896267267,0.6025706670221387,0.5986926654904001,0.0095896326330204,,,,,,,
2026-10-04 01:09,x_nopin_10,quarterly,soft_max,ast,val,689,569.5,71.78,0.1260403863037752,0.4339622641509434,2.6665747460087084,0.0232379389961599,0.2281622118353205,-0.0343956230375614,0.9898403483309144,0.6276762526854567,0.6300469265006733,0.6158799622781208,0.6119762656933161,0.0130658729635441,,,,,,,
2026-10-04 01:09,x_nopin_10,quarterly,soft_max,ast,test,140,100.0,-11.46,-0.1146,0.3428571428571428,2.711071428571429,-0.2950948011379483,0.0697726663261396,-0.0407360760217413,1.0,0.623034254781234,0.6234329300823913,0.6119102197820055,0.6116792268366493,0.0163845610053359,,,,,,,
2026-10-04 01:09,x_nopin_10,quarterly,soft_max,ast,all,829,669.5,60.32000000000001,0.0900970873786407,0.4185765983112183,2.674089264173703,-0.0009055648013314,0.1873929060455045,-0.0354755055409497,0.991556091676719,0.626063575485429,0.6277491569960542,0.614482697777754,0.6120545160266594,0.0071698041076,,,,,,,
2026-10-04 01:09,x_nopin_10,quarterly,soft_max,total,val,1935,1302.5,153.3,0.1176967370441458,0.3198966408268733,3.9486821705426354,0.034992669007406,0.1969083333333333,0.0356901198859167,0.9152454780361756,,,,,,,,,,,,
2026-10-04 01:09,x_nopin_10,quarterly,soft_max,total,test,1173,657.0,7.469999999999999,0.0113698630136986,0.2506393861892583,4.457604433077579,-0.1039388230846774,0.131840373244213,0.0683980707050296,0.8687127024722933,,,,,,,,,,,,
2026-10-04 01:09,x_nopin_10,quarterly,soft_max,total,all,3108,1959.5,160.77,0.0820464404184741,0.2937580437580437,4.1407561132561135,0.0093363102822442,0.1522669512214129,0.0476361420668042,0.8976833976833977,,,,,,,,,,,,
2026-10-04 01:11,x_combo,quarterly,exec,but,val,33,23.5,3.1724999999999985,0.1349999999999999,0.3939393939393939,3.2256242424242423,-0.3000433441558442,0.6307953340402962,-0.0659054102858999,0.9696969696969696,0.556689738931933,0.5573593101274583,0.6068555524045703,0.6039338001205871,0.0119630620218741,,,,,,,
2026-10-04 01:11,x_combo,quarterly,exec,but,test,19,14.0,19.5815,1.3986785714285712,0.3684210526315789,4.695794736842105,-0.3544579192546583,3.854125202839755,0.1188219325088077,0.5789473684210527,0.5579015574437362,0.5593662703245568,0.5946337506309631,0.5879524787692303,0.0113497963566836,,,,,,,
2026-10-04 01:11,x_combo,quarterly,exec,but,all,52,37.5,22.754,0.6067733333333333,0.3846153846153846,3.7628019230769234,-0.0999925906183369,1.6846679593373493,-0.018649578408184,0.8269230769230769,0.5570945797803825,0.5580297896267267,0.6025706670221387,0.5986926654904001,0.0095896326330204,,,,,,,
2026-10-04 01:11,x_combo,quarterly,exec,ast,val,137,131.0,28.6449,0.2186633587786259,0.4817518248175182,2.5180678832116783,0.0097887469565217,0.4311277681999274,-0.1065405666625358,0.9635036496350364,0.6276762526854567,0.6300469265006733,0.6158799622781208,0.6119762656933161,0.0130658729635441,,,,,,,
2026-10-04 01:11,x_combo,quarterly,exec,ast,test,19,15.5,-5.5360000000000005,-0.3571612903225806,0.3157894736842105,2.4355894736842107,-0.7703064516129032,0.1632845588235292,-0.1060900996442357,1.0,0.623034254781234,0.6234329300823913,0.6119102197820055,0.6116792268366493,0.0163845610053359,,,,,,,
2026-10-04 01:11,x_combo,quarterly,exec,ast,all,156,146.5,23.10889999999999,0.1577399317406142,0.4615384615384615,2.5080224358974355,-0.0358376144311082,0.3488890909698995,-0.1064838853820874,0.967948717948718,0.626063575485429,0.6277491569960542,0.614482697777754,0.6120545160266594,0.0071698041076,,,,,,,
2026-10-04 01:11,x_combo,quarterly,exec,total,val,170,154.5,31.817399999999992,0.2059378640776698,0.4647058823529412,2.655417058823529,0.0124108981481481,0.3802551567084414,-0.0986117556622166,0.9647058823529412,,,,,,,,,,,,
2026-10-04 01:11,x_combo,quarterly,exec,total,test,38,29.5,14.045499999999995,0.4761186440677965,0.3421052631578947,3.5656921052631576,-0.4373546834415584,1.8338128010704715,-0.023622354521453,0.7894736842105263,,,,,,,,,,,,
2026-10-04 01:11,x_combo,quarterly,exec,total,all,208,184.0,45.86289999999998,0.2492548913043477,0.4423076923076923,2.821717307692307,0.021509316327375,0.5211927294077234,-0.0870154565167377,0.9326923076923076,,,,,,,,,,,,
2026-10-04 01:11,x_combo,quarterly,soft_median,but,val,184,127.0,9.2,0.0724409448818897,0.3315217391304347,3.5230978260869565,-0.1713588700194853,0.3241543343624459,-0.0142583280721498,0.9402173913043478,0.556689738931933,0.5573593101274583,0.6068555524045703,0.6039338001205871,0.0119630620218741,,,,,,,
2026-10-04 01:11,x_combo,quarterly,soft_median,but,test,141,84.5,30.3975,0.3597337278106509,0.2907801418439716,4.300425531914894,-0.044519965820133,0.895622161245071,0.0083966099271283,0.8014184397163121,0.5579015574437362,0.5593662703245568,0.5946337506309631,0.5879524787692303,0.0113497963566836,,,,,,,
2026-10-04 01:11,x_combo,quarterly,soft_median,but,all,325,211.5,39.5975,0.1872222222222222,0.3138461538461538,3.8603384615384617,-0.0470158071958595,0.4560566646676341,-0.0053072511703371,0.88,0.5570945797803825,0.5580297896267267,0.6025706670221387,0.5986926654904001,0.0095896326330204,,,,,,,
2026-10-04 01:11,x_combo,quarterly,soft_median,ast,val,670,622.0,96.66500000000002,0.1554099678456592,0.4477611940298507,2.580544776119403,0.0535093247479624,0.2544161779075827,-0.0605912065446755,0.9791044776119404,0.6276762526854567,0.6300469265006733,0.6158799622781208,0.6119762656933161,0.0130658729635441,,,,,,,
2026-10-04 01:11,x_combo,quarterly,soft_median,ast,test,113,94.5,-12.5,-0.1322751322751322,0.3628318584070796,2.629778761061947,-0.322829865361077,0.0786652588533706,-0.0690003791449545,1.0,0.623034254781234,0.6234329300823913,0.6119102197820055,0.6116792268366493,0.0163845610053359,,,,,,,
2026-10-04 01:11,x_combo,quarterly,soft_median,ast,all,783,716.5,84.16500000000002,0.117466852756455,0.4355044699872286,2.58765006385696,0.0301093876365183,0.2057444050366171,-0.061826884703104,0.9821200510855684,0.626063575485429,0.6277491569960542,0.614482697777754,0.6120545160266594,0.0071698041076,,,,,,,
2026-10-04 01:11,x_combo,quarterly,soft_median,total,val,854,749.0,105.865,0.1413417890520694,0.4227166276346604,2.78362412177986,0.05144522413083,0.2235058478566508,-0.0509222222554753,0.9707259953161592,,,,,,,,,,,,
2026-10-04 01:11,x_combo,quarterly,soft_median,total,test,254,179.0,17.8975,0.099986033519553,0.3228346456692913,3.5571850393700792,-0.1250052597433611,0.3822931451612903,-0.030301884608913,0.889763779527559,,,,,,,,,,,,
2026-10-04 01:11,x_combo,quarterly,soft_median,total,all,1108,928.0,123.7625,0.1333647629310345,0.3998194945848375,2.9609566787003607,0.0505695867048557,0.2170408651045158,-0.0465049745700506,0.9521660649819494,,,,,,,,,,,,
2026-10-04 01:11,x_combo,quarterly,soft_max,but,val,1958,1230.0,68.35,0.0555691056910569,0.2497446373850868,4.645623084780388,-0.0503425492075999,0.1498860691653038,0.0659809050337699,0.8452502553626149,0.556689738931933,0.5573593101274583,0.6068555524045703,0.6039338001205871,0.0119630620218741,,,,,,,
2026-10-04 01:11,x_combo,quarterly,soft_max,but,test,1412,849.0,41.63999999999999,0.0490459363957597,0.2386685552407932,4.712443342776204,-0.0736610153950133,0.1794868371571511,0.0764123984748121,0.8279036827195467,0.5579015574437362,0.5593662703245568,0.5946337506309631,0.5879524787692303,0.0113497963566836,,,,,,,
2026-10-04 01:11,x_combo,quarterly,soft_max,but,all,3370,2079.0,109.98999999999998,0.0529052429052428,0.2451038575667656,4.673620178041543,-0.0240133841640531,0.1282321838096219,0.0702990409518217,0.8379821958456973,0.5570945797803825,0.5580297896267267,0.6025706670221387,0.5986926654904001,0.0095896326330204,,,,,,,
2026-10-04 01:11,x_combo,quarterly,soft_max,ast,val,968,946.0,138.88500000000002,0.1468128964059196,0.4349173553719008,2.6528202479338847,0.0587535729843785,0.2349943271007824,-0.0370074126696491,0.9803719008264464,0.6276762526854567,0.6300469265006733,0.6158799622781208,0.6119762656933161,0.0130658729635441,,,,,,,
2026-10-04 01:11,x_combo,quarterly,soft_max,ast,test,205,174.0,-14.095000000000002,-0.0810057471264368,0.375609756097561,2.6896585365853665,-0.2497217626457801,0.0965871039109334,-0.0446908555961046,0.9951219512195122,0.623034254781234,0.6234329300823913,0.6119102197820055,0.6116792268366493,0.0163845610053359,,,,,,,
2026-10-04 01:11,x_combo,quarterly,soft_max,ast,all,1173,1120.0,124.79,0.1114196428571428,0.4245524296675191,2.6592583120204605,0.0316043479754059,0.193194853954385,-0.0383668422941044,0.9829497016197783,0.626063575485429,0.6277491569960542,0.614482697777754,0.6120545160266594,0.0071698041076,,,,,,,
2026-10-04 01:11,x_combo,quarterly,soft_max,total,val,2926,2176.0,207.235,0.0952366727941176,0.3110047846889952,3.9863499658236505,0.0273753352954709,0.1634742257162663,0.0284479121380154,0.8899521531100478,,,,,,,,,,,,
2026-10-04 01:11,x_combo,quarterly,soft_max,total,test,1617,1023.0,27.54500000000001,0.0269257086999022,0.2560296846011132,4.45599876314162,-0.085685481456984,0.137348927291125,0.0584189069741078,0.8491032776747063,,,,,,,,,,,,
2026-10-04 01:11,x_combo,quarterly,soft_max,total,all,4543,3199.0,234.78,0.0733916849015317,0.2914373761831389,4.15351309707242,0.013733735890245,0.1319026244880103,0.0387949515923666,0.87541272287035,,,,,,,,,,,,
2026-10-04 01:21,p1b_ens,monthly,exec,but,val,2,1.0,-1.0,-1.0,0.0,4.558999999999999,-1.0,-1.0,-0.0593714053753793,1.0,0.5566457399107727,0.5573593101274583,0.6068915462433588,0.6039338001205871,0.0088589704074368,,,,,,,
2026-10-04 01:21,p1b_ens,monthly,exec,but,test,8,4.0,4.812499999999999,1.2031249999999998,0.25,6.794437499999999,-1.0,3.2299999999999995,0.6958508022196752,0.25,0.558540746487411,0.5593662703245569,0.592117500973359,0.5879524787692303,0.0159053657718285,,,,,,,
2026-10-04 01:21,p1b_ens,monthly,exec,but,all,10,5.0,3.812499999999999,0.7624999999999998,0.2,6.34735,-1.0,2.6959090909090904,0.3182396984221479,0.4,0.5572788182660144,0.5580297896267268,0.6018119812562601,0.5986926654904001,0.0110775318881978,,,,,,,
2026-10-04 01:21,p1b_ens,monthly,exec,ast,val,66,41.5,3.521299999999997,0.0848506024096384,0.3787878787878788,2.879675757575757,-0.3320480468749999,0.5246948421052631,-0.132992350988249,0.9848484848484848,0.6342194877509585,0.6360939279431316,0.6220345273173258,0.6175541781484223,0.0262786732491908,,,,,,,
2026-10-04 01:21,p1b_ens,monthly,exec,ast,test,11,6.5,-5.1135,-0.7866923076923077,0.0909090909090909,2.751209090909091,-1.0,-0.3067499999999999,-0.1384293640541463,1.0,0.6309102548238098,0.6307561007899554,0.6036762168078301,0.6049387908029453,0.0185112139106288,,,,,,,
2026-10-04 01:21,p1b_ens,monthly,exec,ast,all,77,48.0,-1.5922000000000016,-0.0331708333333333,0.3376623376623376,2.861323376623376,-0.3852960967741936,0.3595120200438456,-0.1337792870898921,0.987012987012987,0.6330641516287188,0.6342303587535038,0.6156847327545715,0.6134170738162475,0.0152423080771319,,,,,,,
2026-10-04 01:21,p1b_ens,monthly,exec,total,val,68,42.5,2.521299999999997,0.0593247058823528,0.3676470588235294,2.929067647058824,-0.3480941320393657,0.4979043611111109,-0.1307947108207007,0.9852941176470588,,,,,,,,,,,,
2026-10-04 01:21,p1b_ens,monthly,exec,total,test,19,10.5,-0.3010000000000008,-0.0286666666666667,0.1578947368421052,4.453621052631578,-1.0,1.1713999999999998,-0.0100785692427891,0.6842105263157895,,,,,,,,,,,,
2026-10-04 01:21,p1b_ens,monthly,exec,total,all,87,53.0,2.220299999999998,0.0418924528301886,0.3218390804597701,3.262016091954022,-0.3385814370446479,0.4748914705882351,-0.1111783378142901,0.9195402298850576,,,,,,,,,,,,
2026-10-04 01:21,p1b_ens,monthly,soft_median,but,val,26,14.5,-6.0,-0.4137931034482758,0.1153846153846153,6.137500000000001,-1.0,0.375,-0.0191744883408786,0.5384615384615384,0.5566457399107727,0.5573593101274583,0.6068915462433588,0.6039338001205871,0.0088589704074368,,,,,,,
2026-10-04 01:21,p1b_ens,monthly,soft_median,but,test,30,16.0,4.5,0.28125,0.1666666666666666,6.739166666666666,-0.6805555555555556,1.294366071428571,0.1545634928413576,0.2666666666666666,0.558540746487411,0.5593662703245569,0.592117500973359,0.5879524787692303,0.0159053657718285,,,,,,,
2026-10-04 01:21,p1b_ens,monthly,soft_median,but,all,56,30.5,-1.5,-0.0491803278688524,0.1428571428571428,6.459821428571429,-0.6127310450819673,0.6242983774038458,0.0440029593617527,0.3928571428571428,0.5572788182660144,0.5580297896267268,0.6018119812562601,0.5986926654904001,0.0110775318881978,,,,,,,
2026-10-04 01:21,p1b_ens,monthly,soft_median,ast,val,236,157.0,19.2125,0.1223726114649681,0.3855932203389831,2.8657203389830506,-0.0927015995629665,0.3383253925019554,-0.0743504612290769,0.9533898305084746,0.6342194877509585,0.6360939279431316,0.6220345273173258,0.6175541781484223,0.0262786732491908,,,,,,,
2026-10-04 01:21,p1b_ens,monthly,soft_median,ast,test,51,32.0,-4.6925,-0.146640625,0.3529411764705882,2.8231372549019604,-0.4539225260416667,0.1632838541666666,-0.0832496549486162,0.9803921568627452,0.6309102548238098,0.6307561007899554,0.6036762168078301,0.6049387908029453,0.0185112139106288,,,,,,,
2026-10-04 01:21,p1b_ens,monthly,soft_median,ast,all,287,189.0,14.52,0.0768253968253968,0.3797909407665505,2.8581533101045293,-0.0992248198878815,0.2613894479164315,-0.0759684964508113,0.9581881533101044,0.6330641516287188,0.6342303587535038,0.6156847327545715,0.6134170738162475,0.0152423080771319,,,,,,,
2026-10-04 01:21,p1b_ens,monthly,soft_median,total,val,262,171.5,13.212500000000002,0.0770408163265306,0.3587786259541984,3.1904007633587788,-0.1235665741008201,0.2883851153785363,-0.0711183958716092,0.9122137404580152,,,,,,,,,,,,
2026-10-04 01:21,p1b_ens,monthly,soft_median,total,test,81,48.0,-0.1924999999999999,-0.0040104166666666,0.2839506172839506,4.273518518518519,-0.3943335997442455,0.4513860091743116,-0.050447841460344,0.7160493827160493,,,,,,,,,,,,
2026-10-04 01:21,p1b_ens,monthly,soft_median,total,all,343,219.5,13.020000000000003,0.0593166287015945,0.3411078717201166,3.446180758017493,-0.1162728163848974,0.2450691795183978,-0.0670817219461769,0.8658892128279884,,,,,,,,,,,,
2026-10-04 01:21,p1b_ens,monthly,soft_max,but,val,533,310.0,9.925,0.032016129032258,0.1519699812382739,6.7109756097560975,-0.1911569717304012,0.2940393427911325,0.1791620162601052,0.5309568480300187,0.5566457399107727,0.5573593101274583,0.6068915462433588,0.6039338001205871,0.0088589704074368,,,,,,,
2026-10-04 01:21,p1b_ens,monthly,soft_max,but,test,445,255.0,179.275,0.7030392156862745,0.2,7.232247191011235,0.2808333386699455,1.1518525684931489,0.264095059244081,0.4359550561797752,0.558540746487411,0.5593662703245569,0.592117500973359,0.5879524787692303,0.0159053657718285,,,,,,,
2026-10-04 01:21,p1b_ens,monthly,soft_max,but,all,978,565.0,189.2,0.3348672566371681,0.1738241308793456,6.948159509202454,0.101002269344366,0.6045753556038256,0.2137050148741331,0.4877300613496932,0.5572788182660144,0.5580297896267268,0.6018119812562601,0.5986926654904001,0.0110775318881978,,,,,,,
2026-10-04 01:21,p1b_ens,monthly,soft_max,ast,val,421,295.0,33.33,0.1129830508474576,0.3871733966745843,2.877482185273159,-0.0553925476603119,0.2791986135307778,-0.0477194417867394,0.9596199524940616,0.6342194877509585,0.6360939279431316,0.6220345273173258,0.6175541781484223,0.0262786732491908,,,,,,,
2026-10-04 01:21,p1b_ens,monthly,soft_max,ast,test,84,53.0,-3.360000000000001,-0.0633962264150943,0.3452380952380952,2.9058333333333333,-0.3718920035938904,0.2102424812030071,-0.0606780126852085,0.988095238095238,0.6309102548238098,0.6307561007899554,0.6036762168078301,0.6049387908029453,0.0185112139106288,,,,,,,
2026-10-04 01:21,p1b_ens,monthly,soft_max,ast,all,505,348.0,29.97000000000001,0.0861206896551724,0.3801980198019802,2.8821980198019803,-0.0639017323162619,0.2415271879021877,-0.0499279867242608,0.9643564356435644,0.6330641516287188,0.6342303587535038,0.6156847327545715,0.6134170738162475,0.0152423080771319,,,,,,,
2026-10-04 01:21,p1b_ens,monthly,soft_max,total,val,954,605.0,43.255,0.071495867768595,0.2557651991614256,5.019255765199161,-0.0560038611334944,0.2109732857983385,0.0457411879472592,0.720125786163522,,,,,,,,,,,,
2026-10-04 01:21,p1b_ens,monthly,soft_max,total,test,529,308.0,175.915,0.5711525974025974,0.2230623818525519,6.5452551984877125,0.2097833346623712,0.9627982624806778,0.1667803842616584,0.5236294896030246,,,,,,,,,,,,
2026-10-04 01:21,p1b_ens,monthly,soft_max,total,all,1483,913.0,219.17,0.2400547645125958,0.2440997977073499,5.563594066082267,0.0779722821935471,0.394923841069644,0.0805211229878075,0.6500337154416723,,,,,,,,,,,,
2026-10-04 01:23,x_base_lgbm,quarterly,exec,but,val,44,32.5,11.162999999999998,0.343476923076923,0.4318181818181818,3.498722727272728,-0.1167920785648005,0.7612554929577464,-0.0678032208451078,0.8181818181818182,0.5571147820219834,0.5573593101274583,0.6058207885798592,0.6039338001205871,0.0116340748763887,,,,,,,
2026-10-04 01:23,x_base_lgbm,quarterly,exec,but,test,31,20.5,23.445,1.1436585365853658,0.3548387096774194,4.933180645161292,-0.0749411280487805,2.80595768707483,0.0431233800956989,0.5806451612903226,0.5584735244682414,0.5593662703245568,0.5923959127355317,0.5879524787692303,0.0161998623062636,,,,,,,
2026-10-04 01:23,x_base_lgbm,quarterly,exec,but,all,75,53.0,34.60799999999999,0.6529811320754715,0.4,4.091631999999999,0.0822961833855798,1.3725362031578945,-0.0308276871981722,0.72,0.5575687067965349,0.5580297896267267,0.6009928899437849,0.5986926654904001,0.0116943834834481,,,,,,,
2026-10-04 01:23,x_base_lgbm,quarterly,exec,ast,val,153,149.5,43.34334999999999,0.2899220735785952,0.477124183006536,2.524115032679738,0.0994303739709941,0.4729812727411417,-0.1120048423060232,0.9607843137254902,0.627770824838131,0.6300469265006733,0.6157190336744922,0.6119762656933161,0.0100094467363743,,,,,,,
2026-10-04 01:23,x_base_lgbm,quarterly,exec,ast,test,26,20.0,-8.602500000000001,-0.430125,0.2692307692307692,2.685146153846154,-0.7535739283074651,-0.0304425091575092,-0.1161448437837561,0.9615384615384616,0.6230236560082304,0.6234329300823913,0.6128336773315837,0.6116792268366493,0.0113231281971502,,,,,,,
2026-10-04 01:23,x_base_lgbm,quarterly,exec,ast,all,179,169.5,34.74084999999999,0.2049607669616518,0.4469273743016759,2.547505027932961,0.0306746342015285,0.3677377087031427,-0.1126065867068565,0.9608938547486032,0.6261216101907701,0.6277491569960542,0.6145123989156179,0.6120545160266594,0.0073891667903513,,,,,,,
2026-10-04 01:23,x_base_lgbm,quarterly,exec,total,val,197,182.0,54.50634999999998,0.2994854395604395,0.467005076142132,2.741793908629442,0.1361399819159335,0.4501354988436025,-0.1033094413628923,0.9289340101522844,,,,,,,,,,,,
2026-10-04 01:23,x_base_lgbm,quarterly,exec,total,test,57,40.5,14.842499999999998,0.3664814814814814,0.3157894736842105,3.907761403508772,-0.3744711310546204,1.347290563506261,-0.0494744244853796,0.7543859649122807,,,,,,,,,,,,
2026-10-04 01:23,x_base_lgbm,quarterly,exec,total,all,254,222.5,69.34884999999997,0.311680224719101,0.4330708661417323,3.003448031496063,0.1134764035296169,0.5109559273950722,-0.093066495673808,0.889763779527559,,,,,,,,,,,,
2026-10-04 01:23,x_base_lgbm,quarterly,soft_median,but,val,250,163.0,6.697500000000002,0.0410889570552147,0.288,3.83348,-0.1560054599066793,0.2518839419074741,-0.0159499841660209,0.864,0.5571147820219834,0.5573593101274583,0.6058207885798592,0.6039338001205871,0.0116340748763887,,,,,,,
2026-10-04 01:23,x_base_lgbm,quarterly,soft_median,but,test,190,107.5,34.245,0.3185581395348837,0.2736842105263158,4.625736842105263,-0.03304531774916,0.7725432934712344,0.0050331482927187,0.7421052631578947,0.5584735244682414,0.5593662703245568,0.5923959127355317,0.5879524787692303,0.0161998623062636,,,,,,,
2026-10-04 01:23,x_base_lgbm,quarterly,soft_median,but,all,440,270.5,40.94250000000001,0.151358595194085,0.2818181818181818,4.175590909090909,-0.0369182573778895,0.3702924534819455,-0.0076625284890397,0.8113636363636364,0.5575687067965349,0.5580297896267267,0.6009928899437849,0.5986926654904001,0.0116943834834481,,,,,,,
2026-10-04 01:23,x_base_lgbm,quarterly,soft_median,ast,val,667,640.0,65.73750000000001,0.10271484375,0.4212893553223388,2.598223388305847,0.0028579023620892,0.2013012366134255,-0.0622561268743462,0.9730134932533732,0.627770824838131,0.6300469265006733,0.6157190336744922,0.6119762656933161,0.0100094467363743,,,,,,,
2026-10-04 01:23,x_base_lgbm,quarterly,soft_median,ast,test,135,112.5,-25.325,-0.225111111111111,0.3185185185185185,2.7057037037037035,-0.4047947279702394,-0.0451924435300839,-0.0718778984339516,0.9703703703703704,0.6230236560082304,0.6234329300823913,0.6128336773315837,0.6116792268366493,0.0113231281971502,,,,,,,
2026-10-04 01:23,x_base_lgbm,quarterly,soft_median,ast,all,802,752.5,40.4125,0.053704318936877,0.4039900249376558,2.616315461346633,-0.0360019955238695,0.1424032044845407,-0.0638720910721774,0.972568578553616,0.6261216101907701,0.6277491569960542,0.6145123989156179,0.6120545160266594,0.0073891667903513,,,,,,,
2026-10-04 01:23,x_base_lgbm,quarterly,soft_median,total,val,917,803.0,72.435,0.0902054794520548,0.3849509269356597,2.934989094874591,-0.0094993202636974,0.1807358152432593,-0.0506929744755043,0.9432933478735004,,,,,,,,,,,,
2026-10-04 01:23,x_base_lgbm,quarterly,soft_median,total,test,325,220.0,8.920000000000009,0.0405454545454545,0.2923076923076923,3.828184615384615,-0.1664442809734513,0.295256376808917,-0.0320085690646115,0.8369230769230769,,,,,,,,,,,,
2026-10-04 01:23,x_base_lgbm,quarterly,soft_median,total,all,1242,1023.0,81.35500000000002,0.0795259042033235,0.3607085346215781,3.1687157809983897,-0.012098947069293,0.1634463512207367,-0.0462231782822212,0.9154589371980676,,,,,,,,,,,,
2026-10-04 01:23,x_base_lgbm,quarterly,soft_max,but,val,2197,1379.0,105.85,0.0767585206671501,0.247155211652253,4.671934456076468,-0.0185389463493662,0.1705912412233221,0.0585598224054434,0.837960855712335,0.5571147820219834,0.5573593101274583,0.6058207885798592,0.6039338001205871,0.0116340748763887,,,,,,,
2026-10-04 01:23,x_base_lgbm,quarterly,soft_max,but,test,1483,885.5,69.05499999999998,0.0779841897233201,0.2353337828725556,4.879265003371544,-0.0513534147721802,0.2131943736895339,0.0735534749257544,0.7896156439649359,0.5584735244682414,0.5593662703245568,0.5923959127355317,0.5879524787692303,0.0161998623062636,,,,,,,
2026-10-04 01:23,x_base_lgbm,quarterly,soft_max,but,all,3680,2264.5,174.90500000000003,0.0772378008390373,0.242391304347826,4.755486413043479,-0.0006396066200165,0.1572562078891388,0.0643890279503585,0.8184782608695652,0.5575687067965349,0.5580297896267267,0.6009928899437849,0.5986926654904001,0.0116943834834481,,,,,,,
2026-10-04 01:23,x_base_lgbm,quarterly,soft_max,ast,val,983,970.5,104.45,0.107624935600206,0.4231943031536114,2.668036622583927,0.0151921895109977,0.1944224789294104,-0.0368676940445828,0.97558494404883,0.627770824838131,0.6300469265006733,0.6157190336744922,0.6119762656933161,0.0100094467363743,,,,,,,
2026-10-04 01:23,x_base_lgbm,quarterly,soft_max,ast,test,213,183.0,-43.885,-0.2398087431693989,0.2863849765258216,2.754272300469484,-0.4087705895589559,-0.0621034785200036,-0.0454780074006823,0.976525821596244,0.6230236560082304,0.6234329300823913,0.6128336773315837,0.6116792268366493,0.0113231281971502,,,,,,,
2026-10-04 01:23,x_base_lgbm,quarterly,soft_max,ast,all,1196,1153.5,60.56500000000001,0.0525054182921543,0.3988294314381271,2.683394648829432,-0.0327411955911514,0.132614161768369,-0.0384023514379578,0.975752508361204,0.6261216101907701,0.6277491569960542,0.6145123989156179,0.6120545160266594,0.0073891667903513,,,,,,,
2026-10-04 01:23,x_base_lgbm,quarterly,soft_max,total,val,3180,2349.5,210.3,0.0895084060438391,0.3015723270440251,4.052490566037736,0.01771464398379,0.1569362608564824,0.0258758980213094,0.8805031446540881,,,,,,,,,,,,
2026-10-04 01:23,x_base_lgbm,quarterly,soft_max,total,test,1696,1068.5,25.170000000000023,0.0235563874590547,0.2417452830188679,4.612387971698114,-0.0845782294092342,0.138286032752869,0.0555994877438118,0.8130896226415094,,,,,,,,,,,,
2026-10-04 01:23,x_base_lgbm,quarterly,soft_max,total,all,4876,3418.0,235.47,0.0688911644236395,0.2807629204265792,4.247237489745693,0.0084761891487192,0.1302636521969847,0.0356841847471603,0.8570549630844955,,,,,,,,,,,,
2026-10-04 01:23,x_monthly,quarterly,exec,but,val,21,11.5,-1.4185000000000008,-0.1233478260869565,0.2857142857142857,3.662642857142857,-0.7024184782608696,0.5696029503105579,-0.0350979984979288,0.9523809523809524,0.5566457399107727,0.5573593101274583,0.6068915462433588,0.6039338001205871,0.0088589704074368,,,,,,,
2026-10-04 01:23,x_monthly,quarterly,exec,but,test,35,32.5,18.3916,0.5658953846153844,0.3428571428571428,3.772757142857143,-0.3052779861111111,1.6972239702380942,-0.0135259134895821,0.6857142857142857,0.558540746487411,0.5593662703245569,0.592117500973359,0.5879524787692303,0.0159053657718285,,,,,,,
2026-10-04 01:23,x_monthly,quarterly,exec,but,all,56,44.0,16.973099999999995,0.3857522727272726,0.3214285714285714,3.7314642857142855,-0.2863199138414122,1.2446105201028503,-0.0233314066751943,0.7857142857142857,0.5572788182660144,0.5580297896267268,0.6018119812562601,0.5986926654904001,0.0110775318881978,,,,,,,
2026-10-04 01:23,x_monthly,quarterly,exec,ast,val,148,130.0,24.293949999999995,0.1868765384615384,0.4729729729729729,2.513102702702703,-0.0063895075709093,0.3875997518871134,-0.1074041928694984,0.972972972972973,0.6279300183426576,0.6300469265006733,0.615595799368881,0.6119762656933161,0.012485218738682,,,,,,,
2026-10-04 01:23,x_monthly,quarterly,exec,ast,test,21,16.0,-6.952500000000001,-0.43453125,0.238095238095238,2.576942857142857,-0.8399522972972973,0.0451180672268903,-0.1136766626120138,1.0,0.6228742069598261,0.6234329300823912,0.6126866755877892,0.6116792268366493,0.0121938838954021,,,,,,,
2026-10-04 01:23,x_monthly,quarterly,exec,ast,all,169,146.0,17.341449999999995,0.1187770547945205,0.4437869822485207,2.52103550295858,-0.0643613881418876,0.2969749754004575,-0.1082025072003639,0.9763313609467456,0.6261735781389005,0.6277491569960543,0.6146301788659326,0.6120545160266594,0.0114366030425391,,,,,,,
2026-10-04 01:23,x_monthly,quarterly,exec,total,val,169,141.5,22.87544999999999,0.161663957597173,0.4497041420118343,2.655944970414201,-0.0340397148605464,0.3474703093874499,-0.0985863642875996,0.970414201183432,,,,,,,,,,,,
2026-10-04 01:23,x_monthly,quarterly,exec,total,test,56,48.5,11.439099999999996,0.2358577319587628,0.3035714285714285,3.3243267857142853,-0.3754517104029991,1.000442552083333,-0.0602629297467169,0.8035714285714286,,,,,,,,,,,,
2026-10-04 01:23,x_monthly,quarterly,exec,total,all,225,190.0,34.31454999999999,0.180602894736842,0.4133333333333333,2.8222977777777776,-0.0365335451552606,0.4324956517878234,-0.0903349070898019,0.9288888888888888,,,,,,,,,,,,
2026-10-04 01:23,x_monthly,quarterly,soft_median,but,val,116,72.0,6.855,0.0952083333333333,0.3189655172413793,3.8860344827586206,-0.2381556818181817,0.436835529003268,0.0012389473582031,0.9224137931034484,0.5566457399107727,0.5573593101274583,0.6068915462433588,0.6039338001205871,0.0088589704074368,,,,,,,
2026-10-04 01:23,x_monthly,quarterly,soft_median,but,test,159,106.0,30.525,0.2879716981132075,0.3144654088050314,4.126666666666667,-0.0386133407360406,0.6848826761640888,-0.0008756783810997,0.8238993710691824,0.558540746487411,0.5593662703245569,0.592117500973359,0.5879524787692303,0.0159053657718285,,,,,,,
2026-10-04 01:23,x_monthly,quarterly,soft_median,but,all,275,178.0,37.38,0.2099999999999999,0.3163636363636363,4.0251636363636365,-0.0206354869703787,0.4825227102102101,7.501470337674877e-05,0.8654545454545455,0.5572788182660144,0.5580297896267268,0.6018119812562601,0.5986926654904001,0.0110775318881978,,,,,,,
2026-10-04 01:23,x_monthly,quarterly,soft_median,ast,val,623,597.0,78.6175,0.1316876046901172,0.4398073836276083,2.568113964686998,0.0186866645614688,0.2340909504452187,-0.061790089883498,0.9807383627608348,0.6279300183426576,0.6300469265006733,0.615595799368881,0.6119762656933161,0.012485218738682,,,,,,,
2026-10-04 01:23,x_monthly,quarterly,soft_median,ast,test,111,87.0,-11.637499999999998,-0.1337643678160919,0.3783783783783784,2.632432432432432,-0.3311875722543353,0.0642980478208232,-0.0680477168971977,1.0,0.6228742069598261,0.6234329300823912,0.6126866755877892,0.6116792268366493,0.0121938838954021,,,,,,,
2026-10-04 01:23,x_monthly,quarterly,soft_median,ast,all,734,684.0,66.98,0.0979239766081871,0.4305177111716621,2.5778405994550404,0.005101453892493,0.1917579559209007,-0.0627521350338036,0.983651226158038,0.6261735781389005,0.6277491569960543,0.6146301788659326,0.6120545160266594,0.0114366030425391,,,,,,,
2026-10-04 01:23,x_monthly,quarterly,soft_median,total,val,739,669.0,85.47250000000001,0.1277615844544095,0.4208389715832206,2.7749864682002707,0.0252129305523634,0.2257424385404568,-0.0523971832193447,0.9715832205683356,,,,,,,,,,,,
2026-10-04 01:23,x_monthly,quarterly,soft_median,total,test,270,193.0,18.8875,0.0978626943005181,0.3407407407407407,3.512370370370371,-0.1303765681778241,0.3554080975609755,-0.0316859935682356,0.8962962962962963,,,,,,,,,,,,
2026-10-04 01:23,x_monthly,quarterly,soft_median,total,all,1009,862.0,104.36000000000004,0.1210672853828306,0.3994053518334985,2.972304261645193,0.0255717615111222,0.2159988025791041,-0.0471762374947943,0.9514370664023786,,,,,,,,,,,,
2026-10-04 01:23,x_monthly,quarterly,soft_max,but,val,1778,1072.0,17.92500000000001,0.0167210820895522,0.2379077615298087,4.70740157480315,-0.0891549283666164,0.1253895757250734,0.0716124617009454,0.8430821147356581,0.5566457399107727,0.5573593101274583,0.6068915462433588,0.6039338001205871,0.0088589704074368,,,,,,,
2026-10-04 01:23,x_monthly,quarterly,soft_max,but,test,1402,840.5,47.715,0.0567697798929208,0.2368045649072753,4.756925820256776,-0.0754654998141091,0.1981593214070422,0.0786494709430649,0.8273894436519258,0.558540746487411,0.5593662703245569,0.592117500973359,0.5879524787692303,0.0159053657718285,,,,,,,
2026-10-04 01:23,x_monthly,quarterly,soft_max,but,all,3180,1912.5,65.64,0.0343215686274509,0.2374213836477987,4.729235849056604,-0.0479302836368006,0.1151223353249929,0.0746823867558001,0.8361635220125786,0.5572788182660144,0.5580297896267268,0.6018119812562601,0.5986926654904001,0.0110775318881978,,,,,,,
2026-10-04 01:23,x_monthly,quarterly,soft_max,ast,val,955,930.0,85.10999999999999,0.091516129032258,0.4157068062827225,2.652544502617801,0.0015598748636837,0.1768895194468607,-0.0366253718256043,0.9821989528795813,0.6279300183426576,0.6300469265006733,0.615595799368881,0.6119762656933161,0.012485218738682,,,,,,,
2026-10-04 01:23,x_monthly,quarterly,soft_max,ast,test,196,166.0,-13.520000000000003,-0.0814457831325301,0.3724489795918367,2.7293367346938777,-0.2425549605794624,0.0883124197689343,-0.0436857107838641,0.9948979591836736,0.6228742069598261,0.6234329300823912,0.6126866755877892,0.6116792268366493,0.0121938838954021,,,,,,,
2026-10-04 01:23,x_monthly,quarterly,soft_max,ast,all,1151,1096.0,71.58999999999997,0.0653193430656934,0.4083405734144222,2.665621198957429,-0.0141093412969434,0.1431981512338356,-0.0378405228378379,0.9843614248479584,0.6261735781389005,0.6277491569960543,0.6146301788659326,0.6120545160266594,0.0114366030425391,,,,,,,
2026-10-04 01:23,x_monthly,quarterly,soft_max,total,val,2733,2002.0,103.035,0.0514660339660339,0.3000365898280278,3.9893669959751183,-0.0207947589205758,0.1233251899048268,0.0299517773152647,0.8916941090376875,,,,,,,,,,,,
2026-10-04 01:23,x_monthly,quarterly,soft_max,total,test,1598,1006.5,34.195,0.0339741679085941,0.253441802252816,4.508235294117647,-0.0840205915247732,0.1572158160723183,0.061044038886422,0.8479349186483104,,,,,,,,,,,,
2026-10-04 01:23,x_monthly,quarterly,soft_max,total,all,4331,3008.5,137.23000000000002,0.0456140934020275,0.282844608635419,4.180812745324405,-0.018147258082277,0.1091628754293681,0.0410620131878697,0.8755483722004156,,,,,,,,,,,,
2026-10-04 01:30,x_feat_lgbm,quarterly,exec,but,val,32,24.0,1.4058499999999987,0.0585770833333332,0.375,3.650871875,-0.3704748787878788,0.5798737707641195,-0.0430270783973423,0.84375,0.557043872972748,0.5573593101274583,0.6061887147937955,0.6039338001205871,0.0116597657621696,,,,,,,
2026-10-04 01:30,x_feat_lgbm,quarterly,exec,but,test,29,20.5,13.680749999999996,0.6673536585365851,0.3103448275862069,3.923203448275861,-0.52662625,2.5477905416156617,0.0185768519706303,0.8620689655172413,0.5586882229653884,0.5593662703245568,0.59169685892487,0.5879524787692303,0.0179155032489247,,,,,,,
2026-10-04 01:30,x_feat_lgbm,quarterly,exec,but,all,61,44.5,15.086599999999995,0.3390247191011235,0.3442622950819672,3.780340983606558,-0.2829405138160549,1.3105865679572215,-0.0134098041819708,0.8524590163934426,0.5575932126962171,0.5580297896267267,0.6012262918412399,0.5986926654904001,0.0123107080894715,,,,,,,
2026-10-04 01:30,x_feat_lgbm,quarterly,exec,ast,val,151,138.0,22.5285,0.1632499999999999,0.4834437086092715,2.514437748344371,-0.0423210851114148,0.3561434884903761,-0.1120131050189612,0.9735099337748344,0.6285773812134798,0.6300469265006733,0.6139592194430255,0.6119762656933161,0.0094477430163014,,,,,,,
2026-10-04 01:30,x_feat_lgbm,quarterly,exec,ast,test,26,22.0,-4.692250000000001,-0.2132840909090909,0.2692307692307692,2.679723076923077,-0.7293029891304348,0.3519263980263153,-0.1179073409003619,0.9615384615384616,0.6234219064521289,0.6234329300823913,0.6111317413309595,0.6116792268366493,0.0119493701108743,,,,,,,
2026-10-04 01:30,x_feat_lgbm,quarterly,exec,ast,all,177,160.0,17.836249999999993,0.1114765624999999,0.4519774011299435,2.5387169491525423,-0.0749804001283625,0.3102090189431704,-0.1128698253505602,0.9717514124293786,0.6267863169401879,0.6277491569960542,0.6131258881601297,0.6120545160266594,0.0053057339565215,,,,,,,
2026-10-04 01:30,x_feat_lgbm,quarterly,exec,total,val,183,162.0,23.93434999999999,0.1477429012345678,0.4644808743169399,2.713158469945355,-0.0351330970166406,0.3232311893837029,-0.1013083767500893,0.9508196721311476,,,,,,,,,,,,
2026-10-04 01:30,x_feat_lgbm,quarterly,exec,total,test,55,42.5,8.988499999999995,0.2114941176470587,0.2909090909090909,3.335376363636364,-0.4220242103326465,1.185717058141529,-0.0496652444648657,0.9090909090909092,,,,,,,,,,,,
2026-10-04 01:30,x_feat_lgbm,quarterly,exec,total,all,238,204.5,32.92284999999998,0.1609919315403422,0.4243697478991596,2.8569483193277314,-0.0581276032828075,0.404710580822303,-0.0897808918649948,0.9411764705882352,,,,,,,,,,,,
2026-10-04 01:30,x_feat_lgbm,quarterly,soft_median,but,val,217,138.5,17.5225,0.1265162454873646,0.3317972350230415,3.870161290322581,-0.1055489782394602,0.354653491703729,-0.0144132707924651,0.880184331797235,0.557043872972748,0.5573593101274583,0.6061887147937955,0.6039338001205871,0.0116597657621696,,,,,,,
2026-10-04 01:30,x_feat_lgbm,quarterly,soft_median,but,test,203,117.5,35.07749999999999,0.2985319148936169,0.2906403940886699,4.246108374384237,0.0064535144733315,0.6511420715122395,-0.0036281376825681,0.8522167487684729,0.5586882229653884,0.5593662703245568,0.59169685892487,0.5879524787692303,0.0179155032489247,,,,,,,
2026-10-04 01:30,x_feat_lgbm,quarterly,soft_median,but,all,420,256.0,52.6,0.20546875,0.3119047619047619,4.051869047619047,0.0159525911963043,0.4087679337393549,-0.0092873696166074,0.8666666666666667,0.5575932126962171,0.5580297896267267,0.6012262918412399,0.5986926654904001,0.0123107080894715,,,,,,,
2026-10-04 01:30,x_feat_lgbm,quarterly,soft_median,ast,val,658,617.5,68.38000000000001,0.1107368421052631,0.4194528875379939,2.6364437689969606,0.0141598940920938,0.2071069228183169,-0.0627742337193316,0.9787234042553192,0.6285773812134798,0.6300469265006733,0.6139592194430255,0.6119762656933161,0.0094477430163014,,,,,,,
2026-10-04 01:30,x_feat_lgbm,quarterly,soft_median,ast,test,131,112.5,-26.01,-0.2312,0.3129770992366412,2.696832061068702,-0.4258227995758218,-0.0172578324875226,-0.0703875075593899,0.9694656488549618,0.6234219064521289,0.6234329300823913,0.6111317413309595,0.6116792268366493,0.0119493701108743,,,,,,,
2026-10-04 01:30,x_feat_lgbm,quarterly,soft_median,ast,all,789,730.0,42.37,0.0580410958904109,0.4017743979721166,2.646470215462611,-0.0334885272173889,0.1452543973757429,-0.0640283008758652,0.9771863117870724,0.6267863169401879,0.6277491569960542,0.6131258881601297,0.6120545160266594,0.0053057339565215,,,,,,,
2026-10-04 01:30,x_feat_lgbm,quarterly,soft_median,total,val,875,756.0,85.9025,0.1136276455026455,0.3977142857142857,2.9424057142857145,0.0181874433876811,0.2035897373330308,-0.0517120254330664,0.9542857142857144,,,,,,,,,,,,
2026-10-04 01:30,x_feat_lgbm,quarterly,soft_median,total,test,334,230.0,9.067499999999995,0.0394239130434782,0.2994011976047904,3.638458083832335,-0.1541543863104617,0.2608240496504983,-0.031889604263756,0.8982035928143712,,,,,,,,,,,,
2026-10-04 01:30,x_feat_lgbm,quarterly,soft_median,total,all,1209,986.0,94.96999999999998,0.0963184584178498,0.3705541770057899,3.134698097601324,0.0110312063153656,0.1773689104065015,-0.0464726189565967,0.9387923904052936,,,,,,,,,,,,
2026-10-04 01:30,x_feat_lgbm,quarterly,soft_max,but,val,2054,1278.5,21.58,0.0168791552600703,0.2351509250243427,4.753612463485881,-0.0860621778714749,0.1203072424222185,0.0613332469670521,0.815968841285297,0.557043872972748,0.5573593101274583,0.6061887147937955,0.6039338001205871,0.0116597657621696,,,,,,,
2026-10-04 01:30,x_feat_lgbm,quarterly,soft_max,but,test,1539,919.0,45.95,0.0499999999999999,0.2332683560753736,4.776094866796621,-0.0725563528446653,0.1786991520718362,0.0727358733702549,0.825211176088369,0.5586882229653884,0.5593662703245568,0.59169685892487,0.5879524787692303,0.0179155032489247,,,,,,,
2026-10-04 01:30,x_feat_lgbm,quarterly,soft_max,but,all,3593,2197.5,67.53,0.0307303754266211,0.2343445588644586,4.763242415808517,-0.0460645050472554,0.1101901663140419,0.06624883947624,0.8199276370720846,0.5575932126962171,0.5580297896267267,0.6012262918412399,0.5986926654904001,0.0123107080894715,,,,,,,
2026-10-04 01:30,x_feat_lgbm,quarterly,soft_max,ast,val,1004,980.0,103.645,0.1057602040816326,0.4203187250996016,2.686563745019921,0.0157770889963656,0.1986561141950018,-0.0385940572997069,0.9770916334661356,0.6285773812134798,0.6300469265006733,0.6139592194430255,0.6119762656933161,0.0094477430163014,,,,,,,
2026-10-04 01:30,x_feat_lgbm,quarterly,soft_max,ast,test,220,192.0,-34.145,-0.1778385416666666,0.3181818181818182,2.724818181818182,-0.3486629314858823,0.0061528138044125,-0.0424412630701262,0.9727272727272728,0.6234219064521289,0.6234329300823913,0.6111317413309595,0.6116792268366493,0.0119493701108743,,,,,,,
2026-10-04 01:30,x_feat_lgbm,quarterly,soft_max,ast,all,1224,1172.0,69.50000000000003,0.0593003412969283,0.4019607843137255,2.6934395424836604,-0.0227807068257636,0.1365064569210204,-0.0392830129774222,0.9763071895424836,0.6267863169401879,0.6277491569960542,0.6131258881601297,0.6120545160266594,0.0053057339565215,,,,,,,
2026-10-04 01:30,x_feat_lgbm,quarterly,soft_max,total,val,3058,2258.5,125.225,0.055446092539296,0.2959450621321124,4.074960758665794,-0.0184305094887766,0.125145625029499,0.024438747348802,0.868868541530412,,,,,,,,,,,,
2026-10-04 01:30,x_feat_lgbm,quarterly,soft_max,total,test,1759,1111.0,11.804999999999986,0.0106255625562556,0.2438885730528709,4.519539511085844,-0.0953212318126095,0.114138441827919,0.0561267714846473,0.8436611711199545,,,,,,,,,,,,
2026-10-04 01:30,x_feat_lgbm,quarterly,soft_max,total,all,4817,3369.5,137.03000000000003,0.0406677548597714,0.2769358521901598,4.237305376790533,-0.0183404935915898,0.1029052173498536,0.0357947067348426,0.859663691094042,,,,,,,,,,,,
2026-10-04 01:40,x_tuned_lgbm,quarterly,exec,but,val,41,35.5,-0.7999000000000009,-0.0225323943661972,0.3658536585365853,3.2831219512195124,-0.4006527476255088,0.4308568267882186,-0.0688171871548292,0.8780487804878049,0.5571175169405921,0.5573593101274583,0.6070042371041272,0.6039338001205871,0.01362135045244,,,,,,,
2026-10-04 01:40,x_tuned_lgbm,quarterly,exec,but,test,20,13.0,25.05825,1.927557692307692,0.45,4.457479999999999,-0.0537778409090909,4.434893982630267,0.0903872099018379,0.75,0.5591486794746332,0.5593662703245568,0.589969229867672,0.5879524787692303,0.0138478380323117,,,,,,,
2026-10-04 01:40,x_tuned_lgbm,quarterly,exec,but,all,61,48.5,24.25835,0.5001721649484536,0.3934426229508196,3.66815737704918,-0.1199203267045454,1.435290550563777,-0.0219923644911035,0.8360655737704918,0.5577960818870845,0.5580297896267267,0.6012356229800274,0.5986926654904001,0.012363315587355,,,,,,,
2026-10-04 01:40,x_tuned_lgbm,quarterly,exec,ast,val,141,128.5,39.008,0.3035642023346303,0.4964539007092198,2.4731666666666667,0.0817934759557944,0.5317312200495258,-0.1117417909490504,0.9645390070921984,0.6280390176477932,0.6300469265006733,0.6150316203062555,0.6119762656933161,0.0079946247153759,,,,,,,
2026-10-04 01:40,x_tuned_lgbm,quarterly,exec,ast,test,26,16.5,-1.9065000000000007,-0.1155454545454546,0.3461538461538461,2.614465384615385,-0.5346154466501241,0.4236956989247307,-0.1205685563354933,1.0,0.623099599083577,0.6234329300823913,0.6119550265168794,0.6116792268366493,0.0185078099032538,,,,,,,
2026-10-04 01:40,x_tuned_lgbm,quarterly,exec,ast,all,167,145.0,37.1015,0.2558724137931034,0.4730538922155688,2.495165269461077,0.0462057405227696,0.4616858811159925,-0.1131584323073684,0.9700598802395208,0.6263230134909067,0.6277491569960542,0.6139600651295503,0.6120545160266594,0.0062261874345803,,,,,,,
2026-10-04 01:40,x_tuned_lgbm,quarterly,exec,total,val,182,164.0,38.20809999999999,0.232976219512195,0.467032967032967,2.6556291208791207,0.0270100759660904,0.4413804949554112,-0.1027575715502599,0.945054945054945,,,,,,,,,,,,
2026-10-04 01:40,x_tuned_lgbm,quarterly,exec,total,test,46,29.5,23.15175,0.7848050847457626,0.391304347826087,3.4157760869565217,-0.1485682954545455,2.11403640032284,-0.043389617468177,0.8913043478260869,,,,,,,,,,,,
2026-10-04 01:40,x_tuned_lgbm,quarterly,exec,total,all,228,193.5,61.35984999999999,0.3171051679586563,0.4517543859649123,2.8089921052631586,0.0791170624999999,0.5870113808451303,-0.0913299371964318,0.9342105263157896,,,,,,,,,,,,
2026-10-04 01:40,x_tuned_lgbm,quarterly,soft_median,but,val,202,143.0,-3.5875000000000004,-0.0250874125874125,0.3118811881188119,3.594504950495049,-0.2314216386804811,0.1955322359550561,-0.0153971219544074,0.905940594059406,0.5571175169405921,0.5573593101274583,0.6070042371041272,0.6039338001205871,0.01362135045244,,,,,,,
2026-10-04 01:40,x_tuned_lgbm,quarterly,soft_median,but,test,123,69.5,15.7125,0.2260791366906474,0.2357723577235772,4.334349593495935,-0.2684042925055929,0.8323132248882736,0.0150400957332212,0.8130081300813008,0.5591486794746332,0.5593662703245568,0.589969229867672,0.5879524787692303,0.0138478380323117,,,,,,,
2026-10-04 01:40,x_tuned_lgbm,quarterly,soft_median,but,all,325,212.5,12.125000000000004,0.0570588235294117,0.283076923076923,3.874507692307692,-0.160934175084175,0.3193978873239434,-0.0046419213580722,0.8707692307692307,0.5577960818870845,0.5580297896267267,0.6012356229800274,0.5986926654904001,0.012363315587355,,,,,,,
2026-10-04 01:40,x_tuned_lgbm,quarterly,soft_median,ast,val,680,631.5,77.3375,0.1224663499604117,0.4235294117647059,2.599573529411765,0.026026790636575,0.2199327629407487,-0.0627224935804302,0.9808823529411764,0.6280390176477932,0.6300469265006733,0.6150316203062555,0.6119762656933161,0.0079946247153759,,,,,,,
2026-10-04 01:40,x_tuned_lgbm,quarterly,soft_median,ast,test,110,96.0,-9.972499999999997,-0.1038802083333333,0.3636363636363636,2.637590909090909,-0.3157102789485359,0.1205119838016898,-0.0701112514839532,0.9636363636363636,0.623099599083577,0.6234329300823913,0.6119550265168794,0.6116792268366493,0.0185078099032538,,,,,,,
2026-10-04 01:40,x_tuned_lgbm,quarterly,soft_median,ast,all,790,727.5,67.36500000000001,0.0925979381443299,0.4151898734177215,2.604867088607595,-0.0035752095470305,0.1885564398761894,-0.0637356997095032,0.9784810126582278,0.6263230134909067,0.6277491569960542,0.6139600651295503,0.6120545160266594,0.0062261874345803,,,,,,,
2026-10-04 01:40,x_tuned_lgbm,quarterly,soft_median,total,val,882,774.5,73.75,0.0952227243382827,0.3979591836734694,2.8274376417233564,0.0059836471629254,0.1869969611405137,-0.0525336194538865,0.963718820861678,,,,,,,,,,,,
2026-10-04 01:40,x_tuned_lgbm,quarterly,soft_median,total,test,233,165.5,5.739999999999999,0.0346827794561933,0.296137339055794,3.533304721030043,-0.2191936083900396,0.336349506534475,-0.0287756460387229,0.8841201716738197,,,,,,,,,,,,
2026-10-04 01:40,x_tuned_lgbm,quarterly,soft_median,total,all,1115,940.0,79.49000000000001,0.084563829787234,0.3766816143497757,2.9749417040358743,-0.0071214928075981,0.1759602766644828,-0.0478990147914587,0.947085201793722,,,,,,,,,,,,
2026-10-04 01:40,x_tuned_lgbm,quarterly,soft_max,but,val,2122,1322.5,28.325000000000003,0.0214177693761814,0.2417530631479736,4.664688972667296,-0.0708751315627068,0.1199186275139487,0.0628821066877922,0.8345900094250707,0.5571175169405921,0.5573593101274583,0.6070042371041272,0.6039338001205871,0.01362135045244,,,,,,,
2026-10-04 01:40,x_tuned_lgbm,quarterly,soft_max,but,test,1465,854.5,1.3300000000000054,0.0015564657694558,0.2225255972696245,4.731399317406144,-0.1096030638371399,0.1169277624710569,0.0764202525950764,0.8436860068259385,0.5591486794746332,0.5593662703245568,0.589969229867672,0.5879524787692303,0.0138478380323117,,,,,,,
2026-10-04 01:40,x_tuned_lgbm,quarterly,soft_max,but,all,3587,2177.0,29.654999999999987,0.0136219568213137,0.2339001951491497,4.691934764427098,-0.0619115944868797,0.0882056215465034,0.0684468384275339,0.8383049902425426,0.5577960818870845,0.5580297896267267,0.6012356229800274,0.5986926654904001,0.012363315587355,,,,,,,
2026-10-04 01:40,x_tuned_lgbm,quarterly,soft_max,ast,val,1013,983.0,117.81,0.1198474059003052,0.4254689042448173,2.660977295162882,0.0381193798690434,0.2018233474868699,-0.038215957931993,0.979269496544916,0.6280390176477932,0.6300469265006733,0.6150316203062555,0.6119762656933161,0.0079946247153759,,,,,,,
2026-10-04 01:40,x_tuned_lgbm,quarterly,soft_max,ast,test,206,175.5,-17.34,-0.0988034188034188,0.3446601941747573,2.7270388349514563,-0.2938349750226056,0.0868145039240205,-0.0390915641431428,0.9757281553398058,0.623099599083577,0.6234329300823913,0.6119550265168794,0.6116792268366493,0.0185078099032538,,,,,,,
2026-10-04 01:40,x_tuned_lgbm,quarterly,soft_max,ast,all,1219,1158.5,100.47,0.0867242123435477,0.4118129614438064,2.67214109926169,0.0065892926465098,0.163702193184645,-0.0383634825325304,0.9786710418375718,0.6263230134909067,0.6277491569960542,0.6139600651295503,0.6120545160266594,0.0062261874345803,,,,,,,
2026-10-04 01:40,x_tuned_lgbm,quarterly,soft_max,total,val,3135,2305.5,146.135,0.0633853827803079,0.3011164274322169,4.0172376395534295,-0.005067066084376,0.132521896402501,0.0265848645224549,0.8813397129186603,,,,,,,,,,,,
2026-10-04 01:40,x_tuned_lgbm,quarterly,soft_max,total,test,1671,1030.0,-16.01000000000002,-0.0155436893203883,0.2375822860562537,4.484302812687014,-0.1179143112064072,0.0930337130282682,0.0602630673728203,0.8599640933572711,,,,,,,,,,,,
2026-10-04 01:40,x_tuned_lgbm,quarterly,soft_max,total,all,4806,3335.5,130.125,0.03901214210763,0.2790262172284644,4.179631710362047,-0.0184918121966798,0.0971840031351616,0.0381076210691156,0.8739076154806492,,,,,,,,,,,,
2026-10-04 02:29,p3,quarterly,exec,but,val,33,23.5,3.1724999999999985,0.1349999999999999,0.3939393939393939,3.2256242424242423,-0.3000433441558442,0.6307953340402962,-0.0659054102858999,0.9696969696969696,0.556689738931933,0.5573593101274583,0.6068555524045703,0.6039338001205871,0.0119630620218741,,,,,,,
2026-10-04 02:29,p3,quarterly,exec,but,test,19,14.0,19.5815,1.3986785714285712,0.3684210526315789,4.695794736842105,-0.3544579192546583,3.854125202839755,0.1188219325088077,0.5789473684210527,0.5579015574437362,0.5593662703245568,0.5946337506309631,0.5879524787692303,0.0113497963566836,,,,,,,
2026-10-04 02:29,p3,quarterly,exec,but,all,52,37.5,22.754,0.6067733333333333,0.3846153846153846,3.7628019230769234,-0.0999925906183369,1.6846679593373493,-0.018649578408184,0.8269230769230769,0.5570945797803825,0.5580297896267267,0.6025706670221387,0.5986926654904001,0.0095896326330204,,,,,,,
2026-10-04 02:29,p3,quarterly,exec,ast,val,137,131.0,28.6449,0.2186633587786259,0.4817518248175182,2.5180678832116783,0.0097887469565217,0.4311277681999274,-0.1065405666625358,0.9635036496350364,0.6276762526854567,0.6300469265006733,0.6158799622781208,0.6119762656933161,0.0130658729635441,,,,,,,
2026-10-04 02:29,p3,quarterly,exec,ast,test,19,15.5,-5.5360000000000005,-0.3571612903225806,0.3157894736842105,2.4355894736842107,-0.7703064516129032,0.1632845588235292,-0.1060900996442357,1.0,0.623034254781234,0.6234329300823913,0.6119102197820055,0.6116792268366493,0.0163845610053359,,,,,,,
2026-10-04 02:29,p3,quarterly,exec,ast,all,156,146.5,23.10889999999999,0.1577399317406142,0.4615384615384615,2.5080224358974355,-0.0358376144311082,0.3488890909698995,-0.1064838853820874,0.967948717948718,0.626063575485429,0.6277491569960542,0.614482697777754,0.6120545160266594,0.0071698041076,,,,,,,
2026-10-04 02:29,p3,quarterly,exec,total,val,170,154.5,31.817399999999992,0.2059378640776698,0.4647058823529412,2.655417058823529,0.0124108981481481,0.3802551567084414,-0.0986117556622166,0.9647058823529412,,,,,,,,,,,,
2026-10-04 02:29,p3,quarterly,exec,total,test,38,29.5,14.045499999999995,0.4761186440677965,0.3421052631578947,3.5656921052631576,-0.4373546834415584,1.8338128010704715,-0.023622354521453,0.7894736842105263,,,,,,,,,,,,
2026-10-04 02:29,p3,quarterly,exec,total,all,208,184.0,45.86289999999998,0.2492548913043477,0.4423076923076923,2.821717307692307,0.021509316327375,0.5211927294077234,-0.0870154565167377,0.9326923076923076,,,,,,,,,,,,
2026-10-04 02:29,p3,quarterly,soft_median,but,val,184,127.0,9.2,0.0724409448818897,0.3315217391304347,3.5230978260869565,-0.1713588700194853,0.3241543343624459,-0.0142583280721498,0.9402173913043478,0.556689738931933,0.5573593101274583,0.6068555524045703,0.6039338001205871,0.0119630620218741,,,,,,,
2026-10-04 02:29,p3,quarterly,soft_median,but,test,141,84.5,30.3975,0.3597337278106509,0.2907801418439716,4.300425531914894,-0.044519965820133,0.895622161245071,0.0083966099271283,0.8014184397163121,0.5579015574437362,0.5593662703245568,0.5946337506309631,0.5879524787692303,0.0113497963566836,,,,,,,
2026-10-04 02:29,p3,quarterly,soft_median,but,all,325,211.5,39.5975,0.1872222222222222,0.3138461538461538,3.8603384615384617,-0.0470158071958595,0.4560566646676341,-0.0053072511703371,0.88,0.5570945797803825,0.5580297896267267,0.6025706670221387,0.5986926654904001,0.0095896326330204,,,,,,,
2026-10-04 02:29,p3,quarterly,soft_median,ast,val,670,622.0,96.66500000000002,0.1554099678456592,0.4477611940298507,2.580544776119403,0.0535093247479624,0.2544161779075827,-0.0605912065446755,0.9791044776119404,0.6276762526854567,0.6300469265006733,0.6158799622781208,0.6119762656933161,0.0130658729635441,,,,,,,
2026-10-04 02:29,p3,quarterly,soft_median,ast,test,113,94.5,-12.5,-0.1322751322751322,0.3628318584070796,2.629778761061947,-0.322829865361077,0.0786652588533706,-0.0690003791449545,1.0,0.623034254781234,0.6234329300823913,0.6119102197820055,0.6116792268366493,0.0163845610053359,,,,,,,
2026-10-04 02:29,p3,quarterly,soft_median,ast,all,783,716.5,84.16500000000002,0.117466852756455,0.4355044699872286,2.58765006385696,0.0301093876365183,0.2057444050366171,-0.061826884703104,0.9821200510855684,0.626063575485429,0.6277491569960542,0.614482697777754,0.6120545160266594,0.0071698041076,,,,,,,
2026-10-04 02:29,p3,quarterly,soft_median,total,val,854,749.0,105.865,0.1413417890520694,0.4227166276346604,2.78362412177986,0.05144522413083,0.2235058478566508,-0.0509222222554753,0.9707259953161592,,,,,,,,,,,,
2026-10-04 02:29,p3,quarterly,soft_median,total,test,254,179.0,17.8975,0.099986033519553,0.3228346456692913,3.5571850393700792,-0.1250052597433611,0.3822931451612903,-0.030301884608913,0.889763779527559,,,,,,,,,,,,
2026-10-04 02:29,p3,quarterly,soft_median,total,all,1108,928.0,123.7625,0.1333647629310345,0.3998194945848375,2.9609566787003607,0.0505695867048557,0.2170408651045158,-0.0465049745700506,0.9521660649819494,,,,,,,,,,,,
2026-10-04 02:29,p3,quarterly,soft_max,but,val,1958,1230.0,68.35,0.0555691056910569,0.2497446373850868,4.645623084780388,-0.0503425492075999,0.1498860691653038,0.0659809050337699,0.8452502553626149,0.556689738931933,0.5573593101274583,0.6068555524045703,0.6039338001205871,0.0119630620218741,,,,,,,
2026-10-04 02:29,p3,quarterly,soft_max,but,test,1414,850.0,40.63999999999999,0.0478117647058823,0.2383309759547383,4.712850070721357,-0.0747751690739577,0.1776729492933536,0.0764276518133699,0.8281471004243282,0.5579015574437362,0.5593662703245568,0.5946337506309631,0.5879524787692303,0.0113497963566836,,,,,,,
2026-10-04 02:29,p3,quarterly,soft_max,but,all,3372,2080.0,108.98999999999998,0.0523990384615384,0.2449584816132858,4.673813760379597,-0.024327819689492,0.1276762785889638,0.0703096879350125,0.8380782918149466,0.5570945797803825,0.5580297896267267,0.6025706670221387,0.5986926654904001,0.0095896326330204,,,,,,,
2026-10-04 02:29,p3,quarterly,soft_max,ast,val,968,946.5,138.38500000000002,0.1462070787110407,0.4349173553719008,2.6528202479338847,0.0582039092664092,0.234552070763591,-0.0370074126696491,0.9803719008264464,0.6276762526854567,0.6300469265006733,0.6158799622781208,0.6119762656933161,0.0130658729635441,,,,,,,
2026-10-04 02:29,p3,quarterly,soft_max,ast,test,205,174.0,-14.095000000000002,-0.0810057471264368,0.375609756097561,2.6896585365853665,-0.2497217626457801,0.0965871039109334,-0.0446908555961046,0.9951219512195122,0.623034254781234,0.6234329300823913,0.6119102197820055,0.6116792268366493,0.0163845610053359,,,,,,,
2026-10-04 02:29,p3,quarterly,soft_max,ast,all,1173,1120.5,124.29,0.1109236947791164,0.4245524296675191,2.6592583120204605,0.031138272138163,0.1926695191278758,-0.0383668422941044,0.9829497016197783,0.626063575485429,0.6277491569960542,0.614482697777754,0.6120545160266594,0.0071698041076,,,,,,,
2026-10-04 02:29,p3,quarterly,soft_max,total,val,2926,2176.5,206.735,0.0949850677693544,0.3110047846889952,3.9863499658236505,0.0270757876092887,0.1631184220615005,0.0284479121380154,0.8899521531100478,,,,,,,,,,,,
2026-10-04 02:29,p3,quarterly,soft_max,total,test,1619,1024.0,26.54500000000001,0.0259228515625,0.2557134033353922,4.456670784434836,-0.0868551800891951,0.1369410678897072,0.0584580696231642,0.849289684990735,,,,,,,,,,,,
2026-10-04 02:29,p3,quarterly,soft_max,total,all,4545,3200.5,233.28,0.0728886111545071,0.2913091309130913,4.153885588558857,0.0133969355084239,0.1315613753048768,0.0388183485647758,0.8754675467546754,,,,,,,,,,,,
2026-10-04 14:33,q_ref,quarterly,exec,but,val,33,23.5,3.1724999999999985,0.1349999999999999,0.3939393939393939,3.2256242424242423,-0.3000433441558442,0.6307953340402962,-0.0659054102858999,0.9696969696969696,0.556689738931933,0.5573593101274583,0.6068555524045703,0.6039338001205871,0.0119630620218741,-6.753275000000001,14.19276249999999,1.1225809142183876,-1.5,5.073,0.1177532045358505,24.0
2026-10-04 14:33,q_ref,quarterly,exec,but,test,19,14.0,19.5815,1.3986785714285712,0.3684210526315789,4.695794736842105,-0.3544579192546583,3.854125202839755,0.1188219325088077,0.5789473684210527,0.5579015574437362,0.5593662703245568,0.5946337506309631,0.5879524787692303,0.0113497963566836,-4.4984,58.1413624999999,4.11439345042125,-1.5,4.2570000000000014,0.2644037630868118,18.0
2026-10-04 14:33,q_ref,quarterly,exec,but,all,52,37.5,22.754,0.6067733333333333,0.3846153846153846,3.7628019230769234,-0.0999925906183369,1.6846679593373493,-0.018649578408184,0.8269230769230769,0.5570945797803825,0.5580297896267267,0.6025706670221387,0.5986926654904001,0.0095896326330204,-3.694937500000001,63.91404999999998,2.82047547288529,-1.5,5.073,0.1920817642167591,42.0
2026-10-04 14:33,q_ref,quarterly,exec,ast,val,137,131.0,28.6449,0.2186633587786259,0.4817518248175182,2.5180678832116783,0.0097887469565217,0.4311277681999274,-0.1065405666625358,0.9635036496350364,0.6276762526854567,0.6300469265006733,0.6158799622781208,0.6119762656933161,0.0130658729635441,1.308904999999996,58.054934999999965,1.6921272268816625,-2.7230000000000003,11.984250000000005,0.2351157921301837,72.0
2026-10-04 14:33,q_ref,quarterly,exec,ast,test,19,15.5,-5.5360000000000005,-0.3571612903225806,0.3157894736842105,2.4355894736842107,-0.7703064516129032,0.1632845588235292,-0.1060900996442357,1.0,0.623034254781234,0.6234329300823913,0.6119102197820055,0.6116792268366493,0.0163845610053359,-12.77738125,2.4373812499999907,1.001231460732012,-1.5,8.99725,-0.3252465304930041,17.0
2026-10-04 14:33,q_ref,quarterly,exec,ast,all,156,146.5,23.10889999999999,0.1577399317406142,0.4615384615384615,2.5080224358974355,-0.0358376144311082,0.3488890909698995,-0.1064838853820874,0.967948717948718,0.626063575485429,0.6277491569960542,0.614482697777754,0.6120545160266594,0.0071698041076,-5.131776250000007,52.57630124999999,1.6044403639072744,-2.7230000000000003,15.60875,0.161832479186343,89.0
2026-10-04 14:33,q_ref,quarterly,exec,total,val,170,154.5,31.817399999999992,0.2059378640776698,0.4647058823529412,2.655417058823529,0.0124108981481481,0.3802551567084414,-0.0986117556622166,0.9647058823529412,,,,,,1.8388812499999965,63.45857874999994,1.765266725459804,-2.902,10.65775,0.2281535662149136,79.0
2026-10-04 14:33,q_ref,quarterly,exec,total,test,38,29.5,14.045499999999995,0.4761186440677965,0.3421052631578947,3.5656921052631576,-0.4373546834415584,1.8338128010704715,-0.023622354521453,0.7894736842105263,,,,,,-12.8987625,55.2841625,3.2172882649818493,-1.5,7.2570000000000014,0.1364260329972254,32.0
2026-10-04 14:33,q_ref,quarterly,exec,total,all,208,184.0,45.86289999999998,0.2492548913043477,0.4423076923076923,2.821717307692307,0.021509316327375,0.5211927294077234,-0.0870154565167377,0.9326923076923076,,,,,,3.829547499999992,97.18681124999998,2.2642880647273547,-2.902,10.65775,0.1824764638897792,111.0
2026-10-04 14:33,q_ref,quarterly,soft_median,but,val,184,127.0,9.2,0.0724409448818897,0.3315217391304347,3.5230978260869565,-0.1713588700194853,0.3241543343624459,-0.0142583280721498,0.9402173913043478,0.556689738931933,0.5573593101274583,0.6068555524045703,0.6039338001205871,0.0119630620218741,-21.74575,39.79868749999999,1.8823913099724108,-7.0,17.725,0.0643078997112038,76.0
2026-10-04 14:33,q_ref,quarterly,soft_median,but,test,141,84.5,30.3975,0.3597337278106509,0.2907801418439716,4.300425531914894,-0.044519965820133,0.895622161245071,0.0083966099271283,0.8014184397163121,0.5579015574437362,0.5593662703245568,0.5946337506309631,0.5879524787692303,0.0113497963566836,-3.5880625000000004,76.81049999999998,2.747730869978431,-2.5,12.375,0.1907373219526121,58.0
2026-10-04 14:33,q_ref,quarterly,soft_median,but,all,325,211.5,39.5975,0.1872222222222222,0.3138461538461538,3.8603384615384617,-0.0470158071958595,0.4560566646676341,-0.0053072511703371,0.88,0.5570945797803825,0.5580297896267267,0.6025706670221387,0.5986926654904001,0.0095896326330204,-9.597062499999998,94.557375,2.2965319509786206,-7.0,17.725,0.128673903804108,134.0
2026-10-04 14:33,q_ref,quarterly,soft_median,ast,val,670,622.0,96.66500000000002,0.1554099678456592,0.4477611940298507,2.580544776119403,0.0535093247479624,0.2544161779075827,-0.0605912065446755,0.9791044776119404,0.6276762526854567,0.6300469265006733,0.6158799622781208,0.6119762656933161,0.0130658729635441,32.8535625,158.7423125,2.759892433317551,-4.62,9.814999999999998,0.2519778112657491,139.0
2026-10-04 14:33,q_ref,quarterly,soft_median,ast,test,113,94.5,-12.5,-0.1322751322751322,0.3628318584070796,2.629778761061947,-0.322829865361077,0.0786652588533706,-0.0690003791449545,1.0,0.623034254781234,0.6234329300823913,0.6119102197820055,0.6116792268366493,0.0163845610053359,-30.053562500000005,7.273062499999999,1.331523937452387,-3.0,18.495,-0.177127162321261,53.0
2026-10-04 14:33,q_ref,quarterly,soft_median,ast,all,783,716.5,84.16500000000002,0.117466852756455,0.4355044699872286,2.58765006385696,0.0301093876365183,0.2057444050366171,-0.061826884703104,0.9821200510855684,0.626063575485429,0.6277491569960542,0.614482697777754,0.6120545160266594,0.0071698041076,20.97737500000001,152.77256249999996,2.48199597805776,-4.62,21.029999999999987,0.1766156669371519,192.0
2026-10-04 14:33,q_ref,quarterly,soft_median,total,val,854,749.0,105.865,0.1413417890520694,0.4227166276346604,2.78362412177986,0.05144522413083,0.2235058478566508,-0.0509222222554753,0.9707259953161592,,,,,,37.072,172.69518749999995,2.907763415674755,-5.5,13.619999999999996,0.2528313022813487,144.0
2026-10-04 14:33,q_ref,quarterly,soft_median,total,test,254,179.0,17.8975,0.099986033519553,0.3228346456692913,3.5571850393700792,-0.1250052597433611,0.3822931451612903,-0.030301884608913,0.889763779527559,,,,,,-22.760000000000005,65.51981249999992,2.7986177657567897,-4.025,19.7875,0.0913588752837177,70.0
2026-10-04 14:33,q_ref,quarterly,soft_median,total,all,1108,928.0,123.7625,0.1333647629310345,0.3998194945848375,2.9609566787003607,0.0505695867048557,0.2170408651045158,-0.0465049745700506,0.9521660649819494,,,,,,46.05950000000002,205.7559375,2.874800092273846,-5.5,19.78749999999998,0.201172053947898,214.0
2026-10-04 14:33,q_ref,quarterly,soft_max,but,val,1958,1230.0,68.35,0.0555691056910569,0.2497446373850868,4.645623084780388,-0.0503425492075999,0.1498860691653038,0.0659809050337699,0.8452502553626149,0.556689738931933,0.5573593101274583,0.6068555524045703,0.6039338001205871,0.0119630620218741,-60.647,186.26737499999984,4.971545106259358,-9.2,69.19999999999997,0.0864669241953071,159.0
2026-10-04 14:33,q_ref,quarterly,soft_max,but,test,1414,850.0,40.63999999999999,0.0478117647058823,0.2383309759547383,4.712850070721357,-0.0747751690739577,0.1776729492933536,0.0764276518133699,0.8281471004243282,0.5579015574437362,0.5593662703245568,0.5946337506309631,0.5879524787692303,0.0113497963566836,-65.34850000000002,149.23049999999998,5.991773759293554,-18.925,68.1,0.0807456261276737,84.0
2026-10-04 14:33,q_ref,quarterly,soft_max,but,all,3372,2080.0,108.98999999999998,0.0523990384615384,0.2449584816132858,4.673813760379597,-0.024327819689492,0.1276762785889638,0.0703096879350125,0.8380782918149466,0.5570945797803825,0.5580297896267267,0.6025706670221387,0.5986926654904001,0.0095896326330204,-49.571,266.287875,5.333947635937206,-18.925,69.19999999999997,0.0840875368735619,243.0
2026-10-04 14:33,q_ref,quarterly,soft_max,ast,val,968,946.5,138.38500000000002,0.1462070787110407,0.4349173553719008,2.6528202479338847,0.0582039092664092,0.234552070763591,-0.0370074126696491,0.9803719008264464,0.6276762526854567,0.6300469265006733,0.6158799622781208,0.6119762656933161,0.0130658729635441,55.078500000000005,227.280625,3.629242425462103,-7.0,13.479999999999997,0.2542036487268272,150.0
2026-10-04 14:33,q_ref,quarterly,soft_max,ast,test,205,174.0,-14.095000000000002,-0.0810057471264368,0.375609756097561,2.6896585365853665,-0.2497217626457801,0.0965871039109334,-0.0446908555961046,0.9951219512195122,0.623034254781234,0.6234329300823913,0.6119102197820055,0.6116792268366493,0.0163845610053359,-42.953,16.37574999999997,1.918037693839743,-4.0,21.01,-0.1148227564595511,64.0
2026-10-04 14:33,q_ref,quarterly,soft_max,ast,all,1173,1120.5,124.29,0.1109236947791164,0.4245524296675191,2.6592583120204605,0.031138272138163,0.1926695191278758,-0.0383668422941044,0.9829497016197783,0.626063575485429,0.6277491569960542,0.614482697777754,0.6120545160266594,0.0071698041076,34.203875000000004,221.37699999999992,3.252224998534875,-7.0,26.470000000000056,0.1785837058583007,214.0
2026-10-04 14:33,q_ref,quarterly,soft_max,total,val,2926,2176.5,206.735,0.0949850677693544,0.3110047846889952,3.9863499658236505,0.0270757876092887,0.1631184220615005,0.0284479121380154,0.8899521531100478,,,,,,58.57975000000002,356.827125,5.987405609656981,-11.72,30.635000000000048,0.2158019406462132,160.0
2026-10-04 14:33,q_ref,quarterly,soft_max,total,test,1619,1024.0,26.54500000000001,0.0259228515625,0.2557134033353922,4.456670784434836,-0.0868551800891951,0.1369410678897072,0.0584580696231642,0.849289684990735,,,,,,-85.6805,140.83325,6.47181005045201,-17.7,77.925,0.0482545246557796,85.0
2026-10-04 14:33,q_ref,quarterly,soft_max,total,all,4545,3200.5,233.28,0.0728886111545071,0.2913091309130913,4.153885588558857,0.0133969355084239,0.1315613753048768,0.0388183485647758,0.8754675467546754,,,,,,43.122625000000006,425.611125,6.1642706126799744,-17.7,77.92499999999995,0.1544648710501955,245.0
2026-10-04 14:33,q_ref,quarterly,prod,but,val,33,23.5,3.1724999999999985,0.1349999999999999,0.3939393939393939,3.2256242424242423,-0.3000433441558442,0.6307953340402962,-0.0659054102858999,0.9696969696969696,0.556689738931933,0.5573593101274583,0.6068555524045703,0.6039338001205871,0.0119630620218741,-6.753275000000001,14.19276249999999,1.1225809142183876,-1.5,5.073,0.1177532045358505,24.0
2026-10-04 14:33,q_ref,quarterly,prod,but,test,19,14.0,19.5815,1.3986785714285712,0.3684210526315789,4.695794736842105,-0.3544579192546583,3.854125202839755,0.1188219325088077,0.5789473684210527,0.5579015574437362,0.5593662703245568,0.5946337506309631,0.5879524787692303,0.0113497963566836,-4.4984,58.1413624999999,4.11439345042125,-1.5,4.2570000000000014,0.2644037630868118,18.0
2026-10-04 14:33,q_ref,quarterly,prod,but,all,52,37.5,22.754,0.6067733333333333,0.3846153846153846,3.7628019230769234,-0.0999925906183369,1.6846679593373493,-0.018649578408184,0.8269230769230769,0.5570945797803825,0.5580297896267267,0.6025706670221387,0.5986926654904001,0.0095896326330204,-3.694937500000001,63.91404999999998,2.82047547288529,-1.5,5.073,0.1920817642167591,42.0
2026-10-04 14:33,q_ref,quarterly,prod,ast,val,38,35.5,5.679500000000001,0.1599859154929577,0.5,2.3710263157894733,-0.2593657278165504,0.5543222228443448,-0.158850467558797,1.0,0.6276762526854567,0.6300469265006733,0.6158799622781208,0.6119762656933161,0.0130658729635441,-8.872250000000003,21.3447875,1.4458271733612855,-2.5,7.5665,0.1309400391379696,30.0
2026-10-04 14:33,q_ref,quarterly,prod,ast,test,4,2.5,0.3349999999999999,0.1339999999999999,0.5,2.5515,-1.0,1.6640000000000004,-0.159147369782371,1.0,0.623034254781234,0.6234329300823913,0.6119102197820055,0.6116792268366493,0.0163845610053359,-1.5,2.4960000000000004,0.6726160370771228,-0.5,0.5,0.1660184421886789,3.0
2026-10-04 14:33,q_ref,quarterly,prod,ast,all,42,38.0,6.014500000000001,0.1582763157894737,0.5,2.388214285714286,-0.2384620364450128,0.5121080049261083,-0.1588787439610421,1.0,0.626063575485429,0.6277491569960542,0.614482697777754,0.6120545160266594,0.0071698041076,-8.752312500000002,21.145699999999984,1.3868054462122432,-2.5,7.5665,0.131422598790171,33.0
2026-10-04 14:33,q_ref,quarterly,prod,total,val,71,59.0,8.851999999999999,0.1500338983050847,0.4507042253521127,2.7682338028169013,-0.1575278846153846,0.4644421356421352,-0.1163612985197583,0.9859154929577464,,,,,,-8.72765,29.103437499999963,1.4925539065131883,-2.5,6.739999999999998,0.1347903196687928,44.0
2026-10-04 14:33,q_ref,quarterly,prod,total,test,23,16.5,19.9165,1.2070606060606055,0.391304347826087,4.322873913043479,-0.2848923611111111,3.304637775735289,0.04469678523116,0.6521739130434783,,,,,,-4.501012500000001,58.302949999999925,3.8153325596173375,-1.5,4.2570000000000014,0.2485772202253014,21.0
2026-10-04 14:33,q_ref,quarterly,prod,total,all,94,75.5,28.7685,0.3810397350993377,0.4361702127659574,3.148624468085106,-0.0382111901589416,0.9587179724663384,-0.0879392837401845,0.9042553191489362,,,,,,-3.0180125000000007,72.61044999999991,2.4838985767908586,-2.5,6.739999999999998,0.1781845329063826,65.0
2026-10-04 14:33,q_prod,quarterly,exec,but,val,33,23.5,3.1724999999999985,0.1349999999999999,0.3939393939393939,3.2256242424242423,-0.3000433441558442,0.6307953340402962,-0.0659054102858999,0.9696969696969696,0.5566126485437076,0.5572688812102865,0.6067359960970454,0.6038074481382152,0.0122180823931513,-6.753275000000001,14.19276249999999,1.1225809142183876,-1.5,5.073,0.1177532045358505,24.0
2026-10-04 14:33,q_prod,quarterly,exec,but,test,22,16.5,17.0815,1.035242424242424,0.3181818181818182,4.649368181818182,-0.4756777747844828,3.1584524836601284,0.0858311098505274,0.5909090909090909,0.5590890928628746,0.5603135948210368,0.5935611860037622,0.5876658453582839,0.0111500441466225,-7.3993,56.38979999999997,3.856408613007208,-1.5,4.2570000000000014,0.2109228672400648,21.0
2026-10-04 14:33,q_prod,quarterly,exec,but,all,55,40.0,20.253999999999994,0.5063499999999999,0.3636363636363636,3.795121818181818,-0.2053904459064327,1.47446564102564,-0.0220704155798209,0.8181818181818182,0.5574541564384086,0.5583034897903055,0.6020333659707634,0.5984259573266106,0.009625377703024,-8.323375000000002,59.259775000000005,2.74532456950343,-1.5,5.073,0.1639474231530664,45.0
2026-10-04 14:33,q_prod,quarterly,exec,ast,val,35,34.5,3.984,0.1154782608695652,0.4857142857142857,2.297571428571428,-0.3342454545454545,0.5390107142857141,-0.1575110687316129,1.0,0.6333764352909541,0.636040955620902,0.6228322653989251,0.6168683756487988,0.0246835445486158,-11.026925,19.907412499999992,1.5274544770588676,-2.5,6.84,0.0966022606707569,27.0
2026-10-04 14:33,q_prod,quarterly,exec,ast,test,3,2.0,-0.6679999999999999,-0.3339999999999999,0.3333333333333333,2.4,-1.0,1.6640000000000004,-0.1657605956072639,1.0,0.6329876576802191,0.63210518095446,0.6020485075523969,0.6046019540731586,0.0234584727474806,-3.0,2.4960000000000004,0.946964272469312,-1.0,1.5,-0.2351373469307761,3.0
2026-10-04 14:33,q_prod,quarterly,exec,ast,all,38,36.5,3.316,0.0908493150684931,0.4736842105263157,2.305657894736842,-0.3297849025974026,0.477928707328531,-0.1581623471691643,1.0,0.633239563734918,0.6346553418717333,0.6150663616199141,0.6127011119588002,0.0139421268002563,-11.5104625,19.38887499999999,1.4718578860683558,-2.5,7.508,0.075097830014412,30.0
2026-10-04 14:33,q_prod,quarterly,exec,total,val,68,58.0,7.156500000000001,0.1233879310344827,0.4411764705882353,2.74795,-0.2327254924242424,0.4284821005917159,-0.1137591124590336,0.9852941176470588,,,,,,-12.529637500000002,26.698312499999997,1.5481856712167876,-2.5,6.013499999999999,0.1127440873100312,41.0
2026-10-04 14:33,q_prod,quarterly,exec,total,test,25,18.5,16.4135,0.8872162162162162,0.32,4.379444,-0.4714691891891892,2.8943659930313586,0.0386576650771915,0.64,,,,,,-8.255562499999998,57.65301249999999,3.623888261243975,-1.5,4.2570000000000014,0.1887187970576586,24.0
2026-10-04 14:33,q_prod,quarterly,exec,total,all,93,76.5,23.57,0.3081045751633987,0.4086021505376344,3.1865236559139785,-0.1269923529411764,0.9041223461538456,-0.0843775649821709,0.8924731182795699,,,,,,-9.0947375,69.66741249999993,2.50577961260505,-2.5,7.833999999999999,0.1447116030441334,65.0
2026-10-04 14:33,q_prod,quarterly,soft_median,but,val,184,127.0,9.2,0.0724409448818897,0.3315217391304347,3.5230978260869565,-0.1713588700194853,0.3241543343624459,-0.0142583280721498,0.9402173913043478,0.5566126485437076,0.5572688812102865,0.6067359960970454,0.6038074481382152,0.0122180823931513,-21.74575,39.79868749999999,1.8823913099724108,-7.0,17.725,0.0643078997112038,76.0
2026-10-04 14:33,q_prod,quarterly,soft_median,but,test,154,92.0,24.747499999999995,0.2689945652173912,0.2727272727272727,4.342272727272728,-0.1167507696198872,0.7622076847202289,0.0069081605655061,0.7857142857142857,0.5590890928628746,0.5603135948210368,0.5935611860037622,0.5876658453582839,0.0111500441466225,-11.005812499999998,68.71899999999997,2.675256525688445,-2.5,12.374999999999996,0.1468335677515536,63.0
2026-10-04 14:33,q_prod,quarterly,soft_median,but,all,338,219.0,33.947500000000005,0.1550114155251142,0.3047337278106509,3.896331360946746,-0.0740305874591989,0.4023077908676583,-0.0055469500954274,0.8698224852071006,0.5574541564384086,0.5583034897903055,0.6020333659707634,0.5984259573266106,0.009625377703024,-16.825375,86.6875624999999,2.271487849743574,-7.0,17.725,0.1075183469427787,139.0
2026-10-04 14:33,q_prod,quarterly,soft_median,ast,val,457,460.5,78.005,0.1693919652551574,0.4792122538293216,2.4904266958424506,0.0433220951354922,0.2898642958212624,-0.0608669123598235,0.973741794310722,0.6333764352909541,0.636040955620902,0.6228322653989251,0.6168683756487988,0.0246835445486158,19.392437500000003,138.19824999999992,2.6878175567810336,-5.0,15.952500000000008,0.2198612655855615,132.0
2026-10-04 14:33,q_prod,quarterly,soft_median,ast,test,82,75.0,-9.847499999999998,-0.1312999999999999,0.3658536585365853,2.5438414634146342,-0.3797641129032258,0.1184094087510384,-0.0689632261116301,1.0,0.6329876576802191,0.63210518095446,0.6020485075523969,0.6046019540731586,0.0234584727474806,-28.645562499999997,8.698687499999968,1.433630226034594,-3.0,12.585,-0.1526428010231229,45.0
2026-10-04 14:33,q_prod,quarterly,soft_median,ast,all,539,535.5,68.15750000000001,0.1272782446311858,0.4619666048237477,2.4985528756957325,0.0130387359467265,0.2385318542238693,-0.0621266803439756,0.9777365491651204,0.633239563734918,0.6346553418717333,0.6150663616199141,0.6127011119588002,0.0139421268002563,7.237375000000007,130.51712499999996,2.4527708332841187,-5.0,16.87749999999997,0.1569941293509835,177.0
2026-10-04 14:33,q_prod,quarterly,soft_median,total,val,641,587.5,87.205,0.1484340425531914,0.4368174726989079,2.7868564742589705,0.0401755721759932,0.2593691381222339,-0.047819525496122,0.9641185647425896,,,,,,22.69943750000001,155.69143749999998,2.8143639008516543,-5.5,21.0925,0.2182090660429593,142.0
2026-10-04 14:33,q_prod,quarterly,soft_median,total,test,236,167.0,14.899999999999997,0.0892215568862275,0.3050847457627119,3.71739406779661,-0.1507962219852583,0.3910462965862816,-0.0237393946439774,0.8601694915254238,,,,,,-25.5043125,63.23668749999983,2.661944011959374,-4.0,16.237500000000004,0.0756407161257846,74.0
2026-10-04 14:33,q_prod,quarterly,soft_median,total,all,877,754.5,102.105,0.1353280318091451,0.4013683010262258,3.037263397947549,0.0405680273258304,0.2344126778802469,-0.0418654858335333,0.936145952109464,,,,,,29.537937500000005,181.73562499999983,2.763864366329346,-5.5,21.0925,0.1710316682294838,216.0
2026-10-04 14:33,q_prod,quarterly,soft_max,but,val,2030,1273.0,69.87,0.0548860958366064,0.2522167487684729,4.61264039408867,-0.0398371786965065,0.1527215991439943,0.0634199432425013,0.8472906403940886,0.5566126485437076,0.5572688812102865,0.6067359960970454,0.6038074481382152,0.0122180823931513,-48.94575,198.5605,5.019024887505961,-9.2,62.005,0.0854050968775868,163.0
2026-10-04 14:33,q_prod,quarterly,soft_max,but,test,1466,881.5,30.139999999999983,0.0341917186613726,0.2360163710777626,4.733356070941337,-0.0852874058634827,0.1623662722342462,0.0757995209773214,0.8226466575716235,0.5590890928628746,0.5603135948210368,0.5935611860037622,0.5876658453582839,0.0111500441466225,-76.652125,141.32437499999995,5.85895123750318,-18.925,67.19999999999999,0.0559159280171421,92.0
2026-10-04 14:33,q_prod,quarterly,soft_max,but,all,3496,2154.5,100.01,0.046419122766303,0.2454233409610983,4.663260869565217,-0.0282543930817003,0.1198810345658986,0.068522393942499,0.8369565217391305,0.5574541564384086,0.5583034897903055,0.6020333659707634,0.5984259573266106,0.009625377703024,-61.080500000000015,257.63887499999987,5.326085161765465,-18.925,67.20000000000005,0.0736368395396383,255.0
2026-10-04 14:33,q_prod,quarterly,soft_max,ast,val,676,692.5,119.07,0.171942238267148,0.4659763313609467,2.5674112426035505,0.0674658513886217,0.2842230867505637,-0.0362316224503972,0.977810650887574,0.6333764352909541,0.636040955620902,0.6228322653989251,0.6168683756487988,0.0246835445486158,46.188125,196.50812499999984,3.186653701038886,-5.9,18.110000000000014,0.2576911364813163,145.0
2026-10-04 14:33,q_prod,quarterly,soft_max,ast,test,141,133.5,-12.885000000000002,-0.0965168539325842,0.3971631205673759,2.570780141843972,-0.3108570142122029,0.1032345731617301,-0.0450304241632022,0.9929078014184396,0.6329876576802191,0.63210518095446,0.6020485075523969,0.6046019540731586,0.0234584727474806,-41.25825,13.855749999999995,1.882801563979409,-4.4,17.555000000000003,-0.1200618460827981,57.0
2026-10-04 14:33,q_prod,quarterly,soft_max,ast,all,817,826.0,106.185,0.1285532687651331,0.4541003671970624,2.567992656058752,0.0359737201292184,0.223103154973065,-0.037769490415182,0.9804161566707468,0.633239563734918,0.6346553418717333,0.6150663616199141,0.6127011119588002,0.0139421268002563,29.2525,189.3663749999999,2.913063760292331,-5.9,24.110000000000028,0.1804520463976838,202.0
2026-10-04 14:33,q_prod,quarterly,soft_max,total,val,2706,1965.5,188.94,0.0961282116509793,0.3056171470805617,4.101711012564671,0.0280891334394484,0.1664636405286243,0.0357552288691263,0.8798965262379896,,,,,,52.75974999999999,330.1469999999999,5.46166898221484,-10.72,40.235,0.2046971666208709,169.0
2026-10-04 14:33,q_prod,quarterly,soft_max,total,test,1607,1015.0,17.25499999999999,0.0169999999999999,0.2501555693839452,4.54360920970753,-0.0958376318564284,0.1338738464836081,0.0632317703683517,0.8375855631611698,,,,,,-96.07975,136.67449999999968,6.101365067431079,-18.5,71.82499999999999,0.030409200622824,93.0
2026-10-04 14:33,q_prod,quarterly,soft_max,total,all,4313,2980.5,206.195,0.0691813454118436,0.2849524692789242,4.26635984233712,0.0076412640859139,0.1288702516866961,0.04567833722919,0.8641316948759564,,,,,,22.329624999999982,393.984,5.702866565271193,-18.5,71.82500000000002,0.1380014432717957,262.0
2026-10-04 14:33,q_prod,quarterly,prod,but,val,33,23.5,3.1724999999999985,0.1349999999999999,0.3939393939393939,3.2256242424242423,-0.3000433441558442,0.6307953340402962,-0.0659054102858999,0.9696969696969696,0.5566126485437076,0.5572688812102865,0.6067359960970454,0.6038074481382152,0.0122180823931513,-6.753275000000001,14.19276249999999,1.1225809142183876,-1.5,5.073,0.1177532045358505,24.0
2026-10-04 14:33,q_prod,quarterly,prod,but,test,22,16.5,17.0815,1.035242424242424,0.3181818181818182,4.649368181818182,-0.4756777747844828,3.1584524836601284,0.0858311098505274,0.5909090909090909,0.5590890928628746,0.5603135948210368,0.5935611860037622,0.5876658453582839,0.0111500441466225,-7.3993,56.38979999999997,3.856408613007208,-1.5,4.2570000000000014,0.2109228672400648,21.0
2026-10-04 14:33,q_prod,quarterly,prod,but,all,55,40.0,20.253999999999994,0.5063499999999999,0.3636363636363636,3.795121818181818,-0.2053904459064327,1.47446564102564,-0.0220704155798209,0.8181818181818182,0.5574541564384086,0.5583034897903055,0.6020333659707634,0.5984259573266106,0.009625377703024,-8.323375000000002,59.259775000000005,2.74532456950343,-1.5,5.073,0.1639474231530664,45.0
2026-10-04 14:33,q_prod,quarterly,prod,ast,val,35,34.5,3.984,0.1154782608695652,0.4857142857142857,2.297571428571428,-0.3342454545454545,0.5390107142857141,-0.1575110687316129,1.0,0.6333764352909541,0.636040955620902,0.6228322653989251,0.6168683756487988,0.0246835445486158,-11.026925,19.907412499999992,1.5274544770588676,-2.5,6.84,0.0966022606707569,27.0
2026-10-04 14:33,q_prod,quarterly,prod,ast,test,3,2.0,-0.6679999999999999,-0.3339999999999999,0.3333333333333333,2.4,-1.0,1.6640000000000004,-0.1657605956072639,1.0,0.6329876576802191,0.63210518095446,0.6020485075523969,0.6046019540731586,0.0234584727474806,-3.0,2.4960000000000004,0.946964272469312,-1.0,1.5,-0.2351373469307761,3.0
2026-10-04 14:33,q_prod,quarterly,prod,ast,all,38,36.5,3.316,0.0908493150684931,0.4736842105263157,2.305657894736842,-0.3297849025974026,0.477928707328531,-0.1581623471691643,1.0,0.633239563734918,0.6346553418717333,0.6150663616199141,0.6127011119588002,0.0139421268002563,-11.5104625,19.38887499999999,1.4718578860683558,-2.5,7.508,0.075097830014412,30.0
2026-10-04 14:33,q_prod,quarterly,prod,total,val,68,58.0,7.156500000000001,0.1233879310344827,0.4411764705882353,2.74795,-0.2327254924242424,0.4284821005917159,-0.1137591124590336,0.9852941176470588,,,,,,-12.529637500000002,26.698312499999997,1.5481856712167876,-2.5,6.013499999999999,0.1127440873100312,41.0
2026-10-04 14:33,q_prod,quarterly,prod,total,test,25,18.5,16.4135,0.8872162162162162,0.32,4.379444,-0.4714691891891892,2.8943659930313586,0.0386576650771915,0.64,,,,,,-8.255562499999998,57.65301249999999,3.623888261243975,-1.5,4.2570000000000014,0.1887187970576586,24.0
2026-10-04 14:33,q_prod,quarterly,prod,total,all,93,76.5,23.57,0.3081045751633987,0.4086021505376344,3.1865236559139785,-0.1269923529411764,0.9041223461538456,-0.0843775649821709,0.8924731182795699,,,,,,-9.0947375,69.66741249999993,2.50577961260505,-2.5,7.833999999999999,0.1447116030441334,65.0
2026-10-04 14:40,q_p0,quarterly,exec,but,val,33,23.5,3.1724999999999985,0.13499999999999993,0.3939393939393939,3.2256242424242423,-0.3000433441558442,0.6307953340402962,-0.06590541028589995,0.9696969696969697,0.556689738931933,0.5573593101274583,0.6068555524045703,0.6039338001205871,0.011963062021874131,-6.753275000000001,14.19276249999999,1.1225809142183876,-1.5,5.073,0.11775320453585059,24.0
2026-10-04 14:40,q_p0,quarterly,exec,but,test,19,14.0,19.5815,1.3986785714285712,0.3684210526315789,4.695794736842105,-0.35445791925465836,3.854125202839755,0.11882193250880778,0.5789473684210527,0.5579015574437362,0.5593662703245568,0.5946337506309631,0.5879524787692303,0.011349796356683617,-4.4984,58.1413624999999,4.11439345042125,-1.5,4.2570000000000014,0.26440376308681185,18.0
2026-10-04 14:40,q_p0,quarterly,exec,but,all,52,37.5,22.753999999999998,0.6067733333333333,0.38461538461538464,3.7628019230769234,-0.09999259061833692,1.6846679593373493,-0.018649578408184014,0.8269230769230769,0.5570945797803825,0.5580297896267267,0.6025706670221387,0.5986926654904001,0.009589632633020444,-3.694937500000001,63.91404999999998,2.82047547288529,-1.5,5.073,0.19208176421675918,42.0
2026-10-04 14:40,q_p0,quarterly,exec,ast,val,38,35.5,5.679500000000001,0.15998591549295776,0.5,2.3710263157894733,-0.2593657278165504,0.5543222228443448,-0.15885046755879703,1.0,0.6276762526854567,0.6300469265006733,0.6158799622781208,0.6119762656933161,0.013065872963544148,-8.872250000000003,21.344787500000002,1.4458271733612857,-2.5,7.5665,0.1309400391379696,30.0
2026-10-04 14:40,q_p0,quarterly,exec,ast,test,4,2.5,0.33499999999999996,0.13399999999999998,0.5,2.5515,-1.0,1.6640000000000004,-0.159147369782371,1.0,0.623034254781234,0.6234329300823913,0.6119102197820055,0.6116792268366493,0.016384561005335963,-1.5,2.4960000000000004,0.6726160370771228,-0.5,0.5,0.16601844218867895,3.0
2026-10-04 14:40,q_p0,quarterly,exec,ast,all,42,38.0,6.014500000000001,0.1582763157894737,0.5,2.388214285714286,-0.2384620364450128,0.5121080049261083,-0.15887874396104215,1.0,0.626063575485429,0.6277491569960542,0.614482697777754,0.6120545160266594,0.007169804107600009,-8.752312500000002,21.145699999999984,1.3868054462122432,-2.5,7.5665,0.13142259879017104,33.0
2026-10-04 14:40,q_p0,quarterly,exec,total,val,71,59.0,8.851999999999999,0.15003389830508473,0.4507042253521127,2.7682338028169013,-0.1575278846153846,0.46444213564213527,-0.11636129851975835,0.9859154929577465,,,,,,-8.72765,29.103437499999963,1.4925539065131885,-2.5,6.739999999999998,0.13479031966879282,44.0
2026-10-04 14:40,q_p0,quarterly,exec,total,test,23,16.5,19.916499999999996,1.2070606060606057,0.391304347826087,4.322873913043479,-0.2848923611111111,3.304637775735289,0.044696785231160094,0.6521739130434783,,,,,,-4.501012500000001,58.302949999999925,3.8153325596173375,-1.5,4.2570000000000014,0.2485772202253014,21.0
2026-10-04 14:40,q_p0,quarterly,exec,total,all,94,75.5,28.768499999999996,0.3810397350993377,0.43617021276595747,3.148624468085106,-0.038211190158941664,0.9587179724663384,-0.0879392837401845,0.9042553191489362,,,,,,-3.0180125000000007,72.61044999999991,2.4838985767908586,-2.5,6.739999999999998,0.1781845329063826,65.0
2026-10-04 14:40,q_p0,quarterly,soft_median,but,val,184,127.0,9.2,0.07244094488188976,0.33152173913043476,3.5230978260869565,-0.17135887001948535,0.32415433436244595,-0.014258328072149863,0.9402173913043478,0.556689738931933,0.5573593101274583,0.6068555524045703,0.6039338001205871,0.011963062021874131,-21.74575,39.79868749999999,1.8823913099724108,-7.0,17.725,0.06430789971120383,76.0
2026-10-04 14:40,q_p0,quarterly,soft_median,but,test,141,84.5,30.397499999999997,0.3597337278106509,0.2907801418439716,4.300425531914894,-0.044519965820133046,0.895622161245071,0.00839660992712835,0.8014184397163121,0.5579015574437362,0.5593662703245568,0.5946337506309631,0.5879524787692303,0.011349796356683617,-3.5880625000000004,76.81049999999998,2.747730869978431,-2.5,12.375,0.19073732195261212,58.0
2026-10-04 14:40,q_p0,quarterly,soft_median,but,all,325,211.5,39.597500000000004,0.18722222222222223,0.31384615384615383,3.8603384615384617,-0.047015807195859585,0.45605666466763417,-0.005307251170337142,0.88,0.5570945797803825,0.5580297896267267,0.6025706670221387,0.5986926654904001,0.009589632633020444,-9.597062499999998,94.557375,2.2965319509786206,-7.0,17.725,0.12867390380410806,134.0
2026-10-04 14:40,q_p0,quarterly,soft_median,ast,val,670,622.0,96.66500000000002,0.1554099678456592,0.44776119402985076,2.580544776119403,0.053509324747962494,0.2544161779075827,-0.06059120654467555,0.9791044776119403,0.6276762526854567,0.6300469265006733,0.6158799622781208,0.6119762656933161,0.013065872963544148,32.8535625,158.7423125,2.759892433317551,-4.62,9.814999999999998,0.25197781126574914,139.0
2026-10-04 14:40,q_p0,quarterly,soft_median,ast,test,113,94.5,-12.5,-0.13227513227513227,0.36283185840707965,2.629778761061947,-0.32282986536107705,0.07866525885337061,-0.0690003791449545,1.0,0.623034254781234,0.6234329300823913,0.6119102197820055,0.6116792268366493,0.016384561005335963,-30.053562500000005,7.273062499999999,1.331523937452387,-3.0,18.495,-0.17712716232126102,53.0
2026-10-04 14:40,q_p0,quarterly,soft_median,ast,all,783,716.5,84.16500000000002,0.11746685275645502,0.4355044699872286,2.58765006385696,0.030109387636518364,0.20574440503661715,-0.06182688470310405,0.9821200510855683,0.626063575485429,0.6277491569960542,0.614482697777754,0.6120545160266594,0.007169804107600009,20.97737500000001,152.77256249999996,2.4819959780577596,-4.62,21.029999999999987,0.17661566693715197,192.0
2026-10-04 14:40,q_p0,quarterly,soft_median,total,val,854,749.0,105.86500000000001,0.14134178905206943,0.42271662763466045,2.7836241217798596,0.05144522413083,0.2235058478566508,-0.05092222225547537,0.9707259953161592,,,,,,37.072,172.69518749999995,2.907763415674755,-5.5,13.619999999999997,0.25283130228134876,144.0
2026-10-04 14:40,q_p0,quarterly,soft_median,total,test,254,179.0,17.8975,0.09998603351955308,0.3228346456692913,3.5571850393700792,-0.12500525974336113,0.3822931451612903,-0.030301884608913074,0.889763779527559,,,,,,-22.760000000000005,65.51981249999992,2.7986177657567897,-4.025,19.7875,0.09135887528371779,70.0
2026-10-04 14:40,q_p0,quarterly,soft_median,total,all,1108,928.0,123.7625,0.1333647629310345,0.39981949458483756,2.9609566787003607,0.050569586704855764,0.2170408651045158,-0.04650497457005066,0.9521660649819494,,,,,,46.05950000000002,205.75593750000002,2.874800092273846,-5.5,19.78749999999998,0.20117205394789803,214.0
2026-10-04 14:40,q_p0,quarterly,soft_max,but,val,1958,1230.0,68.35,0.05556910569105691,0.24974463738508682,4.645623084780388,-0.05034254920759991,0.1498860691653038,0.06598090503376991,0.8452502553626149,0.556689738931933,0.5573593101274583,0.6068555524045703,0.6039338001205871,0.011963062021874131,-60.647,186.26737499999984,4.971545106259358,-9.2,69.19999999999997,0.08646692419530715,159.0
2026-10-04 14:40,q_p0,quarterly,soft_max,but,test,1414,850.0,40.639999999999986,0.04781176470588234,0.23833097595473834,4.712850070721357,-0.07477516907395777,0.17767294929335364,0.07642765181336991,0.8281471004243282,0.5579015574437362,0.5593662703245568,0.5946337506309631,0.5879524787692303,0.011349796356683617,-65.34850000000002,149.23049999999998,5.991773759293554,-18.925,68.1,0.08074562612767379,84.0
2026-10-04 14:40,q_p0,quarterly,soft_max,but,all,3372,2080.0,108.98999999999998,0.052399038461538455,0.24495848161328587,4.673813760379597,-0.024327819689492068,0.12767627858896383,0.07030968793501251,0.8380782918149466,0.5570945797803825,0.5580297896267267,0.6025706670221387,0.5986926654904001,0.009589632633020444,-49.571,266.28787499999993,5.333947635937206,-18.925,69.19999999999997,0.08408753687356196,243.0
2026-10-04 14:40,q_p0,quarterly,soft_max,ast,val,968,946.5,138.38500000000002,0.1462070787110407,0.43491735537190085,2.6528202479338847,0.05820390926640927,0.23455207076359108,-0.03700741266964915,0.9803719008264463,0.6276762526854567,0.6300469265006733,0.6158799622781208,0.6119762656933161,0.013065872963544148,55.078500000000005,227.28062500000001,3.629242425462103,-7.0,13.479999999999997,0.2542036487268272,150.0
2026-10-04 14:40,q_p0,quarterly,soft_max,ast,test,205,174.0,-14.095000000000002,-0.0810057471264368,0.375609756097561,2.6896585365853665,-0.24972176264578017,0.09658710391093346,-0.044690855596104646,0.9951219512195122,0.623034254781234,0.6234329300823913,0.6119102197820055,0.6116792268366493,0.016384561005335963,-42.953,16.37574999999997,1.918037693839743,-4.0,21.01,-0.11482275645955119,64.0
2026-10-04 14:40,q_p0,quarterly,soft_max,ast,all,1173,1120.5,124.29,0.11092369477911647,0.42455242966751916,2.6592583120204605,0.03113827213816302,0.1926695191278758,-0.03836684229410442,0.9829497016197783,0.626063575485429,0.6277491569960542,0.614482697777754,0.6120545160266594,0.007169804107600009,34.203875000000004,221.37699999999992,3.252224998534875,-7.0,26.470000000000056,0.1785837058583007,214.0
2026-10-04 14:40,q_p0,quarterly,soft_max,total,val,2926,2176.5,206.735,0.09498506776935448,0.31100478468899523,3.9863499658236505,0.027075787609288766,0.16311842206150054,0.02844791213801542,0.8899521531100478,,,,,,58.57975000000002,356.82712499999997,5.987405609656981,-11.72,30.635000000000048,0.21580194064621325,160.0
2026-10-04 14:40,q_p0,quarterly,soft_max,total,test,1619,1024.0,26.54500000000001,0.02592285156250001,0.2557134033353922,4.456670784434836,-0.08685518008919517,0.13694106788970728,0.05845806962316424,0.849289684990735,,,,,,-85.6805,140.83325,6.47181005045201,-17.7,77.925,0.048254524655779604,85.0
2026-10-04 14:40,q_p0,quarterly,soft_max,total,all,4545,3200.5,233.28,0.07288861115450711,0.2913091309130913,4.153885588558857,0.013396935508423906,0.1315613753048768,0.03881834856477582,0.8754675467546754,,,,,,43.122625000000006,425.61112499999996,6.1642706126799744,-17.7,77.92499999999995,0.15446487105019557,245.0
2026-10-04 14:40,q_p0,quarterly,prod,but,val,33,23.5,3.1724999999999985,0.13499999999999993,0.3939393939393939,3.2256242424242423,-0.3000433441558442,0.6307953340402962,-0.06590541028589995,0.9696969696969697,0.556689738931933,0.5573593101274583,0.6068555524045703,0.6039338001205871,0.011963062021874131,-6.753275000000001,14.19276249999999,1.1225809142183876,-1.5,5.073,0.11775320453585059,24.0
2026-10-04 14:40,q_p0,quarterly,prod,but,test,19,14.0,19.5815,1.3986785714285712,0.3684210526315789,4.695794736842105,-0.35445791925465836,3.854125202839755,0.11882193250880778,0.5789473684210527,0.5579015574437362,0.5593662703245568,0.5946337506309631,0.5879524787692303,0.011349796356683617,-4.4984,58.1413624999999,4.11439345042125,-1.5,4.2570000000000014,0.26440376308681185,18.0
2026-10-04 14:40,q_p0,quarterly,prod,but,all,52,37.5,22.753999999999998,0.6067733333333333,0.38461538461538464,3.7628019230769234,-0.09999259061833692,1.6846679593373493,-0.018649578408184014,0.8269230769230769,0.5570945797803825,0.5580297896267267,0.6025706670221387,0.5986926654904001,0.009589632633020444,-3.694937500000001,63.91404999999998,2.82047547288529,-1.5,5.073,0.19208176421675918,42.0
2026-10-04 14:40,q_p0,quarterly,prod,ast,val,38,35.5,5.679500000000001,0.15998591549295776,0.5,2.3710263157894733,-0.2593657278165504,0.5543222228443448,-0.15885046755879703,1.0,0.6276762526854567,0.6300469265006733,0.6158799622781208,0.6119762656933161,0.013065872963544148,-8.872250000000003,21.344787500000002,1.4458271733612857,-2.5,7.5665,0.1309400391379696,30.0
2026-10-04 14:40,q_p0,quarterly,prod,ast,test,4,2.5,0.33499999999999996,0.13399999999999998,0.5,2.5515,-1.0,1.6640000000000004,-0.159147369782371,1.0,0.623034254781234,0.6234329300823913,0.6119102197820055,0.6116792268366493,0.016384561005335963,-1.5,2.4960000000000004,0.6726160370771228,-0.5,0.5,0.16601844218867895,3.0
2026-10-04 14:40,q_p0,quarterly,prod,ast,all,42,38.0,6.014500000000001,0.1582763157894737,0.5,2.388214285714286,-0.2384620364450128,0.5121080049261083,-0.15887874396104215,1.0,0.626063575485429,0.6277491569960542,0.614482697777754,0.6120545160266594,0.007169804107600009,-8.752312500000002,21.145699999999984,1.3868054462122432,-2.5,7.5665,0.13142259879017104,33.0
2026-10-04 14:40,q_p0,quarterly,prod,total,val,71,59.0,8.851999999999999,0.15003389830508473,0.4507042253521127,2.7682338028169013,-0.1575278846153846,0.46444213564213527,-0.11636129851975835,0.9859154929577465,,,,,,-8.72765,29.103437499999963,1.4925539065131885,-2.5,6.739999999999998,0.13479031966879282,44.0
2026-10-04 14:40,q_p0,quarterly,prod,total,test,23,16.5,19.916499999999996,1.2070606060606057,0.391304347826087,4.322873913043479,-0.2848923611111111,3.304637775735289,0.044696785231160094,0.6521739130434783,,,,,,-4.501012500000001,58.302949999999925,3.8153325596173375,-1.5,4.2570000000000014,0.2485772202253014,21.0
2026-10-04 14:40,q_p0,quarterly,prod,total,all,94,75.5,28.768499999999996,0.3810397350993377,0.43617021276595747,3.148624468085106,-0.038211190158941664,0.9587179724663384,-0.0879392837401845,0.9042553191489362,,,,,,-3.0180125000000007,72.61044999999991,2.4838985767908586,-2.5,6.739999999999998,0.1781845329063826,65.0
